2025-12-05 12:02:17,694 - api.main - INFO - Starting PrivFed API server...
2025-12-05 12:02:17,695 - api.main - INFO - PrivFed service initialized successfully
2025-12-05 12:02:17,695 - api.main - INFO - PrivFed API server started successfully
2025-12-05 12:56:06,389 - api.main - INFO - Starting PrivFed API server...
2025-12-05 12:56:06,392 - api.main - INFO - PrivFed service initialized successfully
2025-12-05 12:56:06,394 - api.main - INFO - PrivFed API server started successfully
2025-12-05 12:58:52,492 - api.main - INFO - Request: GET http://localhost:8000/status
2025-12-05 12:58:52,504 - api.main - INFO - Response: 404 - 0.0130s
2025-12-05 12:59:35,845 - api.main - INFO - Request: GET http://localhost:8000/privacy
2025-12-05 12:59:35,847 - api.main - INFO - Response: 404 - 0.0020s
2025-12-05 12:59:38,393 - api.main - INFO - Request: GET http://localhost:8000/privacy
2025-12-05 12:59:38,394 - api.main - INFO - Response: 404 - 0.0010s
2025-12-05 13:00:08,240 - api.main - INFO - Request: GET http://localhost:8000/
2025-12-05 13:00:08,267 - api.main - INFO - Response: 200 - 0.0270s
2025-12-05 13:00:09,296 - api.main - INFO - Request: GET http://localhost:8000/
2025-12-05 13:00:09,298 - api.main - INFO - Response: 200 - 0.0021s
2025-12-05 13:00:09,650 - api.main - INFO - Request: GET http://localhost:8000/
2025-12-05 13:00:09,652 - api.main - INFO - Response: 200 - 0.0020s
2025-12-05 13:00:35,910 - api.main - INFO - Request: GET http://localhost:8000/docs
2025-12-05 13:00:35,923 - api.main - INFO - Response: 200 - 0.0125s
2025-12-05 13:00:39,065 - api.main - INFO - Request: GET http://localhost:8000/docs
2025-12-05 13:00:39,066 - api.main - INFO - Response: 200 - 0.0020s
2025-12-05 13:00:45,552 - api.main - INFO - Request: GET http://localhost:8000/openapi.json
2025-12-05 13:00:45,709 - api.main - INFO - Response: 200 - 0.1570s
2025-12-05 13:01:50,076 - api.main - INFO - Request: GET http://localhost:8000/docs
2025-12-05 13:01:50,250 - api.main - INFO - Response: 200 - 0.1738s
2025-12-05 13:01:52,132 - api.main - INFO - Request: GET http://localhost:8000/openapi.json
2025-12-05 13:01:52,140 - api.main - INFO - Response: 200 - 0.0080s
2025-12-05 13:05:00,427 - api.main - INFO - Request: GET http://localhost:8000/api/health
2025-12-05 13:05:00,470 - api.main - INFO - Response: 200 - 0.0425s
2025-12-05 13:05:00,572 - api.main - INFO - Request: GET http://localhost:8000/api/dashboard
2025-12-05 13:05:00,575 - api.main - INFO - Response: 404 - 0.0030s
2025-12-05 13:05:26,639 - api.main - INFO - Request: GET http://localhost:8000/api/training/rounds
2025-12-05 13:05:26,641 - api.main - INFO - Response: 404 - 0.0016s
2025-12-05 13:05:26,709 - api.main - INFO - Request: GET http://localhost:8000/api/metrics/global
2025-12-05 13:05:26,743 - api.main - INFO - Response: 200 - 0.0335s
2025-12-08 13:54:01,390 - api.main - INFO - Starting PrivFed API server...
2025-12-08 13:54:01,393 - api.main - INFO - PrivFed service initialized successfully
2025-12-08 13:54:01,395 - api.main - INFO - PrivFed API server started successfully
2025-12-08 14:15:19,218 - api.main - INFO - Starting PrivFed API server...
2025-12-08 14:15:19,221 - api.main - INFO - PrivFed service initialized successfully
2025-12-08 14:15:19,223 - api.main - INFO - PrivFed API server started successfully
2025-12-08 14:27:39,206 - api.main - INFO - Starting PrivFed API server...
2025-12-08 14:27:39,207 - api.main - INFO - PrivFed service initialized successfully
2025-12-08 14:27:39,210 - api.main - INFO - PrivFed API server started successfully
2025-12-08 14:29:46,399 - api.main - INFO - Shutting down PrivFed API server...
2025-12-08 14:30:45,888 - api.main - INFO - Starting PrivFed API server...
2025-12-08 14:30:45,904 - api.main - INFO - PrivFed service initialized successfully
2025-12-08 14:30:45,908 - api.main - INFO - PrivFed API server started successfully
2025-12-08 14:38:37,048 - api.main - INFO - Shutting down PrivFed API server...
2025-12-08 14:39:40,618 - api.main - INFO - Starting PrivFed API server...
2025-12-08 14:39:40,619 - api.main - INFO - PrivFed service initialized successfully
2025-12-08 14:39:40,620 - api.main - INFO - PrivFed API server started successfully
2025-12-08 14:41:52,936 - api.main - INFO - Shutting down PrivFed API server...
2025-12-08 14:42:03,921 - api.main - INFO - Starting PrivFed API server...
2025-12-08 14:42:03,922 - api.main - INFO - PrivFed service initialized successfully
2025-12-08 14:42:03,922 - api.main - INFO - PrivFed API server started successfully
2025-12-08 14:42:31,174 - api.main - INFO - Shutting down PrivFed API server...
2025-12-08 14:44:01,844 - api.main - INFO - Starting PrivFed API server...
2025-12-08 14:44:01,845 - api.main - INFO - PrivFed service initialized successfully
2025-12-08 14:44:01,852 - api.main - INFO - PrivFed API server started successfully
2025-12-08 14:50:49,227 - api.main - INFO - Shutting down PrivFed API server...
2025-12-08 14:53:46,448 - api.main - INFO - Starting PrivFed API server...
2025-12-08 14:53:46,448 - api.main - INFO - PrivFed service initialized successfully
2025-12-08 14:53:46,450 - api.main - INFO - PrivFed API server started successfully
2025-12-08 14:55:03,061 - api.main - INFO - Request: GET http://10.0.2.2:8000/api/health
2025-12-08 14:55:03,122 - api.main - INFO - Response: 200 - 0.0667s
2025-12-08 14:55:03,534 - api.main - INFO - Request: GET http://10.0.2.2:8000/api/dashboard
2025-12-08 14:55:03,539 - api.main - INFO - Response: 404 - 0.0056s
2025-12-08 14:56:26,842 - api.main - INFO - Request: GET http://10.0.2.2:8000/api/training/rounds
2025-12-08 14:56:26,846 - api.main - INFO - Response: 404 - 0.0050s
2025-12-08 14:56:27,058 - api.main - INFO - Request: GET http://10.0.2.2:8000/api/metrics/global
2025-12-08 14:56:27,127 - api.main - INFO - Response: 200 - 0.0694s
2025-12-08 14:59:53,894 - api.main - INFO - Request: GET http://10.0.2.2:8000/api/privacy
2025-12-08 14:59:54,244 - api.main - INFO - Response: 200 - 0.3572s
2025-12-08 15:00:17,484 - api.main - INFO - Request: GET http://10.0.2.2:8000/api/privacy
2025-12-08 15:00:17,495 - api.main - INFO - Response: 200 - 0.0111s
2025-12-08 15:01:04,840 - api.main - INFO - Request: GET http://10.0.2.2:8000/api/metrics/global
2025-12-08 15:01:04,882 - api.main - INFO - Request: GET http://10.0.2.2:8000/api/metrics/banks
2025-12-08 15:01:04,883 - api.main - INFO - Request: GET http://10.0.2.2:8000/api/privacy
2025-12-08 15:01:04,914 - api.main - INFO - Response: 200 - 0.0734s
2025-12-08 15:01:04,922 - api.main - INFO - Response: 200 - 0.0402s
2025-12-08 15:01:04,926 - api.main - INFO - Response: 200 - 0.0423s
2025-12-15 21:17:55,072 - api.main - INFO - Starting PrivFed API server...
2025-12-15 21:17:55,072 - api.main - INFO - PrivFed service initialized successfully
2025-12-15 21:17:55,073 - api.main - INFO - PrivFed API server started successfully
2025-12-15 21:31:38,555 - api.main - INFO - Request: OPTIONS http://localhost:8000/api/status
2025-12-15 21:31:38,604 - api.main - INFO - Response: 200 - 0.0521s
2025-12-15 21:31:38,687 - api.main - INFO - Request: GET http://localhost:8000/api/status
2025-12-15 21:31:38,938 - api.routes - ERROR - Failed to get system status: 1 validation error for SystemStatusResponse
last_update
  Input should be a valid datetime [type=datetime_type, input_value=None, input_type=NoneType]
    For further information visit https://errors.pydantic.dev/2.5/v/datetime_type
2025-12-15 21:31:38,946 - api.main - WARNING - HTTP 500: Failed to retrieve system status
2025-12-15 21:31:38,986 - api.main - ERROR - Unhandled exception: Object of type datetime is not JSON serializable
Traceback (most recent call last):
  File "C:\Users\HP\AppData\Local\Programs\Python\Python311\Lib\site-packages\starlette\middleware\base.py", line 151, in call_next
    message = await recv_stream.receive()
              ^^^^^^^^^^^^^^^^^^^^^^^^^^^
  File "C:\Users\HP\AppData\Local\Programs\Python\Python311\Lib\site-packages\anyio\streams\memory.py", line 98, in receive
    return self.receive_nowait()
           ^^^^^^^^^^^^^^^^^^^^^
  File "C:\Users\HP\AppData\Local\Programs\Python\Python311\Lib\site-packages\anyio\streams\memory.py", line 91, in receive_nowait
    raise EndOfStream
anyio.EndOfStream

During handling of the above exception, another exception occurred:

Traceback (most recent call last):
  File "C:\Users\HP\AppData\Local\Programs\Python\Python311\Lib\site-packages\starlette\middleware\errors.py", line 164, in __call__
    await self.app(scope, receive, _send)
  File "C:\Users\HP\AppData\Local\Programs\Python\Python311\Lib\site-packages\starlette\middleware\base.py", line 184, in __call__
    response = await self.dispatch_func(request, call_next)
               ^^^^^^^^^^^^^^^^^^^^^^^^^^^^^^^^^^^^^^^^^^^^
  File "C:\PriFed\backend\api\main.py", line 124, in log_requests
    response = await call_next(request)
               ^^^^^^^^^^^^^^^^^^^^^^^^
  File "C:\Users\HP\AppData\Local\Programs\Python\Python311\Lib\site-packages\starlette\middleware\base.py", line 159, in call_next
    raise app_exc
  File "C:\Users\HP\AppData\Local\Programs\Python\Python311\Lib\site-packages\starlette\middleware\base.py", line 144, in coro
    await self.app(scope, receive_or_disconnect, send_no_error)
  File "C:\Users\HP\AppData\Local\Programs\Python\Python311\Lib\site-packages\starlette\middleware\cors.py", line 93, in __call__
    await self.simple_response(scope, receive, send, request_headers=headers)
  File "C:\Users\HP\AppData\Local\Programs\Python\Python311\Lib\site-packages\starlette\middleware\cors.py", line 144, in simple_response
    await self.app(scope, receive, send)
  File "C:\Users\HP\AppData\Local\Programs\Python\Python311\Lib\site-packages\starlette\middleware\exceptions.py", line 63, in __call__
    await wrap_app_handling_exceptions(self.app, conn)(scope, receive, send)
  File "C:\Users\HP\AppData\Local\Programs\Python\Python311\Lib\site-packages\starlette\_exception_handler.py", line 53, in wrapped_app
    raise exc
  File "C:\Users\HP\AppData\Local\Programs\Python\Python311\Lib\site-packages\starlette\_exception_handler.py", line 42, in wrapped_app
    await app(scope, receive, sender)
  File "C:\Users\HP\AppData\Local\Programs\Python\Python311\Lib\site-packages\fastapi\middleware\asyncexitstack.py", line 18, in __call__
    await self.app(scope, receive, send)
  File "C:\Users\HP\AppData\Local\Programs\Python\Python311\Lib\site-packages\starlette\routing.py", line 716, in __call__
    await self.middleware_stack(scope, receive, send)
  File "C:\Users\HP\AppData\Local\Programs\Python\Python311\Lib\site-packages\starlette\routing.py", line 736, in app
    await route.handle(scope, receive, send)
  File "C:\Users\HP\AppData\Local\Programs\Python\Python311\Lib\site-packages\starlette\routing.py", line 290, in handle
    await self.app(scope, receive, send)
  File "C:\Users\HP\AppData\Local\Programs\Python\Python311\Lib\site-packages\fastapi\routing.py", line 123, in app
    await wrap_app_handling_exceptions(app, request)(scope, receive, send)
  File "C:\Users\HP\AppData\Local\Programs\Python\Python311\Lib\site-packages\starlette\_exception_handler.py", line 59, in wrapped_app
    response = await handler(conn, exc)
               ^^^^^^^^^^^^^^^^^^^^^^^^
  File "C:\PriFed\backend\api\main.py", line 141, in http_exception_handler
    return JSONResponse(
           ^^^^^^^^^^^^^
  File "C:\Users\HP\AppData\Local\Programs\Python\Python311\Lib\site-packages\starlette\responses.py", line 190, in __init__
    super().__init__(content, status_code, headers, media_type, background)
  File "C:\Users\HP\AppData\Local\Programs\Python\Python311\Lib\site-packages\starlette\responses.py", line 47, in __init__
    self.body = self.render(content)
                ^^^^^^^^^^^^^^^^^^^^
  File "C:\Users\HP\AppData\Local\Programs\Python\Python311\Lib\site-packages\starlette\responses.py", line 193, in render
    return json.dumps(
           ^^^^^^^^^^^
  File "C:\Users\HP\AppData\Local\Programs\Python\Python311\Lib\json\__init__.py", line 238, in dumps
    **kw).encode(obj)
          ^^^^^^^^^^^
  File "C:\Users\HP\AppData\Local\Programs\Python\Python311\Lib\json\encoder.py", line 200, in encode
    chunks = self.iterencode(o, _one_shot=True)
             ^^^^^^^^^^^^^^^^^^^^^^^^^^^^^^^^^^
  File "C:\Users\HP\AppData\Local\Programs\Python\Python311\Lib\json\encoder.py", line 258, in iterencode
    return _iterencode(o, 0)
           ^^^^^^^^^^^^^^^^^
  File "C:\Users\HP\AppData\Local\Programs\Python\Python311\Lib\json\encoder.py", line 180, in default
    raise TypeError(f'Object of type {o.__class__.__name__} '
TypeError: Object of type datetime is not JSON serializable
2025-12-15 21:33:23,883 - api.main - INFO - Request: OPTIONS http://localhost:8000/api/metrics/global
2025-12-15 21:33:23,892 - api.main - INFO - Response: 200 - 0.0120s
2025-12-15 21:33:23,907 - api.main - INFO - Request: GET http://localhost:8000/api/metrics/global
2025-12-15 21:33:24,068 - api.main - INFO - Response: 200 - 0.1610s
2025-12-15 22:07:13,826 - api.main - INFO - Shutting down PrivFed API server...
2025-12-15 22:42:37,955 - api.main - INFO - Starting PrivFed API server...
2025-12-15 22:42:37,955 - api.main - INFO - PrivFed service initialized successfully
2025-12-15 22:42:37,957 - api.main - INFO - PrivFed API server started successfully
2026-02-06 12:10:00,741 - api.main - INFO - Starting PrivFed API server...
2026-02-06 12:10:00,742 - api.main - INFO - PrivFed service initialized successfully
2026-02-06 12:10:00,744 - api.main - INFO - PrivFed API server started successfully
2026-02-06 12:48:01,930 - api.main - INFO - Request: GET http://10.0.2.2:8000/api/health
2026-02-06 12:48:02,047 - api.main - INFO - Request: POST http://10.0.2.2:8000/api/auth/login
2026-02-06 12:48:02,068 - api.main - INFO - Response: 200 - 0.1439s
2026-02-06 12:48:02,107 - api.main - INFO - Response: 404 - 0.0597s
2026-02-06 12:48:52,591 - api.main - INFO - Request: POST http://10.0.2.2:8000/api/auth/login
2026-02-06 12:48:52,609 - api.main - INFO - Response: 404 - 0.0193s
2026-02-13 14:50:37,292 - api.main - INFO - Starting PrivFed API server...
2026-02-13 14:50:37,294 - api.main - INFO - PrivFed service initialized successfully
2026-02-13 14:50:37,297 - api.main - INFO - PrivFed API server started successfully
2026-02-13 15:34:32,431 - api.main - INFO - Request: GET http://10.0.2.2:8000/api/health
2026-02-13 15:34:32,528 - api.main - INFO - Request: POST http://10.0.2.2:8000/api/auth/login
2026-02-13 15:34:32,544 - api.main - INFO - Response: 200 - 0.1188s
2026-02-13 15:34:32,563 - api.main - INFO - Response: 404 - 0.0345s
2026-02-13 15:36:37,555 - api.main - INFO - Request: POST http://10.0.2.2:8000/api/auth/signup
2026-02-13 15:36:37,566 - api.main - INFO - Response: 404 - 0.0125s
2026-02-13 15:36:44,876 - api.main - INFO - Request: POST http://10.0.2.2:8000/api/auth/signup
2026-02-13 15:36:44,879 - api.main - INFO - Response: 404 - 0.0033s
2026-02-13 15:37:26,127 - api.main - INFO - Request: POST http://10.0.2.2:8000/api/auth/signup
2026-02-13 15:37:26,129 - api.main - INFO - Response: 404 - 0.0020s
2026-02-13 15:38:57,445 - api.main - INFO - Shutting down PrivFed API server...
2026-02-22 16:45:19,378 - utils.data_utils - INFO - Configuration loaded successfully from configs/config.yaml
2026-02-22 16:45:19,410 - api.main - INFO - Starting PrivFed API server...
2026-02-22 16:45:19,410 - api.main - INFO - PrivFed service initialized successfully
2026-02-22 16:45:19,412 - api.main - INFO - PrivFed API server started successfully
2026-02-22 16:46:29,163 - api.main - INFO - Request: GET http://localhost:8000/docs
2026-02-22 16:46:29,240 - api.main - INFO - Response: 200 - 0.0783s
2026-02-22 16:46:32,445 - api.main - INFO - Request: GET http://localhost:8000/openapi.json
2026-02-22 16:46:34,889 - api.main - INFO - Response: 200 - 2.4449s
2026-02-22 16:47:37,127 - api.main - INFO - Request: GET http://localhost:8000/api/health
2026-02-22 16:47:37,148 - api.main - INFO - Response: 200 - 0.0210s
2026-02-22 16:47:37,772 - api.main - INFO - Request: GET http://localhost:8000/favicon.ico
2026-02-22 16:47:37,776 - api.main - INFO - Response: 404 - 0.0036s
2026-02-22 16:48:07,008 - api.main - INFO - Request: POST http://localhost:8000/api/fraud/predict
2026-02-22 16:48:08,272 - api.services - ERROR - Failed to load model: 'model_class'
2026-02-22 16:48:08,274 - api.services - ERROR - Failed to predict fraud: Model not available for prediction
2026-02-22 16:48:08,276 - api.routes - ERROR - Failed to predict fraud: Model not available for prediction
2026-02-22 16:48:08,279 - api.main - WARNING - HTTP 500: Failed to predict fraud
2026-02-22 16:48:08,288 - api.main - ERROR - Unhandled exception: Object of type datetime is not JSON serializable
Traceback (most recent call last):
  File "C:\Users\HP\AppData\Local\Programs\Python\Python311\Lib\site-packages\anyio\streams\memory.py", line 98, in receive
    return self.receive_nowait()
           ^^^^^^^^^^^^^^^^^^^^^
  File "C:\Users\HP\AppData\Local\Programs\Python\Python311\Lib\site-packages\anyio\streams\memory.py", line 93, in receive_nowait
    raise WouldBlock
anyio.WouldBlock

During handling of the above exception, another exception occurred:

Traceback (most recent call last):
  File "C:\Users\HP\AppData\Local\Programs\Python\Python311\Lib\site-packages\starlette\middleware\base.py", line 151, in call_next
    message = await recv_stream.receive()
              ^^^^^^^^^^^^^^^^^^^^^^^^^^^
  File "C:\Users\HP\AppData\Local\Programs\Python\Python311\Lib\site-packages\anyio\streams\memory.py", line 118, in receive
    raise EndOfStream
anyio.EndOfStream

During handling of the above exception, another exception occurred:

Traceback (most recent call last):
  File "C:\Users\HP\AppData\Local\Programs\Python\Python311\Lib\site-packages\starlette\middleware\errors.py", line 164, in __call__
    await self.app(scope, receive, _send)
  File "C:\Users\HP\AppData\Local\Programs\Python\Python311\Lib\site-packages\starlette\middleware\base.py", line 184, in __call__
    response = await self.dispatch_func(request, call_next)
               ^^^^^^^^^^^^^^^^^^^^^^^^^^^^^^^^^^^^^^^^^^^^
  File "C:\PriFed\backend\api\main.py", line 124, in log_requests
    response = await call_next(request)
               ^^^^^^^^^^^^^^^^^^^^^^^^
  File "C:\Users\HP\AppData\Local\Programs\Python\Python311\Lib\site-packages\starlette\middleware\base.py", line 159, in call_next
    raise app_exc
  File "C:\Users\HP\AppData\Local\Programs\Python\Python311\Lib\site-packages\starlette\middleware\base.py", line 144, in coro
    await self.app(scope, receive_or_disconnect, send_no_error)
  File "C:\Users\HP\AppData\Local\Programs\Python\Python311\Lib\site-packages\starlette\middleware\cors.py", line 93, in __call__
    await self.simple_response(scope, receive, send, request_headers=headers)
  File "C:\Users\HP\AppData\Local\Programs\Python\Python311\Lib\site-packages\starlette\middleware\cors.py", line 144, in simple_response
    await self.app(scope, receive, send)
  File "C:\Users\HP\AppData\Local\Programs\Python\Python311\Lib\site-packages\starlette\middleware\exceptions.py", line 63, in __call__
    await wrap_app_handling_exceptions(self.app, conn)(scope, receive, send)
  File "C:\Users\HP\AppData\Local\Programs\Python\Python311\Lib\site-packages\starlette\_exception_handler.py", line 53, in wrapped_app
    raise exc
  File "C:\Users\HP\AppData\Local\Programs\Python\Python311\Lib\site-packages\starlette\_exception_handler.py", line 42, in wrapped_app
    await app(scope, receive, sender)
  File "C:\Users\HP\AppData\Local\Programs\Python\Python311\Lib\site-packages\fastapi\middleware\asyncexitstack.py", line 18, in __call__
    await self.app(scope, receive, send)
  File "C:\Users\HP\AppData\Local\Programs\Python\Python311\Lib\site-packages\starlette\routing.py", line 716, in __call__
    await self.middleware_stack(scope, receive, send)
  File "C:\Users\HP\AppData\Local\Programs\Python\Python311\Lib\site-packages\starlette\routing.py", line 736, in app
    await route.handle(scope, receive, send)
  File "C:\Users\HP\AppData\Local\Programs\Python\Python311\Lib\site-packages\starlette\routing.py", line 290, in handle
    await self.app(scope, receive, send)
  File "C:\Users\HP\AppData\Local\Programs\Python\Python311\Lib\site-packages\fastapi\routing.py", line 123, in app
    await wrap_app_handling_exceptions(app, request)(scope, receive, send)
  File "C:\Users\HP\AppData\Local\Programs\Python\Python311\Lib\site-packages\starlette\_exception_handler.py", line 59, in wrapped_app
    response = await handler(conn, exc)
               ^^^^^^^^^^^^^^^^^^^^^^^^
  File "C:\PriFed\backend\api\main.py", line 141, in http_exception_handler
    return JSONResponse(
           ^^^^^^^^^^^^^
  File "C:\Users\HP\AppData\Local\Programs\Python\Python311\Lib\site-packages\starlette\responses.py", line 190, in __init__
    super().__init__(content, status_code, headers, media_type, background)
  File "C:\Users\HP\AppData\Local\Programs\Python\Python311\Lib\site-packages\starlette\responses.py", line 47, in __init__
    self.body = self.render(content)
                ^^^^^^^^^^^^^^^^^^^^
  File "C:\Users\HP\AppData\Local\Programs\Python\Python311\Lib\site-packages\starlette\responses.py", line 193, in render
    return json.dumps(
           ^^^^^^^^^^^
  File "C:\Users\HP\AppData\Local\Programs\Python\Python311\Lib\json\__init__.py", line 238, in dumps
    **kw).encode(obj)
          ^^^^^^^^^^^
  File "C:\Users\HP\AppData\Local\Programs\Python\Python311\Lib\json\encoder.py", line 200, in encode
    chunks = self.iterencode(o, _one_shot=True)
             ^^^^^^^^^^^^^^^^^^^^^^^^^^^^^^^^^^
  File "C:\Users\HP\AppData\Local\Programs\Python\Python311\Lib\json\encoder.py", line 258, in iterencode
    return _iterencode(o, 0)
           ^^^^^^^^^^^^^^^^^
  File "C:\Users\HP\AppData\Local\Programs\Python\Python311\Lib\json\encoder.py", line 180, in default
    raise TypeError(f'Object of type {o.__class__.__name__} '
TypeError: Object of type datetime is not JSON serializable
2026-02-22 16:48:39,622 - api.main - INFO - Request: GET http://localhost:8000/docs
2026-02-22 16:48:39,624 - api.main - INFO - Response: 200 - 0.0016s
2026-02-22 16:48:40,152 - api.main - INFO - Request: GET http://localhost:8000/openapi.json
2026-02-22 16:48:40,158 - api.main - INFO - Response: 200 - 0.0055s
2026-02-22 16:48:51,099 - api.main - INFO - Request: POST http://localhost:8000/api/fraud/predict
2026-02-22 16:48:51,123 - api.services - ERROR - Failed to load model: 'model_class'
2026-02-22 16:48:51,123 - api.services - ERROR - Failed to predict fraud: Model not available for prediction
2026-02-22 16:48:51,124 - api.routes - ERROR - Failed to predict fraud: Model not available for prediction
2026-02-22 16:48:51,130 - api.main - WARNING - HTTP 500: Failed to predict fraud
2026-02-22 16:48:51,132 - api.main - ERROR - Unhandled exception: Object of type datetime is not JSON serializable
Traceback (most recent call last):
  File "C:\Users\HP\AppData\Local\Programs\Python\Python311\Lib\site-packages\anyio\streams\memory.py", line 98, in receive
    return self.receive_nowait()
           ^^^^^^^^^^^^^^^^^^^^^
  File "C:\Users\HP\AppData\Local\Programs\Python\Python311\Lib\site-packages\anyio\streams\memory.py", line 93, in receive_nowait
    raise WouldBlock
anyio.WouldBlock

During handling of the above exception, another exception occurred:

Traceback (most recent call last):
  File "C:\Users\HP\AppData\Local\Programs\Python\Python311\Lib\site-packages\starlette\middleware\base.py", line 151, in call_next
    message = await recv_stream.receive()
              ^^^^^^^^^^^^^^^^^^^^^^^^^^^
  File "C:\Users\HP\AppData\Local\Programs\Python\Python311\Lib\site-packages\anyio\streams\memory.py", line 118, in receive
    raise EndOfStream
anyio.EndOfStream

During handling of the above exception, another exception occurred:

Traceback (most recent call last):
  File "C:\Users\HP\AppData\Local\Programs\Python\Python311\Lib\site-packages\starlette\middleware\errors.py", line 164, in __call__
    await self.app(scope, receive, _send)
  File "C:\Users\HP\AppData\Local\Programs\Python\Python311\Lib\site-packages\starlette\middleware\base.py", line 184, in __call__
    response = await self.dispatch_func(request, call_next)
               ^^^^^^^^^^^^^^^^^^^^^^^^^^^^^^^^^^^^^^^^^^^^
  File "C:\PriFed\backend\api\main.py", line 124, in log_requests
    response = await call_next(request)
               ^^^^^^^^^^^^^^^^^^^^^^^^
  File "C:\Users\HP\AppData\Local\Programs\Python\Python311\Lib\site-packages\starlette\middleware\base.py", line 159, in call_next
    raise app_exc
  File "C:\Users\HP\AppData\Local\Programs\Python\Python311\Lib\site-packages\starlette\middleware\base.py", line 144, in coro
    await self.app(scope, receive_or_disconnect, send_no_error)
  File "C:\Users\HP\AppData\Local\Programs\Python\Python311\Lib\site-packages\starlette\middleware\cors.py", line 93, in __call__
    await self.simple_response(scope, receive, send, request_headers=headers)
  File "C:\Users\HP\AppData\Local\Programs\Python\Python311\Lib\site-packages\starlette\middleware\cors.py", line 144, in simple_response
    await self.app(scope, receive, send)
  File "C:\Users\HP\AppData\Local\Programs\Python\Python311\Lib\site-packages\starlette\middleware\exceptions.py", line 63, in __call__
    await wrap_app_handling_exceptions(self.app, conn)(scope, receive, send)
  File "C:\Users\HP\AppData\Local\Programs\Python\Python311\Lib\site-packages\starlette\_exception_handler.py", line 53, in wrapped_app
    raise exc
  File "C:\Users\HP\AppData\Local\Programs\Python\Python311\Lib\site-packages\starlette\_exception_handler.py", line 42, in wrapped_app
    await app(scope, receive, sender)
  File "C:\Users\HP\AppData\Local\Programs\Python\Python311\Lib\site-packages\fastapi\middleware\asyncexitstack.py", line 18, in __call__
    await self.app(scope, receive, send)
  File "C:\Users\HP\AppData\Local\Programs\Python\Python311\Lib\site-packages\starlette\routing.py", line 716, in __call__
    await self.middleware_stack(scope, receive, send)
  File "C:\Users\HP\AppData\Local\Programs\Python\Python311\Lib\site-packages\starlette\routing.py", line 736, in app
    await route.handle(scope, receive, send)
  File "C:\Users\HP\AppData\Local\Programs\Python\Python311\Lib\site-packages\starlette\routing.py", line 290, in handle
    await self.app(scope, receive, send)
  File "C:\Users\HP\AppData\Local\Programs\Python\Python311\Lib\site-packages\fastapi\routing.py", line 123, in app
    await wrap_app_handling_exceptions(app, request)(scope, receive, send)
  File "C:\Users\HP\AppData\Local\Programs\Python\Python311\Lib\site-packages\starlette\_exception_handler.py", line 59, in wrapped_app
    response = await handler(conn, exc)
               ^^^^^^^^^^^^^^^^^^^^^^^^
  File "C:\PriFed\backend\api\main.py", line 141, in http_exception_handler
    return JSONResponse(
           ^^^^^^^^^^^^^
  File "C:\Users\HP\AppData\Local\Programs\Python\Python311\Lib\site-packages\starlette\responses.py", line 190, in __init__
    super().__init__(content, status_code, headers, media_type, background)
  File "C:\Users\HP\AppData\Local\Programs\Python\Python311\Lib\site-packages\starlette\responses.py", line 47, in __init__
    self.body = self.render(content)
                ^^^^^^^^^^^^^^^^^^^^
  File "C:\Users\HP\AppData\Local\Programs\Python\Python311\Lib\site-packages\starlette\responses.py", line 193, in render
    return json.dumps(
           ^^^^^^^^^^^
  File "C:\Users\HP\AppData\Local\Programs\Python\Python311\Lib\json\__init__.py", line 238, in dumps
    **kw).encode(obj)
          ^^^^^^^^^^^
  File "C:\Users\HP\AppData\Local\Programs\Python\Python311\Lib\json\encoder.py", line 200, in encode
    chunks = self.iterencode(o, _one_shot=True)
             ^^^^^^^^^^^^^^^^^^^^^^^^^^^^^^^^^^
  File "C:\Users\HP\AppData\Local\Programs\Python\Python311\Lib\json\encoder.py", line 258, in iterencode
    return _iterencode(o, 0)
           ^^^^^^^^^^^^^^^^^
  File "C:\Users\HP\AppData\Local\Programs\Python\Python311\Lib\json\encoder.py", line 180, in default
    raise TypeError(f'Object of type {o.__class__.__name__} '
TypeError: Object of type datetime is not JSON serializable
2026-02-22 16:53:48,374 - api.main - INFO - Shutting down PrivFed API server...
2026-02-22 16:54:26,629 - utils.data_utils - INFO - Configuration loaded successfully from configs/config.yaml
2026-02-22 16:54:26,648 - api.main - INFO - Starting PrivFed API server...
2026-02-22 16:54:26,649 - api.main - INFO - PrivFed service initialized successfully
2026-02-22 16:54:26,650 - api.main - INFO - PrivFed API server started successfully
2026-02-22 16:54:48,574 - api.main - INFO - Request: GET http://localhost:8000/docs
2026-02-22 16:54:48,578 - api.main - INFO - Response: 200 - 0.0029s
2026-02-22 16:54:48,840 - api.main - INFO - Request: GET http://localhost:8000/openapi.json
2026-02-22 16:54:48,932 - api.main - INFO - Response: 200 - 0.0920s
2026-02-22 16:55:09,432 - api.main - INFO - Request: POST http://localhost:8000/api/fraud/predict
2026-02-22 16:55:10,204 - utils.model_utils - INFO - Created FraudDetectionMLP with 55169 parameters
2026-02-22 16:55:10,215 - utils.model_utils - INFO - Architecture: 50 -> 256 -> 128 -> 64 -> 1
2026-02-22 16:55:10,332 - utils.model_utils - INFO - Model loaded from models\centralized_baseline.pth (state_dict only, input_dim=50)
2026-02-22 16:55:10,356 - api.services - INFO - Model loaded successfully: centralized_baseline.pth
2026-02-22 16:55:12,018 - api.services - ERROR - Failed to predict fraud: mat1 and mat2 shapes cannot be multiplied (1x432 and 50x256)
2026-02-22 16:55:12,039 - api.routes - ERROR - Failed to predict fraud: mat1 and mat2 shapes cannot be multiplied (1x432 and 50x256)
2026-02-22 16:55:12,043 - api.main - WARNING - HTTP 500: Failed to predict fraud
2026-02-22 16:55:12,054 - api.main - INFO - Response: 500 - 2.6227s
2026-02-22 16:58:23,017 - api.main - INFO - Shutting down PrivFed API server...
2026-02-22 16:58:31,887 - utils.data_utils - INFO - Configuration loaded successfully from configs/config.yaml
2026-02-22 16:58:31,904 - api.main - INFO - Starting PrivFed API server...
2026-02-22 16:58:31,907 - api.main - INFO - PrivFed service initialized successfully
2026-02-22 16:58:31,916 - api.main - INFO - PrivFed API server started successfully
2026-02-22 17:08:25,567 - api.main - INFO - Shutting down PrivFed API server...
2026-02-22 17:08:49,531 - utils.data_utils - INFO - Configuration loaded successfully from configs/config.yaml
2026-02-22 17:08:49,641 - api.main - INFO - Starting PrivFed API server...
2026-02-22 17:08:49,641 - api.main - INFO - PrivFed service initialized successfully
2026-02-22 17:08:49,648 - api.main - INFO - PrivFed API server started successfully
2026-02-22 17:09:21,223 - utils.data_utils - INFO - Configuration loaded successfully from configs/config.yaml
2026-02-22 17:09:21,261 - api.main - INFO - Starting PrivFed API server...
2026-02-22 17:09:21,262 - api.main - INFO - PrivFed service initialized successfully
2026-02-22 17:09:21,266 - api.main - INFO - PrivFed API server started successfully
2026-02-22 17:09:49,375 - api.main - INFO - Shutting down PrivFed API server...
2026-02-22 17:10:40,240 - utils.data_utils - INFO - Configuration loaded successfully from configs/config.yaml
2026-02-22 17:10:40,312 - api.main - INFO - Starting PrivFed API server...
2026-02-22 17:10:40,313 - api.main - INFO - PrivFed service initialized successfully
2026-02-22 17:10:40,315 - api.main - INFO - PrivFed API server started successfully
2026-02-22 17:12:31,091 - utils.data_utils - INFO - Configuration loaded successfully from configs/config.yaml
2026-02-22 17:12:31,126 - api.main - INFO - Starting PrivFed API server...
2026-02-22 17:12:31,127 - api.main - INFO - PrivFed service initialized successfully
2026-02-22 17:12:31,130 - api.main - INFO - PrivFed API server started successfully
2026-02-22 17:12:51,863 - utils.data_utils - INFO - Configuration loaded successfully from configs/config.yaml
2026-02-22 17:12:51,891 - api.main - INFO - Starting PrivFed API server...
2026-02-22 17:12:51,891 - api.main - INFO - PrivFed service initialized successfully
2026-02-22 17:12:51,893 - api.main - INFO - PrivFed API server started successfully
2026-02-22 19:16:59,846 - api.main - INFO - Shutting down PrivFed API server...
2026-02-22 19:22:55,625 - utils.data_utils - INFO - Configuration loaded successfully from configs/config.yaml
2026-02-22 19:22:55,646 - api.main - INFO - Starting PrivFed API server...
2026-02-22 19:22:55,647 - api.main - INFO - PrivFed service initialized successfully
2026-02-22 19:22:55,648 - api.main - INFO - PrivFed API server started successfully
2026-02-22 19:23:08,506 - api.main - INFO - Request: GET http://localhost:8000/docs
2026-02-22 19:23:08,507 - api.main - INFO - Response: 200 - 0.0010s
2026-02-22 19:23:10,125 - api.main - INFO - Request: GET http://localhost:8000/openapi.json
2026-02-22 19:23:10,168 - api.main - INFO - Response: 200 - 0.0426s
2026-02-22 19:24:31,741 - api.main - INFO - Request: POST http://localhost:8000/api/fraud/predict
2026-02-22 19:24:31,875 - utils.model_utils - INFO - Created FraudDetectionMLP with 55169 parameters
2026-02-22 19:24:31,875 - utils.model_utils - INFO - Architecture: 50 -> 256 -> 128 -> 64 -> 1
2026-02-22 19:24:31,886 - utils.model_utils - INFO - Model loaded from models\global_champion.pth (state_dict only, input_dim=50)
2026-02-22 19:24:31,888 - api.services - INFO - Model Router: loaded config_5_global_champion from global_champion.pth (key=config_5_global)
2026-02-22 19:24:31,959 - api.main - INFO - Response: 200 - 0.2181s
2026-02-22 19:28:30,112 - api.main - INFO - Request: POST http://localhost:8000/api/fraud/predict
2026-02-22 19:28:30,149 - utils.model_utils - INFO - Created FraudDetectionMLP with 55169 parameters
2026-02-22 19:28:30,151 - utils.model_utils - INFO - Architecture: 50 -> 256 -> 128 -> 64 -> 1
2026-02-22 19:28:30,155 - utils.model_utils - INFO - Model loaded from models\private_dp_champion.pth (state_dict only, input_dim=50)
2026-02-22 19:28:30,156 - api.services - INFO - Model Router: loaded config_4_dp from private_dp_champion.pth (key=config_4_private)
2026-02-22 19:28:30,164 - api.main - INFO - Response: 200 - 0.0524s
2026-02-22 19:29:04,782 - api.main - INFO - Request: POST http://localhost:8000/api/fraud/predict
2026-02-22 19:29:04,797 - utils.model_utils - INFO - Created FraudDetectionMLP with 55169 parameters
2026-02-22 19:29:04,798 - utils.model_utils - INFO - Architecture: 50 -> 256 -> 128 -> 64 -> 1
2026-02-22 19:29:04,799 - utils.model_utils - INFO - Model loaded from models\bank_c_specialist.pth (state_dict only, input_dim=50)
2026-02-22 19:29:04,800 - api.services - INFO - Model Router: loaded config_8_bank_c_specialist from bank_c_specialist.pth (key=config_8_specialist)
2026-02-22 19:29:04,808 - api.main - INFO - Response: 200 - 0.0258s
2026-02-22 19:46:41,463 - api.main - INFO - Request: GET http://localhost:8000/api
2026-02-22 19:46:41,529 - api.main - INFO - Response: 404 - 0.0681s
2026-02-22 20:27:36,553 - api.main - INFO - Shutting down PrivFed API server...
2026-02-24 18:46:15,824 - utils.data_utils - INFO - Configuration loaded successfully from configs/config.yaml
2026-02-24 18:46:15,902 - api.main - INFO - Starting PrivFed API server...
2026-02-24 18:46:15,903 - api.main - INFO - PrivFed service initialized successfully
2026-02-24 18:46:15,906 - api.main - INFO - PrivFed API server started successfully
2026-02-24 19:16:29,362 - utils.data_utils - INFO - Configuration loaded successfully from configs/config.yaml
2026-02-24 19:16:30,306 - api.main - INFO - Starting PrivFed API server...
2026-02-24 19:16:30,307 - api.main - INFO - PrivFed service initialized successfully
2026-02-24 19:16:30,382 - api.main - INFO - PrivFed API server started successfully
2026-02-24 20:54:37,384 - utils.data_utils - INFO - Configuration loaded successfully from configs/config.yaml
2026-02-24 20:54:37,436 - api.main - INFO - Starting PrivFed API server...
2026-02-24 20:54:37,437 - api.main - INFO - PrivFed service initialized successfully
2026-02-24 20:54:37,440 - api.main - INFO - PrivFed API server started successfully
2026-02-24 22:13:16,444 - api.main - INFO - Request: GET http://10.0.2.2:8000/api/health
2026-02-24 22:13:16,601 - api.main - INFO - Response: 200 - 0.1776s
2026-02-24 22:51:52,785 - api.main - INFO - Request: GET http://10.0.2.2:8000/api/health
2026-02-24 22:51:52,901 - api.main - INFO - Response: 200 - 0.1224s
2026-02-24 23:38:57,549 - api.main - INFO - Request: OPTIONS http://localhost:8000/api/health
2026-02-24 23:38:57,910 - api.main - INFO - Response: 200 - 0.4193s
2026-02-24 23:46:33,697 - api.main - INFO - Shutting down PrivFed API server...
2026-02-24 23:47:14,150 - utils.data_utils - INFO - Configuration loaded successfully from configs/config.yaml
2026-02-24 23:47:14,203 - api.main - INFO - Starting PrivFed API server...
2026-02-24 23:47:14,204 - api.main - INFO - PrivFed service initialized successfully
2026-02-24 23:47:14,206 - api.main - INFO - PrivFed API server started successfully
2026-02-24 23:48:26,186 - api.main - INFO - Request: OPTIONS http://localhost:8000/api/health
2026-02-24 23:48:26,191 - api.main - INFO - Response: 200 - 0.0060s
2026-02-24 23:48:26,203 - api.main - INFO - Request: GET http://localhost:8000/api/health
2026-02-24 23:48:26,223 - api.main - INFO - Response: 200 - 0.0196s
2026-02-24 23:51:02,588 - api.main - INFO - Shutting down PrivFed API server...
2026-02-24 23:51:26,226 - utils.data_utils - INFO - Configuration loaded successfully from configs/config.yaml
2026-02-24 23:51:26,270 - api.main - INFO - Starting PrivFed API server...
2026-02-24 23:51:26,271 - api.main - INFO - PrivFed service initialized successfully
2026-02-24 23:51:26,274 - api.main - INFO - PrivFed API server started successfully
2026-02-24 23:51:46,520 - utils.data_utils - INFO - Configuration loaded successfully from configs/config.yaml
2026-02-24 23:51:46,571 - api.main - INFO - Starting PrivFed API server...
2026-02-24 23:51:46,571 - api.main - INFO - PrivFed service initialized successfully
2026-02-24 23:51:46,573 - api.main - INFO - PrivFed API server started successfully
2026-02-24 23:53:13,810 - api.main - INFO - Request: OPTIONS http://localhost:8000/api/health
2026-02-24 23:53:13,826 - api.main - INFO - Response: 200 - 0.0180s
2026-02-24 23:53:13,837 - api.main - INFO - Request: GET http://localhost:8000/api/health
2026-02-24 23:53:13,862 - api.main - INFO - Response: 200 - 0.0248s
2026-02-24 23:54:32,187 - api.main - INFO - Request: OPTIONS http://localhost:8000/api/fraud/predict
2026-02-24 23:54:32,234 - api.main - INFO - Response: 200 - 0.0572s
2026-02-24 23:54:33,221 - api.main - INFO - Request: POST http://localhost:8000/api/fraud/predict
2026-02-24 23:54:40,819 - utils.model_utils - INFO - Created FraudDetectionMLP with 55169 parameters
2026-02-24 23:54:40,820 - utils.model_utils - INFO - Architecture: 50 -> 256 -> 128 -> 64 -> 1
2026-02-24 23:54:40,860 - utils.model_utils - INFO - Model loaded from models\global_champion.pth (state_dict only, input_dim=50)
2026-02-24 23:54:40,866 - api.services - INFO - Model Router: loaded config_5_global_champion from global_champion.pth (key=config_5_global)
2026-02-24 23:54:41,041 - api.main - INFO - Response: 200 - 7.8199s
2026-02-24 23:55:21,867 - api.main - INFO - Request: OPTIONS http://localhost:8000/api/health
2026-02-24 23:55:21,880 - api.main - INFO - Response: 200 - 0.0130s
2026-02-24 23:55:22,183 - api.main - INFO - Request: GET http://localhost:8000/api/health
2026-02-24 23:55:22,205 - api.main - INFO - Response: 200 - 0.0213s
2026-02-24 23:55:47,409 - api.main - INFO - Request: POST http://localhost:8000/api/fraud/predict
2026-02-24 23:55:47,955 - utils.model_utils - INFO - Created FraudDetectionMLP with 55169 parameters
2026-02-24 23:55:47,962 - utils.model_utils - INFO - Architecture: 50 -> 256 -> 128 -> 64 -> 1
2026-02-24 23:55:47,975 - utils.model_utils - INFO - Model loaded from models\private_dp_champion.pth (state_dict only, input_dim=50)
2026-02-24 23:55:47,981 - api.services - INFO - Model Router: loaded config_4_dp from private_dp_champion.pth (key=config_4_private)
2026-02-24 23:55:48,010 - api.main - INFO - Response: 200 - 0.6009s
2026-02-24 23:55:57,991 - api.main - INFO - Request: POST http://localhost:8000/api/fraud/predict
2026-02-24 23:55:58,676 - api.main - INFO - Response: 200 - 0.6838s
2026-02-24 23:56:12,356 - api.main - INFO - Request: POST http://localhost:8000/api/fraud/predict
2026-02-24 23:56:14,102 - api.main - INFO - Response: 200 - 1.7461s
2026-02-25 00:55:59,416 - api.main - INFO - Shutting down PrivFed API server...
2026-02-25 01:00:38,033 - utils.data_utils - INFO - Configuration loaded successfully from configs/config.yaml
2026-02-25 01:00:38,084 - api.main - INFO - Starting PrivFed API server...
2026-02-25 01:00:38,085 - api.main - INFO - PrivFed service initialized successfully
2026-02-25 01:00:38,087 - api.main - INFO - PrivFed API server started successfully
2026-02-25 01:04:15,726 - api.main - INFO - Request: OPTIONS http://localhost:8000/api/health
2026-02-25 01:04:16,003 - api.main - INFO - Response: 200 - 0.3227s
2026-02-25 01:04:16,164 - api.main - INFO - Request: GET http://localhost:8000/api/health
2026-02-25 01:04:16,285 - api.main - INFO - Response: 200 - 0.1219s
2026-02-25 01:06:36,418 - api.main - INFO - Shutting down PrivFed API server...
2026-02-25 01:07:00,531 - utils.data_utils - INFO - Configuration loaded successfully from configs/config.yaml
2026-02-25 01:07:00,549 - api.main - INFO - Starting PrivFed API server...
2026-02-25 01:07:00,550 - api.main - INFO - PrivFed service initialized successfully
2026-02-25 01:07:00,551 - api.main - INFO - PrivFed API server started successfully
2026-02-25 01:08:16,531 - api.main - INFO - Request: OPTIONS http://localhost:8000/api/health
2026-02-25 01:08:16,549 - api.main - INFO - Response: 200 - 0.0221s
2026-02-25 01:08:16,573 - api.main - INFO - Request: GET http://localhost:8000/api/health
2026-02-25 01:08:16,613 - api.main - INFO - Response: 200 - 0.0388s
2026-02-25 01:08:17,743 - api.main - INFO - Request: OPTIONS http://localhost:8000/api/metrics/banks
2026-02-25 01:08:17,745 - api.main - INFO - Response: 200 - 0.0020s
2026-02-25 01:08:17,751 - api.main - INFO - Request: GET http://localhost:8000/api/metrics/banks
2026-02-25 01:08:17,762 - api.main - INFO - Response: 200 - 0.0111s
2026-02-25 01:08:41,290 - api.main - INFO - Request: GET http://localhost:8000/api/metrics/banks
2026-02-25 01:08:41,293 - api.main - INFO - Response: 200 - 0.0021s
2026-02-25 01:09:14,088 - api.main - INFO - Request: GET http://localhost:8000/api/metrics/banks
2026-02-25 01:09:14,093 - api.main - INFO - Response: 200 - 0.0047s
2026-02-25 01:09:25,700 - api.main - INFO - Request: GET http://localhost:8000/api/metrics/banks
2026-02-25 01:09:25,702 - api.main - INFO - Response: 200 - 0.0020s
2026-02-25 01:09:30,349 - api.main - INFO - Request: GET http://localhost:8000/api/metrics/banks
2026-02-25 01:09:30,352 - api.main - INFO - Response: 200 - 0.0027s
2026-02-25 01:09:59,306 - api.main - INFO - Request: GET http://localhost:8000/api/metrics/banks
2026-02-25 01:09:59,310 - api.main - INFO - Response: 200 - 0.0040s
2026-02-25 01:10:04,973 - api.main - INFO - Request: GET http://localhost:8000/api/metrics/banks
2026-02-25 01:10:04,975 - api.main - INFO - Response: 200 - 0.0010s
2026-02-25 01:10:33,188 - api.main - INFO - Request: OPTIONS http://localhost:8000/api/fraud/predict
2026-02-25 01:10:33,189 - api.main - INFO - Response: 200 - 0.0010s
2026-02-25 01:10:33,196 - api.main - INFO - Request: POST http://localhost:8000/api/fraud/predict
2026-02-25 01:10:33,773 - utils.model_utils - INFO - Created FraudDetectionMLP with 55169 parameters
2026-02-25 01:10:33,774 - utils.model_utils - INFO - Architecture: 50 -> 256 -> 128 -> 64 -> 1
2026-02-25 01:10:33,814 - utils.model_utils - INFO - Model loaded from models\global_champion.pth (state_dict only, input_dim=50)
2026-02-25 01:10:33,825 - api.services - INFO - Model Router: loaded config_5_global_champion from global_champion.pth (key=config_5_global)
2026-02-25 01:10:33,982 - api.main - INFO - Response: 200 - 0.7858s
2026-02-25 01:10:53,987 - api.main - INFO - Request: POST http://localhost:8000/api/fraud/predict
2026-02-25 01:10:54,010 - api.main - INFO - Response: 200 - 0.0229s
2026-02-25 01:11:22,970 - api.main - INFO - Request: GET http://localhost:8000/api/metrics/banks
2026-02-25 01:11:22,973 - api.main - INFO - Response: 200 - 0.0030s
2026-02-25 01:11:25,465 - api.main - INFO - Request: OPTIONS http://localhost:8000/api/rounds?limit=100&offset=0
2026-02-25 01:11:25,468 - api.main - INFO - Request: OPTIONS http://localhost:8000/api/dataset/info
2026-02-25 01:11:25,468 - api.main - INFO - Response: 200 - 0.0030s
2026-02-25 01:11:25,470 - api.main - INFO - Response: 200 - 0.0020s
2026-02-25 01:11:25,474 - api.main - INFO - Request: GET http://localhost:8000/api/metrics/banks
2026-02-25 01:11:25,477 - api.main - INFO - Request: GET http://localhost:8000/api/rounds?limit=100&offset=0
2026-02-25 01:11:25,500 - api.main - INFO - Response: 200 - 0.0262s
2026-02-25 01:11:25,502 - api.main - INFO - Response: 200 - 0.0251s
2026-02-25 01:11:25,504 - api.main - INFO - Request: GET http://localhost:8000/api/dataset/info
2026-02-25 01:11:25,621 - utils.data_utils - INFO - Configuration loaded successfully from configs/config.yaml
2026-02-25 01:11:25,631 - api.main - INFO - Response: 200 - 0.1278s
2026-02-25 01:11:57,746 - api.main - INFO - Request: GET http://localhost:8000/api/metrics/banks
2026-02-25 01:11:57,751 - api.main - INFO - Response: 200 - 0.0050s
2026-02-25 01:12:03,048 - api.main - INFO - Request: GET http://localhost:8000/api/metrics/banks
2026-02-25 01:12:03,053 - api.main - INFO - Response: 200 - 0.0045s
2026-02-25 01:12:07,748 - api.main - INFO - Request: GET http://localhost:8000/api/metrics/banks
2026-02-25 01:12:07,753 - api.main - INFO - Response: 200 - 0.0050s
2026-02-25 01:12:12,315 - api.main - INFO - Request: GET http://localhost:8000/api/metrics/banks
2026-02-25 01:12:12,319 - api.main - INFO - Response: 200 - 0.0040s
2026-02-25 01:12:15,469 - api.main - INFO - Request: GET http://localhost:8000/api/rounds?limit=100&offset=0
2026-02-25 01:12:15,471 - api.main - INFO - Response: 200 - 0.0020s
2026-02-25 01:12:15,477 - api.main - INFO - Request: GET http://localhost:8000/api/metrics/banks
2026-02-25 01:12:15,479 - api.main - INFO - Request: GET http://localhost:8000/api/dataset/info
2026-02-25 01:12:15,638 - utils.data_utils - INFO - Configuration loaded successfully from configs/config.yaml
2026-02-25 01:12:15,640 - api.main - INFO - Response: 200 - 0.1647s
2026-02-25 01:12:15,642 - api.main - INFO - Response: 200 - 0.1636s
2026-02-25 01:12:19,188 - api.main - INFO - Request: GET http://localhost:8000/api/metrics/banks
2026-02-25 01:12:19,191 - api.main - INFO - Response: 200 - 0.0040s
2026-02-25 01:12:28,199 - api.main - INFO - Request: GET http://localhost:8000/api/metrics/banks
2026-02-25 01:12:28,201 - api.main - INFO - Response: 200 - 0.0020s
2026-02-25 01:12:33,908 - api.main - INFO - Request: GET http://localhost:8000/api/metrics/banks
2026-02-25 01:12:33,913 - api.main - INFO - Response: 200 - 0.0050s
2026-02-25 01:14:57,684 - api.main - INFO - Request: GET http://localhost:8000/api/metrics/banks
2026-02-25 01:14:57,768 - api.main - INFO - Response: 200 - 0.0883s
2026-02-25 01:15:38,274 - api.main - INFO - Request: GET http://localhost:8000/api/metrics/banks
2026-02-25 01:15:38,277 - api.main - INFO - Response: 200 - 0.0020s
2026-02-25 01:15:41,083 - api.main - INFO - Request: GET http://localhost:8000/api/rounds?limit=100&offset=0
2026-02-25 01:15:41,100 - api.main - INFO - Response: 200 - 0.0185s
2026-02-25 01:15:41,105 - api.main - INFO - Request: GET http://localhost:8000/api/metrics/banks
2026-02-25 01:15:41,109 - api.main - INFO - Response: 200 - 0.0050s
2026-02-25 01:15:41,116 - api.main - INFO - Request: GET http://localhost:8000/api/dataset/info
2026-02-25 01:15:41,351 - utils.data_utils - INFO - Configuration loaded successfully from configs/config.yaml
2026-02-25 01:15:41,366 - api.main - INFO - Response: 200 - 0.2485s
2026-02-25 01:15:52,664 - api.main - INFO - Request: GET http://localhost:8000/api/metrics/banks
2026-02-25 01:15:52,667 - api.main - INFO - Request: GET http://localhost:8000/api/dataset/info
2026-02-25 01:15:52,682 - utils.data_utils - INFO - Configuration loaded successfully from configs/config.yaml
2026-02-25 01:15:52,693 - api.main - INFO - Response: 200 - 0.0294s
2026-02-25 01:15:52,697 - api.main - INFO - Response: 200 - 0.0301s
2026-02-25 01:15:53,063 - api.main - INFO - Request: GET http://localhost:8000/api/metrics/banks
2026-02-25 01:15:53,067 - api.main - INFO - Request: GET http://localhost:8000/api/dataset/info
2026-02-25 01:15:53,080 - utils.data_utils - INFO - Configuration loaded successfully from configs/config.yaml
2026-02-25 01:15:53,083 - api.main - INFO - Response: 200 - 0.0200s
2026-02-25 01:15:53,087 - api.main - INFO - Response: 200 - 0.0204s
2026-02-25 01:15:53,494 - api.main - INFO - Request: GET http://localhost:8000/api/metrics/banks
2026-02-25 01:15:53,499 - api.main - INFO - Request: GET http://localhost:8000/api/dataset/info
2026-02-25 01:15:53,512 - utils.data_utils - INFO - Configuration loaded successfully from configs/config.yaml
2026-02-25 01:15:53,516 - api.main - INFO - Response: 200 - 0.0214s
2026-02-25 01:15:53,521 - api.main - INFO - Response: 200 - 0.0219s
2026-02-25 01:15:55,097 - api.main - INFO - Request: GET http://localhost:8000/api/metrics/banks
2026-02-25 01:15:55,103 - api.main - INFO - Request: GET http://localhost:8000/api/dataset/info
2026-02-25 01:15:55,115 - utils.data_utils - INFO - Configuration loaded successfully from configs/config.yaml
2026-02-25 01:15:55,119 - api.main - INFO - Response: 200 - 0.0221s
2026-02-25 01:15:55,121 - api.main - INFO - Response: 200 - 0.0181s
2026-02-25 01:15:55,543 - api.main - INFO - Request: GET http://localhost:8000/api/metrics/banks
2026-02-25 01:15:55,546 - api.main - INFO - Request: GET http://localhost:8000/api/dataset/info
2026-02-25 01:15:55,565 - utils.data_utils - INFO - Configuration loaded successfully from configs/config.yaml
2026-02-25 01:15:55,567 - api.main - INFO - Response: 200 - 0.0240s
2026-02-25 01:15:55,571 - api.main - INFO - Response: 200 - 0.0250s
2026-02-25 01:15:55,909 - api.main - INFO - Request: GET http://localhost:8000/api/metrics/banks
2026-02-25 01:15:55,910 - api.main - INFO - Request: GET http://localhost:8000/api/dataset/info
2026-02-25 01:15:55,922 - utils.data_utils - INFO - Configuration loaded successfully from configs/config.yaml
2026-02-25 01:15:55,923 - api.main - INFO - Response: 200 - 0.0144s
2026-02-25 01:15:55,925 - api.main - INFO - Response: 200 - 0.0149s
2026-02-25 01:17:14,146 - api.main - INFO - Request: GET http://localhost:8000/api/dataset/info
2026-02-25 01:17:14,152 - api.main - INFO - Request: GET http://localhost:8000/api/metrics/banks
2026-02-25 01:17:14,174 - utils.data_utils - INFO - Configuration loaded successfully from configs/config.yaml
2026-02-25 01:17:14,183 - api.main - INFO - Response: 200 - 0.0357s
2026-02-25 01:17:14,187 - api.main - INFO - Response: 200 - 0.0350s
2026-02-25 01:17:30,732 - api.main - INFO - Request: GET http://localhost:8000/api/metrics/banks
2026-02-25 01:17:30,738 - api.main - INFO - Response: 200 - 0.0071s
2026-02-25 01:17:30,743 - api.main - INFO - Request: GET http://localhost:8000/api/dataset/info
2026-02-25 01:17:30,765 - utils.data_utils - INFO - Configuration loaded successfully from configs/config.yaml
2026-02-25 01:17:30,768 - api.main - INFO - Response: 200 - 0.0249s
2026-02-25 01:17:30,921 - api.main - INFO - Request: GET http://localhost:8000/api/metrics/banks
2026-02-25 01:17:30,922 - api.main - INFO - Response: 200 - 0.0010s
2026-02-25 01:17:30,943 - api.main - INFO - Request: GET http://localhost:8000/api/dataset/info
2026-02-25 01:17:30,973 - utils.data_utils - INFO - Configuration loaded successfully from configs/config.yaml
2026-02-25 01:17:30,975 - api.main - INFO - Response: 200 - 0.0311s
2026-02-25 01:17:33,386 - api.main - INFO - Request: GET http://localhost:8000/api/metrics/banks
2026-02-25 01:17:33,391 - api.main - INFO - Response: 200 - 0.0050s
2026-02-25 01:17:43,080 - api.main - INFO - Request: POST http://localhost:8000/api/fraud/predict
2026-02-25 01:17:43,350 - api.main - INFO - Response: 200 - 0.2713s
2026-02-25 01:18:27,545 - api.main - INFO - Request: OPTIONS http://localhost:8000/api/metrics/banks
2026-02-25 01:18:27,549 - api.main - INFO - Response: 200 - 0.0046s
2026-02-25 01:18:27,564 - api.main - INFO - Request: GET http://localhost:8000/api/metrics/banks
2026-02-25 01:18:27,568 - api.main - INFO - Response: 200 - 0.0035s
2026-02-25 01:19:12,161 - api.main - INFO - Request: GET http://localhost:8000/api/metrics/banks
2026-02-25 01:19:12,206 - api.main - INFO - Response: 200 - 0.0455s
2026-02-25 01:19:15,598 - api.main - INFO - Request: GET http://localhost:8000/api/rounds?limit=100&offset=0
2026-02-25 01:19:15,612 - api.main - INFO - Response: 200 - 0.0142s
2026-02-25 01:19:15,619 - api.main - INFO - Request: GET http://localhost:8000/api/metrics/banks
2026-02-25 01:19:15,622 - api.main - INFO - Response: 200 - 0.0035s
2026-02-25 01:19:15,628 - api.main - INFO - Request: GET http://localhost:8000/api/dataset/info
2026-02-25 01:19:15,676 - utils.data_utils - INFO - Configuration loaded successfully from configs/config.yaml
2026-02-25 01:19:15,686 - api.main - INFO - Response: 200 - 0.0568s
2026-02-25 01:19:21,071 - api.main - INFO - Request: GET http://localhost:8000/api/metrics/banks
2026-02-25 01:19:21,155 - api.main - INFO - Request: GET http://localhost:8000/api/dataset/info
2026-02-25 01:19:21,164 - utils.data_utils - INFO - Configuration loaded successfully from configs/config.yaml
2026-02-25 01:19:21,222 - api.main - INFO - Response: 200 - 0.1510s
2026-02-25 01:19:21,225 - api.main - INFO - Response: 200 - 0.0706s
2026-02-25 01:20:00,105 - api.main - INFO - Request: GET http://localhost:8000/api/metrics/banks
2026-02-25 01:20:00,106 - api.main - INFO - Response: 200 - 0.0010s
2026-02-25 01:20:05,200 - api.main - INFO - Request: GET http://localhost:8000/api/metrics/banks
2026-02-25 01:20:05,201 - api.main - INFO - Response: 200 - 0.0010s
2026-02-25 01:21:34,034 - api.main - INFO - Request: GET http://localhost:8000/api/metrics/banks
2026-02-25 01:21:34,036 - api.main - INFO - Response: 200 - 0.0030s
2026-02-25 01:22:16,012 - api.main - INFO - Request: GET http://localhost:8000/api/metrics/banks
2026-02-25 01:22:16,018 - api.main - INFO - Response: 200 - 0.0060s
2026-02-25 01:22:27,521 - api.main - INFO - Request: GET http://localhost:8000/api/metrics/banks
2026-02-25 01:22:27,523 - api.main - INFO - Response: 200 - 0.0020s
2026-02-25 01:22:32,671 - api.main - INFO - Request: GET http://localhost:8000/api/metrics/banks
2026-02-25 01:22:32,674 - api.main - INFO - Response: 200 - 0.0031s
2026-02-25 01:22:40,689 - api.main - INFO - Request: GET http://localhost:8000/api/metrics/banks
2026-02-25 01:22:40,691 - api.main - INFO - Response: 200 - 0.0020s
2026-02-25 01:23:12,033 - api.main - INFO - Request: GET http://localhost:8000/api/metrics/banks
2026-02-25 01:23:12,036 - api.main - INFO - Response: 200 - 0.0039s
2026-02-25 01:23:14,011 - api.main - INFO - Request: OPTIONS http://localhost:8000/api/rounds?limit=100&offset=0
2026-02-25 01:23:14,018 - api.main - INFO - Response: 200 - 0.0060s
2026-02-25 01:23:14,033 - api.main - INFO - Request: OPTIONS http://localhost:8000/api/dataset/info
2026-02-25 01:23:14,036 - api.main - INFO - Response: 200 - 0.0024s
2026-02-25 01:23:14,049 - api.main - INFO - Request: GET http://localhost:8000/api/metrics/banks
2026-02-25 01:23:14,055 - api.main - INFO - Response: 200 - 0.0050s
2026-02-25 01:23:14,072 - api.main - INFO - Request: GET http://localhost:8000/api/rounds?limit=100&offset=0
2026-02-25 01:23:14,089 - api.main - INFO - Response: 200 - 0.0165s
2026-02-25 01:23:14,092 - api.main - INFO - Request: GET http://localhost:8000/api/dataset/info
2026-02-25 01:23:14,225 - utils.data_utils - INFO - Configuration loaded successfully from configs/config.yaml
2026-02-25 01:23:14,260 - api.main - INFO - Response: 200 - 0.1680s
2026-02-25 01:25:53,874 - api.main - INFO - Request: GET http://localhost:8000/api/metrics/banks
2026-02-25 01:25:53,892 - api.main - INFO - Response: 200 - 0.0181s
2026-02-25 01:26:00,243 - api.main - INFO - Request: OPTIONS http://localhost:8000/api/fraud/predict
2026-02-25 01:26:00,244 - api.main - INFO - Response: 200 - 0.0010s
2026-02-25 01:26:00,255 - api.main - INFO - Request: POST http://localhost:8000/api/fraud/predict
2026-02-25 01:26:00,441 - api.main - INFO - Response: 200 - 0.1860s
2026-02-25 01:27:02,742 - api.main - INFO - Request: GET http://localhost:8000/api/metrics/banks
2026-02-25 01:27:02,744 - api.main - INFO - Response: 200 - 0.0020s
2026-02-25 01:27:06,753 - api.main - INFO - Request: GET http://localhost:8000/api/metrics/banks
2026-02-25 01:27:06,755 - api.main - INFO - Response: 200 - 0.0021s
2026-02-25 01:27:10,619 - api.main - INFO - Request: GET http://localhost:8000/api/rounds?limit=100&offset=0
2026-02-25 01:27:10,625 - api.main - INFO - Response: 200 - 0.0065s
2026-02-25 01:27:10,627 - api.main - INFO - Request: GET http://localhost:8000/api/metrics/banks
2026-02-25 01:27:10,635 - api.main - INFO - Request: GET http://localhost:8000/api/dataset/info
2026-02-25 01:27:10,693 - utils.data_utils - INFO - Configuration loaded successfully from configs/config.yaml
2026-02-25 01:27:10,697 - api.main - INFO - Response: 200 - 0.0700s
2026-02-25 01:27:10,701 - api.main - INFO - Response: 200 - 0.0670s
2026-02-25 01:46:06,835 - api.main - INFO - Shutting down PrivFed API server...
2026-02-25 01:46:52,463 - utils.data_utils - INFO - Configuration loaded successfully from configs/config.yaml
2026-02-25 01:46:52,491 - api.main - INFO - Starting PrivFed API server...
2026-02-25 01:46:52,492 - api.main - INFO - PrivFed service initialized successfully
2026-02-25 01:46:52,493 - api.main - INFO - PrivFed API server started successfully
2026-02-25 01:50:05,384 - api.main - INFO - Request: OPTIONS http://localhost:8000/api/health
2026-02-25 01:50:05,420 - api.main - INFO - Response: 200 - 0.0432s
2026-02-25 01:50:05,460 - api.main - INFO - Request: GET http://localhost:8000/api/health
2026-02-25 01:50:05,539 - api.main - INFO - Response: 200 - 0.0799s
2026-02-25 01:50:07,200 - api.main - INFO - Request: OPTIONS http://localhost:8000/api/metrics/banks
2026-02-25 01:50:07,202 - api.main - INFO - Response: 200 - 0.0020s
2026-02-25 01:50:07,208 - api.main - INFO - Request: GET http://localhost:8000/api/metrics/banks
2026-02-25 01:50:16,356 - api.main - INFO - Response: 200 - 9.1484s
2026-02-25 01:50:16,437 - api.main - INFO - Request: OPTIONS http://localhost:8000/api/rounds?limit=100&offset=0
2026-02-25 01:50:16,438 - api.main - INFO - Response: 200 - 0.0010s
2026-02-25 01:50:16,442 - api.main - INFO - Request: GET http://localhost:8000/api/metrics/banks
2026-02-25 01:50:16,448 - api.main - INFO - Response: 200 - 0.0060s
2026-02-25 01:50:16,454 - api.main - INFO - Request: OPTIONS http://localhost:8000/api/dataset/info
2026-02-25 01:50:16,455 - api.main - INFO - Response: 200 - 0.0010s
2026-02-25 01:50:16,459 - api.main - INFO - Request: GET http://localhost:8000/api/rounds?limit=100&offset=0
2026-02-25 01:50:16,498 - api.main - INFO - Response: 200 - 0.0383s
2026-02-25 01:50:16,504 - api.main - INFO - Request: GET http://localhost:8000/api/dataset/info
2026-02-25 01:50:16,516 - utils.data_utils - INFO - Configuration loaded successfully from configs/config.yaml
2026-02-25 01:50:16,520 - api.main - INFO - Response: 200 - 0.0160s
2026-02-25 01:50:16,695 - api.main - INFO - Request: GET http://localhost:8000/api/metrics/banks
2026-02-25 01:50:16,701 - api.main - INFO - Response: 200 - 0.0060s
2026-02-25 01:50:16,704 - api.main - INFO - Request: GET http://localhost:8000/api/dataset/info
2026-02-25 01:50:16,712 - utils.data_utils - INFO - Configuration loaded successfully from configs/config.yaml
2026-02-25 01:50:16,714 - api.main - INFO - Response: 200 - 0.0100s
2026-02-25 01:50:47,584 - api.main - INFO - Request: GET http://localhost:8000/api/metrics/banks
2026-02-25 01:50:47,590 - api.main - INFO - Request: GET http://localhost:8000/api/dataset/info
2026-02-25 01:50:47,599 - utils.data_utils - INFO - Configuration loaded successfully from configs/config.yaml
2026-02-25 01:50:47,600 - api.main - INFO - Response: 200 - 0.0155s
2026-02-25 01:50:47,602 - api.main - INFO - Response: 200 - 0.0115s
2026-02-25 01:50:47,744 - api.main - INFO - Request: GET http://localhost:8000/api/metrics/banks
2026-02-25 01:50:47,751 - api.main - INFO - Request: GET http://localhost:8000/api/dataset/info
2026-02-25 01:50:47,763 - utils.data_utils - INFO - Configuration loaded successfully from configs/config.yaml
2026-02-25 01:50:47,767 - api.main - INFO - Response: 200 - 0.0230s
2026-02-25 01:50:47,769 - api.main - INFO - Response: 200 - 0.0177s
2026-02-25 01:51:33,487 - api.main - INFO - Request: GET http://localhost:8000/api/dataset/info
2026-02-25 01:51:33,489 - api.main - INFO - Request: GET http://localhost:8000/api/metrics/banks
2026-02-25 01:51:33,538 - utils.data_utils - INFO - Configuration loaded successfully from configs/config.yaml
2026-02-25 01:51:33,573 - api.main - INFO - Response: 200 - 0.0861s
2026-02-25 01:51:33,575 - api.main - INFO - Response: 200 - 0.0866s
2026-02-25 01:59:34,067 - api.main - INFO - Request: OPTIONS http://localhost:8000/api/health
2026-02-25 01:59:34,154 - api.main - INFO - Response: 200 - 0.0956s
2026-02-25 01:59:34,364 - api.main - INFO - Request: GET http://localhost:8000/api/health
2026-02-25 01:59:34,675 - api.main - INFO - Response: 200 - 0.3109s
2026-02-25 01:59:36,640 - api.main - INFO - Request: GET http://localhost:8000/api/metrics/banks
2026-02-25 01:59:36,809 - api.main - INFO - Response: 200 - 0.1681s
2026-02-25 01:59:36,814 - api.main - INFO - Request: GET http://localhost:8000/api/dataset/info
2026-02-25 01:59:36,873 - utils.data_utils - INFO - Configuration loaded successfully from configs/config.yaml
2026-02-25 01:59:36,882 - api.main - INFO - Response: 200 - 0.0687s
2026-02-25 01:59:42,091 - api.main - INFO - Shutting down PrivFed API server...
2026-02-25 02:00:06,132 - utils.data_utils - INFO - Configuration loaded successfully from configs/config.yaml
2026-02-25 02:00:06,161 - api.main - INFO - Starting PrivFed API server...
2026-02-25 02:00:06,162 - api.main - INFO - PrivFed service initialized successfully
2026-02-25 02:00:06,164 - api.main - INFO - PrivFed API server started successfully
2026-02-25 02:00:09,695 - api.main - INFO - Request: OPTIONS http://localhost:8000/api/metrics/banks
2026-02-25 02:00:09,697 - api.main - INFO - Response: 200 - 0.0020s
2026-02-25 02:00:09,703 - api.main - INFO - Request: GET http://localhost:8000/api/metrics/banks
2026-02-25 02:00:13,631 - api.main - INFO - Response: 200 - 3.9285s
2026-02-25 13:02:45,427 - utils.data_utils - INFO - Configuration loaded successfully from configs/config.yaml
2026-02-25 13:02:45,463 - api.main - INFO - Starting PrivFed API server...
2026-02-25 13:02:45,463 - api.main - INFO - PrivFed service initialized successfully
2026-02-25 13:02:45,466 - api.main - INFO - PrivFed API server started successfully
2026-02-25 13:03:50,402 - api.main - INFO - Request: OPTIONS http://localhost:8000/api/health
2026-02-25 13:03:50,618 - api.main - INFO - Response: 200 - 0.2175s
2026-02-25 13:03:50,829 - api.main - INFO - Request: GET http://localhost:8000/api/health
2026-02-25 13:03:52,885 - api.main - INFO - Response: 200 - 2.0555s
2026-02-25 13:04:30,003 - api.main - INFO - Request: OPTIONS http://localhost:8000/api/metrics/banks
2026-02-25 13:04:30,006 - api.main - INFO - Response: 200 - 0.0027s
2026-02-25 13:04:30,013 - api.main - INFO - Request: GET http://localhost:8000/api/metrics/banks
2026-02-25 13:04:39,573 - api.main - INFO - Response: 200 - 9.5605s
2026-02-25 13:04:48,576 - api.main - INFO - Request: GET http://localhost:8000/api/metrics/banks
2026-02-25 13:04:48,587 - api.main - INFO - Response: 200 - 0.0110s
2026-02-25 13:04:54,409 - api.main - INFO - Request: GET http://localhost:8000/api/metrics/banks
2026-02-25 13:04:54,419 - api.main - INFO - Response: 200 - 0.0104s
2026-02-25 13:05:15,803 - api.main - INFO - Request: GET http://localhost:8000/api/metrics/banks
2026-02-25 13:05:15,809 - api.main - INFO - Response: 200 - 0.0061s
2026-02-25 13:05:24,805 - api.main - INFO - Request: GET http://localhost:8000/api/metrics/banks
2026-02-25 13:05:24,816 - api.main - INFO - Response: 200 - 0.0110s
2026-02-25 13:05:29,088 - api.main - INFO - Request: OPTIONS http://localhost:8000/api/rounds?limit=100&offset=0
2026-02-25 13:05:29,089 - api.main - INFO - Response: 200 - 0.0010s
2026-02-25 13:05:29,093 - api.main - INFO - Request: GET http://localhost:8000/api/metrics/banks
2026-02-25 13:05:29,098 - api.main - INFO - Response: 200 - 0.0050s
2026-02-25 13:05:29,101 - api.main - INFO - Request: OPTIONS http://localhost:8000/api/dataset/info
2026-02-25 13:05:29,103 - api.main - INFO - Response: 200 - 0.0020s
2026-02-25 13:05:29,106 - api.main - INFO - Request: GET http://localhost:8000/api/rounds?limit=100&offset=0
2026-02-25 13:05:29,144 - api.main - INFO - Response: 200 - 0.0385s
2026-02-25 13:05:29,150 - api.main - INFO - Request: GET http://localhost:8000/api/dataset/info
2026-02-25 13:05:29,165 - utils.data_utils - INFO - Configuration loaded successfully from configs/config.yaml
2026-02-25 13:05:29,166 - api.main - INFO - Response: 200 - 0.0160s
2026-02-25 13:05:29,315 - api.main - INFO - Request: GET http://localhost:8000/api/metrics/banks
2026-02-25 13:05:29,320 - api.main - INFO - Response: 200 - 0.0049s
2026-02-25 13:05:29,323 - api.main - INFO - Request: GET http://localhost:8000/api/dataset/info
2026-02-25 13:05:29,333 - utils.data_utils - INFO - Configuration loaded successfully from configs/config.yaml
2026-02-25 13:05:29,338 - api.main - INFO - Response: 200 - 0.0155s
2026-02-25 13:06:16,898 - api.main - INFO - Request: GET http://localhost:8000/api/metrics/banks
2026-02-25 13:06:16,905 - api.main - INFO - Response: 200 - 0.0070s
2026-02-25 13:06:44,711 - api.main - INFO - Request: GET http://localhost:8000/api/metrics/banks
2026-02-25 13:06:44,719 - api.main - INFO - Response: 200 - 0.0080s
2026-02-25 13:08:14,299 - api.main - INFO - Request: OPTIONS http://localhost:8000/api/health
2026-02-25 13:08:14,299 - api.main - INFO - Response: 200 - 0.0005s
2026-02-25 13:08:14,302 - api.main - INFO - Request: GET http://localhost:8000/api/health
2026-02-25 13:08:14,308 - api.main - INFO - Response: 200 - 0.0060s
2026-02-25 13:08:14,767 - api.main - INFO - Request: GET http://localhost:8000/api/metrics/banks
2026-02-25 13:08:14,778 - api.main - INFO - Response: 200 - 0.0110s
2026-02-25 13:13:00,618 - api.main - INFO - Request: GET http://localhost:8000/api/metrics/banks
2026-02-25 13:13:00,694 - api.main - INFO - Response: 200 - 0.0770s
2026-02-25 13:17:09,516 - api.main - INFO - Request: GET http://localhost:8000/api/health
2026-02-25 13:17:09,530 - api.main - INFO - Response: 200 - 0.0140s
2026-02-25 13:17:10,406 - api.main - INFO - Request: OPTIONS http://localhost:8000/api/metrics/banks
2026-02-25 13:17:10,411 - api.main - INFO - Response: 200 - 0.0050s
2026-02-25 13:17:10,414 - api.main - INFO - Request: GET http://localhost:8000/api/metrics/banks
2026-02-25 13:17:10,430 - api.main - INFO - Response: 200 - 0.0165s
2026-02-25 13:25:06,895 - api.main - INFO - Request: OPTIONS http://localhost:8000/api/health
2026-02-25 13:25:06,970 - api.main - INFO - Response: 200 - 0.0834s
2026-02-25 13:25:07,035 - api.main - INFO - Request: GET http://localhost:8000/api/health
2026-02-25 13:25:07,132 - api.main - INFO - Response: 200 - 0.0972s
2026-02-25 13:25:44,931 - api.main - INFO - Request: OPTIONS http://localhost:8000/api/metrics/banks
2026-02-25 13:25:44,932 - api.main - INFO - Response: 200 - 0.0010s
2026-02-25 13:25:44,936 - api.main - INFO - Request: GET http://localhost:8000/api/metrics/banks
2026-02-25 13:25:45,006 - api.main - INFO - Response: 200 - 0.0703s
2026-02-25 13:30:45,223 - api.main - INFO - Request: OPTIONS http://localhost:8000/api/health
2026-02-25 13:30:45,240 - api.main - INFO - Response: 200 - 0.0200s
2026-02-25 13:30:45,253 - api.main - INFO - Request: GET http://localhost:8000/api/health
2026-02-25 13:30:45,280 - api.main - INFO - Response: 200 - 0.0270s
2026-02-25 13:31:44,947 - api.main - INFO - Request: GET http://localhost:8000/api/metrics/banks
2026-02-25 13:31:45,037 - api.main - INFO - Response: 200 - 0.0899s
2026-02-25 13:31:55,529 - api.main - INFO - Request: GET http://localhost:8000/api/metrics/banks
2026-02-25 13:31:55,540 - api.main - INFO - Response: 200 - 0.0103s
2026-02-25 13:32:00,177 - api.main - INFO - Request: GET http://localhost:8000/api/metrics/banks
2026-02-25 13:32:00,193 - api.main - INFO - Response: 200 - 0.0161s
2026-02-25 13:32:05,477 - api.main - INFO - Request: GET http://localhost:8000/api/metrics/banks
2026-02-25 13:32:05,492 - api.main - INFO - Response: 200 - 0.0149s
2026-02-25 13:33:46,007 - api.main - INFO - Request: OPTIONS http://localhost:8000/api/health
2026-02-25 13:33:46,019 - api.main - INFO - Response: 200 - 0.0135s
2026-02-25 13:33:46,031 - api.main - INFO - Request: GET http://localhost:8000/api/health
2026-02-25 13:33:46,053 - api.main - INFO - Response: 200 - 0.0213s
2026-02-25 13:33:47,864 - api.main - INFO - Request: OPTIONS http://localhost:8000/api/metrics/banks
2026-02-25 13:33:47,867 - api.main - INFO - Response: 200 - 0.0025s
2026-02-25 13:33:47,873 - api.main - INFO - Request: GET http://localhost:8000/api/metrics/banks
2026-02-25 13:33:47,904 - api.main - INFO - Response: 200 - 0.0311s
2026-02-25 13:35:12,865 - api.main - INFO - Request: GET http://localhost:8000/api/metrics/banks
2026-02-25 13:35:12,998 - api.main - INFO - Response: 200 - 0.1381s
2026-02-25 13:38:31,764 - api.main - INFO - Request: OPTIONS http://localhost:8000/api/health
2026-02-25 13:38:31,781 - api.main - INFO - Response: 200 - 0.0183s
2026-02-25 13:38:31,792 - api.main - INFO - Request: GET http://localhost:8000/api/health
2026-02-25 13:38:31,817 - api.main - INFO - Response: 200 - 0.0239s
2026-02-25 13:39:32,018 - api.main - INFO - Request: GET http://localhost:8000/api/metrics/banks
2026-02-25 13:39:32,148 - api.main - INFO - Response: 200 - 0.1292s
2026-02-25 13:42:48,063 - api.main - INFO - Request: GET http://localhost:8000/api/metrics/banks
2026-02-25 13:42:48,152 - api.main - INFO - Response: 200 - 0.0904s
2026-02-25 13:42:52,987 - api.main - INFO - Request: GET http://localhost:8000/api/metrics/banks
2026-02-25 13:42:53,011 - api.main - INFO - Response: 200 - 0.0235s
2026-02-25 13:42:59,601 - api.main - INFO - Request: GET http://localhost:8000/api/metrics/banks
2026-02-25 13:42:59,617 - api.main - INFO - Response: 200 - 0.0165s
2026-02-25 13:43:04,939 - api.main - INFO - Request: GET http://localhost:8000/api/metrics/banks
2026-02-25 13:43:04,953 - api.main - INFO - Response: 200 - 0.0143s
2026-02-25 13:43:08,042 - api.main - INFO - Request: GET http://localhost:8000/api/metrics/banks
2026-02-25 13:43:08,054 - api.main - INFO - Response: 200 - 0.0124s
2026-02-25 13:43:12,961 - api.main - INFO - Request: GET http://localhost:8000/api/metrics/banks
2026-02-25 13:43:12,974 - api.main - INFO - Response: 200 - 0.0125s
2026-02-25 13:43:24,907 - api.main - INFO - Request: OPTIONS http://localhost:8000/api/rounds?limit=100&offset=0
2026-02-25 13:43:24,912 - api.main - INFO - Response: 200 - 0.0055s
2026-02-25 13:43:24,931 - api.main - INFO - Request: GET http://localhost:8000/api/rounds?limit=100&offset=0
2026-02-25 13:43:25,096 - api.main - INFO - Response: 200 - 0.1652s
2026-02-25 13:43:25,125 - api.main - INFO - Request: OPTIONS http://localhost:8000/api/dataset/info
2026-02-25 13:43:25,131 - api.main - INFO - Response: 200 - 0.0065s
2026-02-25 13:43:25,164 - api.main - INFO - Request: GET http://localhost:8000/api/metrics/banks
2026-02-25 13:43:25,174 - api.main - INFO - Response: 200 - 0.0101s
2026-02-25 13:43:25,188 - api.main - INFO - Request: GET http://localhost:8000/api/dataset/info
2026-02-25 13:43:25,264 - utils.data_utils - INFO - Configuration loaded successfully from configs/config.yaml
2026-02-25 13:43:25,287 - api.main - INFO - Response: 200 - 0.0997s
2026-02-25 13:43:25,776 - api.main - INFO - Request: GET http://localhost:8000/api/metrics/banks
2026-02-25 13:43:25,791 - api.main - INFO - Request: GET http://localhost:8000/api/dataset/info
2026-02-25 13:43:25,810 - utils.data_utils - INFO - Configuration loaded successfully from configs/config.yaml
2026-02-25 13:43:25,815 - api.main - INFO - Response: 200 - 0.0387s
2026-02-25 13:43:25,824 - api.main - INFO - Response: 200 - 0.0326s
2026-02-25 13:43:31,350 - api.main - INFO - Request: GET http://localhost:8000/api/metrics/banks
2026-02-25 13:43:31,364 - api.main - INFO - Response: 200 - 0.0137s
2026-02-25 13:49:15,769 - api.main - INFO - Shutting down PrivFed API server...
2026-02-25 13:57:45,868 - utils.data_utils - INFO - Configuration loaded successfully from configs/config.yaml
2026-02-25 13:57:45,881 - api.main - INFO - Starting PrivFed API server...
2026-02-25 13:57:45,881 - api.main - INFO - PrivFed service initialized successfully
2026-02-25 13:57:45,882 - api.main - INFO - PrivFed API server started successfully
2026-02-25 14:00:05,696 - api.main - INFO - Request: OPTIONS http://localhost:8000/api/health
2026-02-25 14:00:05,743 - api.main - INFO - Response: 200 - 0.0564s
2026-02-25 14:00:05,796 - api.main - INFO - Request: GET http://localhost:8000/api/health
2026-02-25 14:00:05,875 - api.main - INFO - Response: 200 - 0.0792s
2026-02-25 14:00:09,106 - api.main - INFO - Request: OPTIONS http://localhost:8000/api/metrics/banks
2026-02-25 14:00:09,109 - api.main - INFO - Response: 200 - 0.0030s
2026-02-25 14:00:09,122 - api.main - INFO - Request: GET http://localhost:8000/api/metrics/banks
2026-02-25 14:00:20,316 - api.main - INFO - Response: 200 - 11.1933s
2026-02-25 14:05:18,811 - api.main - INFO - Request: OPTIONS http://localhost:8000/api/health
2026-02-25 14:05:18,891 - api.main - INFO - Response: 200 - 0.0956s
2026-02-25 14:05:18,940 - api.main - INFO - Request: GET http://localhost:8000/api/health
2026-02-25 14:05:19,199 - api.main - INFO - Response: 200 - 0.2603s
2026-02-25 14:05:26,737 - api.main - INFO - Request: OPTIONS http://localhost:8000/api/metrics/banks
2026-02-25 14:05:26,739 - api.main - INFO - Response: 200 - 0.0020s
2026-02-25 14:05:26,745 - api.main - INFO - Request: GET http://localhost:8000/api/metrics/banks
2026-02-25 14:05:27,111 - api.main - INFO - Response: 200 - 0.3643s
2026-02-25 14:05:39,907 - api.main - INFO - Request: GET http://localhost:8000/api/metrics/banks
2026-02-25 14:05:39,925 - api.main - INFO - Response: 200 - 0.0178s
2026-02-25 14:06:12,752 - api.main - INFO - Request: GET http://localhost:8000/api/metrics/banks
2026-02-25 14:06:12,769 - api.main - INFO - Response: 200 - 0.0167s
2026-02-25 14:07:49,519 - api.main - INFO - Request: GET http://localhost:8000/api/metrics/banks
2026-02-25 14:07:49,624 - api.main - INFO - Response: 200 - 0.1070s
2026-02-25 14:07:52,509 - api.main - INFO - Request: GET http://localhost:8000/api/metrics/banks
2026-02-25 14:07:52,527 - api.main - INFO - Response: 200 - 0.0177s
2026-02-25 14:07:52,597 - api.main - INFO - Request: GET http://localhost:8000/api/metrics/banks
2026-02-25 14:07:52,634 - api.main - INFO - Response: 200 - 0.0363s
2026-02-25 14:08:54,733 - api.main - INFO - Request: OPTIONS http://localhost:8000/api/health
2026-02-25 14:08:54,787 - api.main - INFO - Response: 200 - 0.0698s
2026-02-25 14:08:54,826 - api.main - INFO - Request: GET http://localhost:8000/api/health
2026-02-25 14:08:54,932 - api.main - INFO - Response: 200 - 0.1048s
2026-02-25 14:08:56,688 - api.main - INFO - Request: GET http://localhost:8000/api/metrics/banks
2026-02-25 14:08:57,659 - api.main - INFO - Response: 200 - 0.9701s
2026-02-25 14:09:03,133 - api.main - INFO - Request: GET http://localhost:8000/api/metrics/banks
2026-02-25 14:09:03,171 - api.main - INFO - Response: 200 - 0.0378s
2026-02-25 14:09:43,783 - api.main - INFO - Request: GET http://localhost:8000/api/metrics/banks
2026-02-25 14:09:43,829 - api.main - INFO - Response: 200 - 0.0473s
2026-02-25 14:10:31,763 - api.main - INFO - Request: GET http://localhost:8000/api/health
2026-02-25 14:10:31,791 - api.main - INFO - Response: 200 - 0.0283s
2026-02-25 14:10:47,628 - api.main - INFO - Request: GET http://localhost:8000/api/health
2026-02-25 14:10:47,631 - api.main - INFO - Response: 200 - 0.0030s
2026-02-25 14:10:51,457 - api.main - INFO - Request: GET http://localhost:8000/api/metrics/banks
2026-02-25 14:10:51,584 - api.main - INFO - Response: 200 - 0.1277s
2026-02-25 14:11:23,538 - api.main - INFO - Request: GET http://localhost:8000/api/metrics/banks
2026-02-25 14:11:23,588 - api.main - INFO - Response: 200 - 0.0502s
2026-02-25 14:14:03,345 - api.main - INFO - Request: OPTIONS http://localhost:8000/api/health
2026-02-25 14:14:03,391 - api.main - INFO - Response: 200 - 0.0472s
2026-02-25 14:14:28,362 - api.main - INFO - Request: OPTIONS http://localhost:8000/api/metrics/banks
2026-02-25 14:14:28,366 - api.main - INFO - Response: 200 - 0.0050s
2026-02-25 14:14:28,383 - api.main - INFO - Request: GET http://localhost:8000/api/metrics/banks
2026-02-25 14:14:28,539 - api.main - INFO - Response: 200 - 0.1560s
2026-02-25 14:14:35,459 - api.main - INFO - Request: GET http://localhost:8000/api/metrics/banks
2026-02-25 14:14:35,473 - api.main - INFO - Response: 200 - 0.0140s
2026-02-25 14:14:38,616 - api.main - INFO - Request: GET http://localhost:8000/api/metrics/banks
2026-02-25 14:14:38,629 - api.main - INFO - Response: 200 - 0.0127s
2026-02-25 14:18:55,648 - api.main - INFO - Request: OPTIONS http://localhost:8000/api/health
2026-02-25 14:18:55,669 - api.main - INFO - Response: 200 - 0.0232s
2026-02-25 14:18:55,690 - api.main - INFO - Request: GET http://localhost:8000/api/health
2026-02-25 14:18:55,737 - api.main - INFO - Response: 200 - 0.0475s
2026-02-25 14:18:58,848 - api.main - INFO - Request: OPTIONS http://localhost:8000/api/metrics/banks
2026-02-25 14:18:58,849 - api.main - INFO - Response: 200 - 0.0020s
2026-02-25 14:18:58,857 - api.main - INFO - Request: GET http://localhost:8000/api/metrics/banks
2026-02-25 14:18:58,934 - api.main - INFO - Response: 200 - 0.0762s
2026-02-25 14:23:22,932 - api.main - INFO - Request: OPTIONS http://localhost:8000/api/health
2026-02-25 14:23:22,980 - api.main - INFO - Response: 200 - 0.0575s
2026-02-25 14:23:23,024 - api.main - INFO - Request: GET http://localhost:8000/api/health
2026-02-25 14:23:23,079 - api.main - INFO - Response: 200 - 0.0555s
2026-02-25 14:23:25,128 - api.main - INFO - Request: OPTIONS http://localhost:8000/api/metrics/banks
2026-02-25 14:23:25,140 - api.main - INFO - Response: 200 - 0.0112s
2026-02-25 14:23:25,185 - api.main - INFO - Request: GET http://localhost:8000/api/metrics/banks
2026-02-25 14:23:25,290 - api.main - INFO - Response: 200 - 0.1052s
2026-02-25 14:23:31,554 - api.main - INFO - Request: GET http://localhost:8000/api/metrics/banks
2026-02-25 14:23:31,585 - api.main - INFO - Response: 200 - 0.0315s
2026-02-25 14:23:37,508 - api.main - INFO - Request: OPTIONS http://localhost:8000/api/rounds?limit=100&offset=0
2026-02-25 14:23:37,510 - api.main - INFO - Response: 200 - 0.0020s
2026-02-25 14:23:37,516 - api.main - INFO - Request: GET http://localhost:8000/api/metrics/banks
2026-02-25 14:23:37,532 - api.main - INFO - Response: 200 - 0.0152s
2026-02-25 14:23:37,538 - api.main - INFO - Request: OPTIONS http://localhost:8000/api/dataset/info
2026-02-25 14:23:37,539 - api.main - INFO - Response: 200 - 0.0017s
2026-02-25 14:23:37,548 - api.main - INFO - Request: GET http://localhost:8000/api/rounds?limit=100&offset=0
2026-02-25 14:23:37,739 - api.main - INFO - Response: 200 - 0.1909s
2026-02-25 14:23:37,755 - api.main - INFO - Request: GET http://localhost:8000/api/dataset/info
2026-02-25 14:23:37,870 - utils.data_utils - INFO - Configuration loaded successfully from configs/config.yaml
2026-02-25 14:23:37,891 - api.main - INFO - Response: 200 - 0.1360s
2026-02-25 14:23:38,220 - api.main - INFO - Request: GET http://localhost:8000/api/metrics/banks
2026-02-25 14:23:38,232 - api.main - INFO - Request: GET http://localhost:8000/api/dataset/info
2026-02-25 14:23:38,258 - utils.data_utils - INFO - Configuration loaded successfully from configs/config.yaml
2026-02-25 14:23:38,262 - api.main - INFO - Response: 200 - 0.0407s
2026-02-25 14:23:38,269 - api.main - INFO - Response: 200 - 0.0367s
2026-02-25 14:23:42,668 - api.main - INFO - Request: GET http://localhost:8000/api/metrics/banks
2026-02-25 14:23:42,676 - api.main - INFO - Response: 200 - 0.0090s
2026-02-25 14:31:08,290 - api.main - INFO - Request: OPTIONS http://localhost:8000/api/health
2026-02-25 14:31:08,332 - api.main - INFO - Response: 200 - 0.0477s
2026-02-25 14:31:08,353 - api.main - INFO - Request: GET http://localhost:8000/api/health
2026-02-25 14:31:08,407 - api.main - INFO - Response: 200 - 0.0539s
2026-02-25 14:31:10,826 - api.main - INFO - Request: OPTIONS http://localhost:8000/api/metrics/banks
2026-02-25 14:31:10,829 - api.main - INFO - Response: 200 - 0.0041s
2026-02-25 14:31:10,835 - api.main - INFO - Request: GET http://localhost:8000/api/metrics/banks
2026-02-25 14:31:10,924 - api.main - INFO - Response: 200 - 0.0889s
2026-02-25 14:35:18,051 - api.main - INFO - Request: OPTIONS http://localhost:8000/api/health
2026-02-25 14:35:18,075 - api.main - INFO - Response: 200 - 0.0267s
2026-02-25 14:35:18,096 - api.main - INFO - Request: GET http://localhost:8000/api/health
2026-02-25 14:35:18,148 - api.main - INFO - Response: 200 - 0.0523s
2026-02-25 14:35:20,497 - api.main - INFO - Request: OPTIONS http://localhost:8000/api/metrics/banks
2026-02-25 14:35:20,499 - api.main - INFO - Response: 200 - 0.0026s
2026-02-25 14:35:20,507 - api.main - INFO - Request: GET http://localhost:8000/api/metrics/banks
2026-02-25 14:35:20,589 - api.main - INFO - Response: 200 - 0.0817s
2026-02-25 14:35:25,351 - api.main - INFO - Request: GET http://localhost:8000/api/metrics/banks
2026-02-25 14:35:25,385 - api.main - INFO - Response: 200 - 0.0340s
2026-02-25 14:35:28,259 - api.main - INFO - Request: GET http://localhost:8000/api/metrics/banks
2026-02-25 14:35:28,285 - api.main - INFO - Response: 200 - 0.0261s
2026-02-25 14:35:31,822 - api.main - INFO - Request: GET http://localhost:8000/api/metrics/banks
2026-02-25 14:35:31,830 - api.main - INFO - Response: 200 - 0.0070s
2026-02-25 14:35:37,038 - api.main - INFO - Request: GET http://localhost:8000/api/metrics/banks
2026-02-25 14:35:37,047 - api.main - INFO - Response: 200 - 0.0070s
2026-02-25 14:55:49,250 - utils.data_utils - INFO - Configuration loaded successfully from configs/config.yaml
2026-02-25 14:55:49,297 - api.main - INFO - Starting PrivFed API server...
2026-02-25 14:55:49,297 - api.main - INFO - PrivFed service initialized successfully
2026-02-25 14:55:49,299 - api.main - INFO - PrivFed API server started successfully
2026-02-25 14:58:10,154 - api.main - INFO - Request: OPTIONS http://localhost:8000/api/health
2026-02-25 14:58:10,205 - api.main - INFO - Response: 200 - 0.0594s
2026-02-25 14:58:10,248 - api.main - INFO - Request: GET http://localhost:8000/api/health
2026-02-25 14:58:10,333 - api.main - INFO - Response: 200 - 0.0848s
2026-02-25 14:58:13,139 - api.main - INFO - Request: OPTIONS http://localhost:8000/api/metrics/banks
2026-02-25 14:58:13,142 - api.main - INFO - Response: 200 - 0.0035s
2026-02-25 14:58:13,149 - api.main - INFO - Request: GET http://localhost:8000/api/metrics/banks
2026-02-25 14:58:23,452 - api.main - INFO - Request: GET http://localhost:8000/api/metrics/banks
2026-02-25 14:58:23,453 - api.main - INFO - Response: 200 - 10.3039s
2026-02-25 14:58:23,468 - api.main - INFO - Response: 200 - 0.0166s
2026-02-25 14:58:23,604 - api.main - INFO - Request: GET http://localhost:8000/api/metrics/banks
2026-02-25 14:58:23,614 - api.main - INFO - Response: 200 - 0.0097s
2026-02-25 14:58:25,393 - api.main - INFO - Request: GET http://localhost:8000/api/metrics/banks
2026-02-25 14:58:25,402 - api.main - INFO - Response: 200 - 0.0089s
2026-02-25 14:58:29,237 - api.main - INFO - Request: GET http://localhost:8000/api/metrics/banks
2026-02-25 14:58:29,253 - api.main - INFO - Response: 200 - 0.0153s
2026-02-25 14:58:33,586 - api.main - INFO - Request: GET http://localhost:8000/api/metrics/banks
2026-02-25 14:58:33,595 - api.main - INFO - Response: 200 - 0.0092s
2026-02-25 14:58:38,686 - api.main - INFO - Request: GET http://localhost:8000/api/metrics/banks
2026-02-25 14:58:38,696 - api.main - INFO - Response: 200 - 0.0099s
2026-02-25 14:58:46,248 - api.main - INFO - Request: GET http://localhost:8000/api/metrics/banks
2026-02-25 14:58:46,255 - api.main - INFO - Response: 200 - 0.0084s
2026-02-25 15:02:49,521 - api.main - INFO - Request: OPTIONS http://localhost:8000/api/health
2026-02-25 15:02:49,573 - api.main - INFO - Response: 200 - 0.0591s
2026-02-25 15:02:49,612 - api.main - INFO - Request: GET http://localhost:8000/api/health
2026-02-25 15:02:49,686 - api.main - INFO - Response: 200 - 0.0742s
2026-02-25 15:03:08,144 - api.main - INFO - Request: OPTIONS http://localhost:8000/api/metrics/banks
2026-02-25 15:03:08,146 - api.main - INFO - Response: 200 - 0.0020s
2026-02-25 15:03:08,153 - api.main - INFO - Request: GET http://localhost:8000/api/metrics/banks
2026-02-25 15:03:08,283 - api.main - INFO - Response: 200 - 0.1292s
2026-02-25 15:03:14,283 - api.main - INFO - Request: GET http://localhost:8000/api/metrics/banks
2026-02-25 15:03:14,297 - api.main - INFO - Response: 200 - 0.0155s
2026-02-25 15:03:17,271 - api.main - INFO - Request: GET http://localhost:8000/api/metrics/banks
2026-02-25 15:03:17,292 - api.main - INFO - Response: 200 - 0.0220s
2026-02-25 15:09:37,287 - api.main - INFO - Request: OPTIONS http://localhost:8000/api/health
2026-02-25 15:09:37,337 - api.main - INFO - Response: 200 - 0.0578s
2026-02-25 15:09:37,366 - api.main - INFO - Request: GET http://localhost:8000/api/health
2026-02-25 15:09:37,431 - api.main - INFO - Response: 200 - 0.0644s
2026-02-25 15:09:39,973 - api.main - INFO - Request: OPTIONS http://localhost:8000/api/metrics/banks
2026-02-25 15:09:39,979 - api.main - INFO - Response: 200 - 0.0065s
2026-02-25 15:09:39,992 - api.main - INFO - Request: GET http://localhost:8000/api/metrics/banks
2026-02-25 15:09:40,150 - api.main - INFO - Response: 200 - 0.1578s
2026-02-25 15:09:44,044 - api.main - INFO - Request: GET http://localhost:8000/api/metrics/banks
2026-02-25 15:09:44,062 - api.main - INFO - Response: 200 - 0.0184s
2026-02-25 15:13:46,775 - api.main - INFO - Request: OPTIONS http://localhost:8000/api/health
2026-02-25 15:13:46,815 - api.main - INFO - Response: 200 - 0.0443s
2026-02-25 15:13:46,835 - api.main - INFO - Request: GET http://localhost:8000/api/health
2026-02-25 15:13:46,946 - api.main - INFO - Response: 200 - 0.1107s
2026-02-25 15:19:50,463 - utils.data_utils - INFO - Configuration loaded successfully from configs/config.yaml
2026-02-25 15:19:50,650 - api.main - INFO - Starting PrivFed API server...
2026-02-25 15:19:50,661 - api.main - INFO - PrivFed service initialized successfully
2026-02-25 15:19:50,678 - api.main - INFO - PrivFed API server started successfully
2026-02-25 15:24:10,033 - api.main - INFO - Request: OPTIONS http://localhost:8000/api/health
2026-02-25 15:24:10,098 - api.main - INFO - Response: 200 - 0.0830s
2026-02-25 15:24:10,502 - api.main - INFO - Request: GET http://localhost:8000/api/health
2026-02-25 15:24:10,670 - api.main - INFO - Response: 200 - 0.1684s
2026-02-25 15:24:17,067 - api.main - INFO - Request: OPTIONS http://localhost:8000/api/metrics/banks
2026-02-25 15:24:17,071 - api.main - INFO - Response: 200 - 0.0032s
2026-02-25 15:24:17,080 - api.main - INFO - Request: GET http://localhost:8000/api/metrics/banks
2026-02-25 15:24:37,604 - api.main - INFO - Response: 200 - 20.5232s
2026-02-25 15:24:53,149 - api.main - INFO - Request: GET http://localhost:8000/api/metrics/banks
2026-02-25 15:24:53,166 - api.main - INFO - Response: 200 - 0.0167s
2026-02-25 15:25:29,368 - api.main - INFO - Request: OPTIONS http://localhost:8000/api/health
2026-02-25 15:25:29,373 - api.main - INFO - Response: 200 - 0.0054s
2026-02-25 15:25:29,383 - api.main - INFO - Request: GET http://localhost:8000/api/health
2026-02-25 15:25:29,405 - api.main - INFO - Response: 200 - 0.0223s
2026-02-25 15:25:36,329 - api.main - INFO - Request: GET http://localhost:8000/api/metrics/banks
2026-02-25 15:25:36,430 - api.main - INFO - Response: 200 - 0.1010s
2026-02-25 15:32:30,051 - api.main - INFO - Request: OPTIONS http://localhost:8000/api/health
2026-02-25 15:32:30,084 - api.main - INFO - Response: 200 - 0.0359s
2026-02-25 15:32:30,135 - api.main - INFO - Request: GET http://localhost:8000/api/health
2026-02-25 15:32:30,180 - api.main - INFO - Response: 200 - 0.0464s
2026-02-25 15:32:32,335 - api.main - INFO - Request: OPTIONS http://localhost:8000/api/metrics/banks
2026-02-25 15:32:32,337 - api.main - INFO - Response: 200 - 0.0020s
2026-02-25 15:32:32,348 - api.main - INFO - Request: GET http://localhost:8000/api/metrics/banks
2026-02-25 15:32:32,417 - api.main - INFO - Response: 200 - 0.0682s
2026-02-25 15:39:18,012 - api.main - INFO - Request: OPTIONS http://localhost:8000/api/health
2026-02-25 15:39:18,036 - api.main - INFO - Response: 200 - 0.0298s
2026-02-25 15:39:18,053 - api.main - INFO - Request: GET http://localhost:8000/api/health
2026-02-25 15:39:18,090 - api.main - INFO - Response: 200 - 0.0381s
2026-02-25 15:39:20,591 - api.main - INFO - Request: OPTIONS http://localhost:8000/api/metrics/banks
2026-02-25 15:39:20,594 - api.main - INFO - Response: 200 - 0.0030s
2026-02-25 15:39:20,603 - api.main - INFO - Request: GET http://localhost:8000/api/metrics/banks
2026-02-25 15:39:20,682 - api.main - INFO - Response: 200 - 0.0791s
2026-02-25 16:48:35,079 - utils.data_utils - INFO - Configuration loaded successfully from configs/config.yaml
2026-02-25 16:48:35,200 - api.main - INFO - Starting PrivFed API server...
2026-02-25 16:48:35,202 - api.main - INFO - PrivFed service initialized successfully
2026-02-25 16:48:35,205 - api.main - INFO - PrivFed API server started successfully
2026-02-25 16:51:28,776 - api.main - INFO - Request: OPTIONS http://localhost:8000/api/health
2026-02-25 16:51:28,813 - api.main - INFO - Response: 200 - 0.0460s
2026-02-25 16:51:28,849 - api.main - INFO - Request: GET http://localhost:8000/api/health
2026-02-25 16:51:28,926 - api.main - INFO - Response: 200 - 0.0769s
2026-02-25 16:51:32,132 - api.main - INFO - Request: OPTIONS http://localhost:8000/api/metrics/banks
2026-02-25 16:51:32,135 - api.main - INFO - Response: 200 - 0.0030s
2026-02-25 16:51:32,143 - api.main - INFO - Request: GET http://localhost:8000/api/metrics/banks
2026-02-25 16:51:41,220 - api.main - INFO - Request: GET http://localhost:8000/api/metrics/banks
2026-02-25 16:51:41,221 - api.main - INFO - Response: 200 - 9.0780s
2026-02-25 16:51:41,230 - api.main - INFO - Response: 200 - 0.0102s
2026-02-25 16:51:41,518 - api.main - INFO - Request: GET http://localhost:8000/api/metrics/banks
2026-02-25 16:51:41,529 - api.main - INFO - Response: 200 - 0.0108s
2026-02-25 16:51:45,176 - api.main - INFO - Request: GET http://localhost:8000/api/metrics/banks
2026-02-25 16:51:45,184 - api.main - INFO - Response: 200 - 0.0082s
2026-02-25 16:51:48,628 - api.main - INFO - Request: GET http://localhost:8000/api/metrics/banks
2026-02-25 16:51:48,640 - api.main - INFO - Response: 200 - 0.0126s
2026-02-25 16:51:55,956 - api.main - INFO - Request: GET http://localhost:8000/api/metrics/banks
2026-02-25 16:51:55,964 - api.main - INFO - Response: 200 - 0.0080s
2026-02-25 16:52:00,445 - api.main - INFO - Request: GET http://localhost:8000/api/metrics/banks
2026-02-25 16:52:00,452 - api.main - INFO - Response: 200 - 0.0079s
2026-02-25 16:52:05,605 - api.main - INFO - Request: OPTIONS http://localhost:8000/api/rounds?limit=100&offset=0
2026-02-25 16:52:05,607 - api.main - INFO - Response: 200 - 0.0020s
2026-02-25 16:52:05,612 - api.main - INFO - Request: GET http://localhost:8000/api/metrics/banks
2026-02-25 16:52:05,624 - api.main - INFO - Response: 200 - 0.0122s
2026-02-25 16:52:05,631 - api.main - INFO - Request: OPTIONS http://localhost:8000/api/dataset/info
2026-02-25 16:52:05,633 - api.main - INFO - Response: 200 - 0.0036s
2026-02-25 16:52:05,640 - api.main - INFO - Request: GET http://localhost:8000/api/rounds?limit=100&offset=0
2026-02-25 16:52:05,733 - api.main - INFO - Response: 200 - 0.0929s
2026-02-25 16:52:05,741 - api.main - INFO - Request: GET http://localhost:8000/api/dataset/info
2026-02-25 16:52:05,809 - utils.data_utils - INFO - Configuration loaded successfully from configs/config.yaml
2026-02-25 16:52:05,815 - api.main - INFO - Response: 200 - 0.0739s
2026-02-25 16:52:06,219 - api.main - INFO - Request: GET http://localhost:8000/api/metrics/banks
2026-02-25 16:52:06,229 - api.main - INFO - Request: GET http://localhost:8000/api/dataset/info
2026-02-25 16:52:06,230 - api.main - INFO - Response: 200 - 0.0107s
2026-02-25 16:52:06,249 - utils.data_utils - INFO - Configuration loaded successfully from configs/config.yaml
2026-02-25 16:52:06,251 - api.main - INFO - Response: 200 - 0.0227s
2026-02-25 16:52:08,818 - api.main - INFO - Request: GET http://localhost:8000/api/metrics/banks
2026-02-25 16:52:08,841 - api.main - INFO - Response: 200 - 0.0232s
2026-02-25 16:52:13,897 - api.main - INFO - Request: GET http://localhost:8000/api/metrics/banks
2026-02-25 16:52:13,906 - api.main - INFO - Response: 200 - 0.0090s
2026-02-25 16:52:19,865 - api.main - INFO - Request: GET http://localhost:8000/api/metrics/banks
2026-02-25 16:52:19,892 - api.main - INFO - Response: 200 - 0.0280s
2026-02-25 16:52:25,311 - api.main - INFO - Request: GET http://localhost:8000/api/metrics/banks
2026-02-25 16:52:25,325 - api.main - INFO - Response: 200 - 0.0136s
2026-02-25 17:37:45,135 - api.main - INFO - Request: OPTIONS http://localhost:8000/api/health
2026-02-25 17:37:45,180 - api.main - INFO - Response: 200 - 0.0520s
2026-02-25 17:37:45,214 - api.main - INFO - Request: GET http://localhost:8000/api/health
2026-02-25 17:37:45,293 - api.main - INFO - Response: 200 - 0.0779s
2026-02-25 17:37:48,128 - api.main - INFO - Request: OPTIONS http://localhost:8000/api/metrics/banks
2026-02-25 17:37:48,143 - api.main - INFO - Response: 200 - 0.0135s
2026-02-25 17:37:48,152 - api.main - INFO - Request: GET http://localhost:8000/api/metrics/banks
2026-02-25 17:37:48,260 - api.main - INFO - Response: 200 - 0.1083s
2026-02-25 17:41:07,422 - api.main - INFO - Request: GET http://localhost:8000/api/metrics/banks
2026-02-25 17:41:07,651 - api.main - INFO - Response: 200 - 0.2336s
2026-02-25 17:41:07,679 - api.main - INFO - Request: GET http://localhost:8000/api/metrics/banks
2026-02-25 17:41:07,712 - api.main - INFO - Response: 200 - 0.0332s
2026-02-25 17:41:07,723 - api.main - INFO - Request: GET http://localhost:8000/api/metrics/banks
2026-02-25 17:41:07,742 - api.main - INFO - Response: 200 - 0.0192s
2026-02-25 17:41:19,987 - api.main - INFO - Request: OPTIONS http://localhost:8000/api/health
2026-02-25 17:41:19,989 - api.main - INFO - Response: 200 - 0.0020s
2026-02-25 17:41:20,000 - api.main - INFO - Request: GET http://localhost:8000/api/health
2026-02-25 17:41:20,023 - api.main - INFO - Response: 200 - 0.0227s
2026-02-25 17:41:21,977 - api.main - INFO - Request: GET http://localhost:8000/api/metrics/banks
2026-02-25 17:41:22,001 - api.main - INFO - Response: 200 - 0.0242s
2026-02-25 17:41:35,657 - api.main - INFO - Request: GET http://localhost:8000/api/metrics/banks
2026-02-25 17:41:36,242 - api.main - INFO - Response: 200 - 0.5844s
2026-02-25 17:41:45,093 - api.main - INFO - Request: GET http://localhost:8000/api/metrics/banks
2026-02-25 17:41:45,571 - api.main - INFO - Response: 200 - 0.4780s
2026-02-25 17:41:50,020 - api.main - INFO - Request: GET http://localhost:8000/api/metrics/banks
2026-02-25 17:41:50,762 - api.main - INFO - Response: 200 - 0.7419s
2026-02-25 17:43:57,633 - api.main - INFO - Request: GET http://localhost:8000/api/metrics/banks
2026-02-25 17:43:57,752 - api.main - INFO - Response: 200 - 0.1186s
2026-02-25 17:44:00,770 - api.main - INFO - Request: GET http://localhost:8000/api/metrics/banks
2026-02-25 17:44:01,076 - api.main - INFO - Response: 200 - 0.3070s
2026-02-25 17:51:00,855 - api.main - INFO - Request: OPTIONS http://localhost:8000/api/health
2026-02-25 17:51:00,919 - api.main - INFO - Response: 200 - 0.0763s
2026-02-25 17:51:00,960 - api.main - INFO - Request: GET http://localhost:8000/api/health
2026-02-25 17:51:01,050 - api.main - INFO - Response: 200 - 0.0905s
2026-02-25 17:51:26,228 - api.main - INFO - Request: OPTIONS http://localhost:8000/api/metrics/banks
2026-02-25 17:51:26,230 - api.main - INFO - Response: 200 - 0.0020s
2026-02-25 17:51:26,245 - api.main - INFO - Request: GET http://localhost:8000/api/metrics/banks
2026-02-25 17:51:26,442 - api.main - INFO - Response: 200 - 0.1971s
2026-02-25 17:51:30,704 - api.main - INFO - Request: GET http://localhost:8000/api/metrics/banks
2026-02-25 17:51:30,729 - api.main - INFO - Response: 200 - 0.0250s
2026-02-25 17:51:30,789 - api.main - INFO - Request: GET http://localhost:8000/api/metrics/banks
2026-02-25 17:51:30,821 - api.main - INFO - Response: 200 - 0.0315s
2026-02-25 17:51:33,576 - api.main - INFO - Request: OPTIONS http://localhost:8000/api/rounds?limit=100&offset=0
2026-02-25 17:51:33,794 - api.main - INFO - Request: GET http://localhost:8000/api/metrics/banks
2026-02-25 17:51:34,574 - api.main - INFO - Request: OPTIONS http://localhost:8000/api/dataset/info
2026-02-25 17:51:34,581 - api.main - INFO - Response: 200 - 1.0050s
2026-02-25 17:51:34,590 - api.main - INFO - Response: 200 - 0.7958s
2026-02-25 17:51:34,624 - api.main - INFO - Response: 200 - 0.0504s
2026-02-25 17:51:34,633 - api.main - INFO - Request: GET http://localhost:8000/api/rounds?limit=100&offset=0
2026-02-25 17:51:34,859 - api.main - INFO - Request: GET http://localhost:8000/api/dataset/info
2026-02-25 17:51:35,022 - utils.data_utils - INFO - Configuration loaded successfully from configs/config.yaml
2026-02-25 17:51:35,052 - api.main - INFO - Response: 200 - 0.4191s
2026-02-25 17:51:35,062 - api.main - INFO - Response: 200 - 0.2036s
2026-02-25 17:51:35,275 - api.main - INFO - Request: GET http://localhost:8000/api/metrics/banks
2026-02-25 17:51:35,300 - api.main - INFO - Request: GET http://localhost:8000/api/dataset/info
2026-02-25 17:51:35,304 - api.main - INFO - Response: 200 - 0.0291s
2026-02-25 17:51:35,368 - utils.data_utils - INFO - Configuration loaded successfully from configs/config.yaml
2026-02-25 17:51:35,376 - api.main - INFO - Response: 200 - 0.0766s
2026-02-25 17:51:38,622 - api.main - INFO - Request: GET http://localhost:8000/api/metrics/banks
2026-02-25 17:51:39,521 - api.main - INFO - Response: 200 - 0.8987s
2026-02-25 17:59:12,655 - api.main - INFO - Request: OPTIONS http://localhost:8000/api/health
2026-02-25 17:59:12,724 - api.main - INFO - Response: 200 - 0.0798s
2026-02-25 17:59:12,757 - api.main - INFO - Request: GET http://localhost:8000/api/health
2026-02-25 17:59:12,842 - api.main - INFO - Response: 200 - 0.0845s
2026-02-25 17:59:15,777 - api.main - INFO - Request: OPTIONS http://localhost:8000/api/metrics/banks
2026-02-25 17:59:15,782 - api.main - INFO - Response: 200 - 0.0052s
2026-02-25 17:59:15,796 - api.main - INFO - Request: GET http://localhost:8000/api/metrics/banks
2026-02-25 17:59:15,907 - api.main - INFO - Response: 200 - 0.1110s
2026-02-25 17:59:23,023 - api.main - INFO - Request: GET http://localhost:8000/api/metrics/banks
2026-02-25 17:59:23,036 - api.main - INFO - Response: 200 - 0.0140s
2026-02-25 17:59:27,756 - api.main - INFO - Request: GET http://localhost:8000/api/metrics/banks
2026-02-25 17:59:28,625 - api.main - INFO - Response: 200 - 0.8686s
2026-02-25 17:59:32,622 - api.main - INFO - Request: GET http://localhost:8000/api/metrics/banks
2026-02-25 17:59:33,002 - api.main - INFO - Response: 200 - 0.3805s
2026-02-25 18:08:31,587 - api.main - INFO - Request: OPTIONS http://localhost:8000/api/health
2026-02-25 18:08:31,625 - api.main - INFO - Response: 200 - 0.0452s
2026-02-25 18:08:31,649 - api.main - INFO - Request: GET http://localhost:8000/api/health
2026-02-25 18:08:31,769 - api.main - INFO - Response: 200 - 0.1197s
2026-02-25 18:08:34,343 - api.main - INFO - Request: OPTIONS http://localhost:8000/api/metrics/banks
2026-02-25 18:08:34,348 - api.main - INFO - Response: 200 - 0.0050s
2026-02-25 18:08:34,362 - api.main - INFO - Request: GET http://localhost:8000/api/metrics/banks
2026-02-25 18:08:34,591 - api.main - INFO - Response: 200 - 0.2291s
2026-02-25 18:08:41,571 - api.main - INFO - Request: GET http://localhost:8000/api/metrics/banks
2026-02-25 18:08:43,260 - api.main - INFO - Response: 200 - 1.6888s
2026-02-25 18:13:23,931 - api.main - INFO - Request: OPTIONS http://localhost:8000/api/health
2026-02-25 18:13:24,027 - api.main - INFO - Response: 200 - 0.1146s
2026-02-25 18:13:24,103 - api.main - INFO - Request: GET http://localhost:8000/api/health
2026-02-25 18:13:24,194 - api.main - INFO - Response: 200 - 0.0917s
2026-02-25 18:13:26,600 - api.main - INFO - Request: OPTIONS http://localhost:8000/api/metrics/banks
2026-02-25 18:13:26,609 - api.main - INFO - Response: 200 - 0.0091s
2026-02-25 18:13:26,618 - api.main - INFO - Request: GET http://localhost:8000/api/metrics/banks
2026-02-25 18:13:26,845 - api.main - INFO - Response: 200 - 0.2265s
2026-02-25 18:13:38,876 - api.main - INFO - Request: GET http://localhost:8000/api/metrics/banks
2026-02-25 18:13:39,487 - api.main - INFO - Response: 200 - 0.6103s
2026-02-25 18:19:55,642 - api.main - INFO - Request: OPTIONS http://localhost:8000/api/health
2026-02-25 18:19:55,693 - api.main - INFO - Response: 200 - 0.0630s
2026-02-25 18:19:55,722 - api.main - INFO - Request: GET http://localhost:8000/api/health
2026-02-25 18:19:55,793 - api.main - INFO - Response: 200 - 0.0716s
2026-02-25 18:19:58,030 - api.main - INFO - Request: OPTIONS http://localhost:8000/api/metrics/banks
2026-02-25 18:19:58,032 - api.main - INFO - Response: 200 - 0.0030s
2026-02-25 18:19:58,042 - api.main - INFO - Request: GET http://localhost:8000/api/metrics/banks
2026-02-25 18:19:58,189 - api.main - INFO - Response: 200 - 0.1464s
2026-02-25 18:20:02,989 - api.main - INFO - Request: GET http://localhost:8000/api/metrics/banks
2026-02-25 18:20:03,004 - api.main - INFO - Response: 200 - 0.0135s
2026-02-25 18:20:06,395 - api.main - INFO - Request: GET http://localhost:8000/api/metrics/banks
2026-02-25 18:20:06,412 - api.main - INFO - Response: 200 - 0.0172s
2026-02-25 18:20:10,458 - api.main - INFO - Request: GET http://localhost:8000/api/metrics/banks
2026-02-25 18:20:10,465 - api.main - INFO - Response: 200 - 0.0079s
2026-02-25 18:31:39,409 - api.main - INFO - Request: OPTIONS http://localhost:8000/api/health
2026-02-25 18:31:39,493 - api.main - INFO - Response: 200 - 0.0943s
2026-02-25 18:31:39,541 - api.main - INFO - Request: GET http://localhost:8000/api/health
2026-02-25 18:31:39,663 - api.main - INFO - Response: 200 - 0.1214s
2026-02-25 18:31:42,715 - api.main - INFO - Request: OPTIONS http://localhost:8000/api/metrics/banks
2026-02-25 18:31:42,716 - api.main - INFO - Response: 200 - 0.0019s
2026-02-25 18:31:42,727 - api.main - INFO - Request: GET http://localhost:8000/api/metrics/banks
2026-02-25 18:31:42,996 - api.main - INFO - Response: 200 - 0.2689s
2026-02-25 18:32:09,871 - api.main - INFO - Request: GET http://localhost:8000/api/metrics/banks
2026-02-25 18:32:10,063 - api.main - INFO - Response: 200 - 0.1920s
2026-02-25 18:32:13,996 - api.main - INFO - Request: GET http://localhost:8000/api/metrics/banks
2026-02-25 18:32:14,472 - api.main - INFO - Response: 200 - 0.4767s
2026-02-25 18:32:16,993 - api.main - INFO - Request: GET http://localhost:8000/api/metrics/banks
2026-02-25 18:32:17,297 - api.main - INFO - Response: 200 - 0.3038s
2026-02-25 18:32:21,230 - api.main - INFO - Request: GET http://localhost:8000/api/metrics/banks
2026-02-25 18:32:21,362 - api.main - INFO - Response: 200 - 0.1326s
2026-02-25 18:32:25,027 - api.main - INFO - Request: GET http://localhost:8000/api/metrics/banks
2026-02-25 18:32:25,199 - api.main - INFO - Response: 200 - 0.1713s
2026-02-25 18:32:29,143 - api.main - INFO - Request: GET http://localhost:8000/api/metrics/banks
2026-02-25 18:32:29,281 - api.main - INFO - Response: 200 - 0.1380s
2026-02-25 18:32:33,151 - api.main - INFO - Request: GET http://localhost:8000/api/metrics/banks
2026-02-25 18:32:33,163 - api.main - INFO - Response: 200 - 0.0122s
2026-02-25 18:32:38,066 - api.main - INFO - Request: GET http://localhost:8000/api/metrics/banks
2026-02-25 18:32:38,358 - api.main - INFO - Response: 200 - 0.2918s
2026-02-25 18:38:57,536 - api.main - INFO - Request: GET http://localhost:8000/api/health
2026-02-25 18:38:58,100 - api.main - INFO - Response: 200 - 0.5776s
2026-02-25 18:39:03,612 - api.main - INFO - Request: GET http://localhost:8000/api/metrics/banks
2026-02-25 18:39:03,733 - api.main - INFO - Response: 200 - 0.1211s
2026-02-25 18:48:42,423 - api.main - INFO - Request: OPTIONS http://localhost:8000/api/health
2026-02-25 18:48:42,468 - api.main - INFO - Response: 200 - 0.0564s
2026-02-25 18:48:42,497 - api.main - INFO - Request: GET http://localhost:8000/api/health
2026-02-25 18:48:42,581 - api.main - INFO - Response: 200 - 0.0837s
2026-02-25 18:48:45,367 - api.main - INFO - Request: OPTIONS http://localhost:8000/api/metrics/banks
2026-02-25 18:48:45,371 - api.main - INFO - Response: 200 - 0.0040s
2026-02-25 18:48:45,381 - api.main - INFO - Request: GET http://localhost:8000/api/metrics/banks
2026-02-25 18:48:45,551 - api.main - INFO - Response: 200 - 0.1700s
2026-02-25 19:17:14,021 - api.main - INFO - Request: OPTIONS http://localhost:8000/api/health
2026-02-25 19:17:14,069 - api.main - INFO - Response: 200 - 0.0615s
2026-02-25 19:17:14,103 - api.main - INFO - Request: GET http://localhost:8000/api/health
2026-02-25 19:17:14,184 - api.main - INFO - Response: 200 - 0.0809s
2026-02-25 19:17:16,739 - api.main - INFO - Request: OPTIONS http://localhost:8000/api/metrics/banks
2026-02-25 19:17:16,752 - api.main - INFO - Response: 200 - 0.0124s
2026-02-25 19:17:16,771 - api.main - INFO - Request: GET http://localhost:8000/api/metrics/banks
2026-02-25 19:17:16,887 - api.main - INFO - Response: 200 - 0.1151s
2026-02-25 19:17:45,796 - api.main - INFO - Request: GET http://localhost:8000/api/metrics/banks
2026-02-25 19:17:46,213 - api.main - INFO - Response: 200 - 0.4157s
2026-02-25 19:28:10,545 - api.main - INFO - Request: OPTIONS http://localhost:8000/api/health
2026-02-25 19:28:10,563 - api.main - INFO - Response: 200 - 0.0233s
2026-02-25 19:28:10,581 - api.main - INFO - Request: GET http://localhost:8000/api/health
2026-02-25 19:28:10,615 - api.main - INFO - Response: 200 - 0.0332s
2026-02-25 19:28:11,506 - api.main - INFO - Request: OPTIONS http://localhost:8000/api/metrics/banks
2026-02-25 19:28:11,509 - api.main - INFO - Response: 200 - 0.0030s
2026-02-25 19:28:11,513 - api.main - INFO - Request: GET http://localhost:8000/api/metrics/banks
2026-02-25 19:28:11,586 - api.main - INFO - Response: 200 - 0.0730s
2026-02-25 19:28:13,348 - api.main - INFO - Request: GET http://localhost:8000/api/metrics/banks
2026-02-25 19:28:13,358 - api.main - INFO - Response: 200 - 0.0103s
2026-02-25 19:28:13,398 - api.main - INFO - Request: GET http://localhost:8000/api/metrics/banks
2026-02-25 19:28:13,412 - api.main - INFO - Response: 200 - 0.0143s
2026-02-25 19:28:16,387 - api.main - INFO - Request: GET http://localhost:8000/api/metrics/banks
2026-02-25 19:28:16,396 - api.main - INFO - Response: 200 - 0.0096s
2026-02-25 19:28:19,781 - api.main - INFO - Request: GET http://localhost:8000/api/metrics/banks
2026-02-25 19:28:19,791 - api.main - INFO - Response: 200 - 0.0094s
2026-02-25 19:28:27,448 - api.main - INFO - Request: GET http://localhost:8000/api/metrics/banks
2026-02-25 19:28:27,461 - api.main - INFO - Response: 200 - 0.0129s
2026-02-25 19:28:33,358 - api.main - INFO - Request: GET http://localhost:8000/api/metrics/banks
2026-02-25 19:28:33,370 - api.main - INFO - Response: 200 - 0.0120s
2026-02-25 19:28:35,460 - api.main - INFO - Request: OPTIONS http://localhost:8000/api/rounds?limit=100&offset=0
2026-02-25 19:28:35,460 - api.main - INFO - Response: 200 - 0.0000s
2026-02-25 19:28:35,463 - api.main - INFO - Request: GET http://localhost:8000/api/rounds?limit=100&offset=0
2026-02-25 19:28:35,553 - api.main - INFO - Response: 200 - 0.0904s
2026-02-25 19:28:35,556 - api.main - INFO - Request: OPTIONS http://localhost:8000/api/dataset/info
2026-02-25 19:28:35,558 - api.main - INFO - Response: 200 - 0.0020s
2026-02-25 19:28:35,566 - api.main - INFO - Request: GET http://localhost:8000/api/metrics/banks
2026-02-25 19:28:35,574 - api.main - INFO - Response: 200 - 0.0079s
2026-02-25 19:28:35,578 - api.main - INFO - Request: GET http://localhost:8000/api/dataset/info
2026-02-25 19:28:35,605 - utils.data_utils - INFO - Configuration loaded successfully from configs/config.yaml
2026-02-25 19:28:35,611 - api.main - INFO - Response: 200 - 0.0330s
2026-02-25 19:28:35,729 - api.main - INFO - Request: GET http://localhost:8000/api/metrics/banks
2026-02-25 19:28:35,734 - api.main - INFO - Response: 200 - 0.0050s
2026-02-25 19:28:35,739 - api.main - INFO - Request: GET http://localhost:8000/api/dataset/info
2026-02-25 19:28:35,748 - utils.data_utils - INFO - Configuration loaded successfully from configs/config.yaml
2026-02-25 19:28:35,749 - api.main - INFO - Response: 200 - 0.0100s
2026-02-25 19:28:37,673 - api.main - INFO - Request: GET http://localhost:8000/api/metrics/banks
2026-02-25 19:28:37,678 - api.main - INFO - Response: 200 - 0.0050s
2026-02-25 19:28:45,790 - api.main - INFO - Request: GET http://localhost:8000/api/metrics/banks
2026-02-25 19:28:45,806 - api.main - INFO - Response: 200 - 0.0159s
2026-02-25 19:28:49,306 - api.main - INFO - Request: GET http://localhost:8000/api/metrics/banks
2026-02-25 19:28:49,314 - api.main - INFO - Response: 200 - 0.0080s
2026-02-25 19:29:32,656 - api.main - INFO - Request: GET http://localhost:8000/api/metrics/banks
2026-02-25 19:29:32,664 - api.main - INFO - Response: 200 - 0.0080s
2026-02-25 19:38:03,389 - api.main - INFO - Request: OPTIONS http://localhost:8000/api/health
2026-02-25 19:38:03,432 - api.main - INFO - Response: 200 - 0.0515s
2026-02-25 19:38:03,459 - api.main - INFO - Request: GET http://localhost:8000/api/health
2026-02-25 19:38:03,522 - api.main - INFO - Response: 200 - 0.0629s
2026-02-25 19:38:04,953 - api.main - INFO - Request: OPTIONS http://localhost:8000/api/metrics/banks
2026-02-25 19:38:04,956 - api.main - INFO - Response: 200 - 0.0020s
2026-02-25 19:38:04,963 - api.main - INFO - Request: GET http://localhost:8000/api/metrics/banks
2026-02-25 19:38:05,052 - api.main - INFO - Response: 200 - 0.0899s
2026-02-25 19:38:06,404 - api.main - INFO - Request: GET http://localhost:8000/api/metrics/banks
2026-02-25 19:38:06,418 - api.main - INFO - Response: 200 - 0.0140s
2026-02-25 19:38:06,480 - api.main - INFO - Request: GET http://localhost:8000/api/metrics/banks
2026-02-25 19:38:06,492 - api.main - INFO - Response: 200 - 0.0125s
2026-02-25 19:38:09,956 - api.main - INFO - Request: GET http://localhost:8000/api/metrics/banks
2026-02-25 19:38:09,964 - api.main - INFO - Response: 200 - 0.0083s
2026-02-25 19:38:12,966 - api.main - INFO - Request: GET http://localhost:8000/api/metrics/banks
2026-02-25 19:38:12,980 - api.main - INFO - Response: 200 - 0.0142s
2026-02-25 19:38:17,253 - api.main - INFO - Request: GET http://localhost:8000/api/metrics/banks
2026-02-25 19:38:17,267 - api.main - INFO - Response: 200 - 0.0140s
2026-02-25 19:38:20,706 - api.main - INFO - Request: GET http://localhost:8000/api/metrics/banks
2026-02-25 19:38:20,719 - api.main - INFO - Response: 200 - 0.0124s
2026-02-25 19:38:24,550 - api.main - INFO - Request: GET http://localhost:8000/api/metrics/banks
2026-02-25 19:38:24,567 - api.main - INFO - Response: 200 - 0.0175s
2026-02-25 19:38:26,861 - api.main - INFO - Request: OPTIONS http://localhost:8000/api/rounds?limit=100&offset=0
2026-02-25 19:38:26,863 - api.main - INFO - Response: 200 - 0.0015s
2026-02-25 19:38:26,865 - api.main - INFO - Request: OPTIONS http://localhost:8000/api/dataset/info
2026-02-25 19:38:26,866 - api.main - INFO - Response: 200 - 0.0010s
2026-02-25 19:38:26,871 - api.main - INFO - Request: GET http://localhost:8000/api/metrics/banks
2026-02-25 19:38:26,881 - api.main - INFO - Response: 200 - 0.0100s
2026-02-25 19:38:26,885 - api.main - INFO - Request: GET http://localhost:8000/api/rounds?limit=100&offset=0
2026-02-25 19:38:26,997 - api.main - INFO - Response: 200 - 0.1119s
2026-02-25 19:38:27,001 - api.main - INFO - Request: GET http://localhost:8000/api/dataset/info
2026-02-25 19:38:27,029 - utils.data_utils - INFO - Configuration loaded successfully from configs/config.yaml
2026-02-25 19:38:27,035 - api.main - INFO - Response: 200 - 0.0328s
2026-02-25 19:38:27,284 - api.main - INFO - Request: GET http://localhost:8000/api/metrics/banks
2026-02-25 19:38:27,292 - api.main - INFO - Request: GET http://localhost:8000/api/dataset/info
2026-02-25 19:38:27,309 - utils.data_utils - INFO - Configuration loaded successfully from configs/config.yaml
2026-02-25 19:38:27,311 - api.main - INFO - Response: 200 - 0.0262s
2026-02-25 19:38:27,313 - api.main - INFO - Response: 200 - 0.0202s
2026-02-25 19:38:28,894 - api.main - INFO - Request: GET http://localhost:8000/api/metrics/banks
2026-02-25 19:38:28,904 - api.main - INFO - Response: 200 - 0.0102s
2026-02-25 19:39:10,534 - api.main - INFO - Request: OPTIONS http://localhost:8000/api/fraud/predict
2026-02-25 19:39:10,564 - api.main - INFO - Request: OPTIONS http://localhost:8000/api/fraud/predict
2026-02-25 19:39:10,566 - api.main - INFO - Request: OPTIONS http://localhost:8000/api/fraud/predict
2026-02-25 19:39:10,573 - api.main - INFO - Response: 200 - 0.0456s
2026-02-25 19:39:10,592 - api.main - INFO - Response: 200 - 0.0275s
2026-02-25 19:39:10,594 - api.main - INFO - Response: 200 - 0.0285s
2026-02-25 19:39:10,614 - api.main - INFO - Request: POST http://localhost:8000/api/fraud/predict
2026-02-25 19:39:10,678 - api.main - INFO - Request: POST http://localhost:8000/api/fraud/predict
2026-02-25 19:39:10,679 - api.main - INFO - Request: POST http://localhost:8000/api/fraud/predict
2026-02-25 19:39:10,765 - api.services - INFO - Loading global_champion.pth...
2026-02-25 19:39:11,636 - utils.model_utils - INFO - Created FraudDetectionMLP with 55169 parameters
2026-02-25 19:39:11,638 - utils.model_utils - INFO - Architecture: 50 -> 256 -> 128 -> 64 -> 1
2026-02-25 19:39:11,680 - utils.model_utils - INFO - Model loaded from models\global_champion.pth (state_dict only, input_dim=50)
2026-02-25 19:39:11,683 - api.services - INFO - Model Router: loaded config_5_global_champion from global_champion.pth (key=config_5_global)
2026-02-25 19:39:12,029 - api.services - INFO - Inference successful.
2026-02-25 19:39:12,048 - api.services - INFO - Loading global_champion.pth...
2026-02-25 19:39:12,051 - api.services - INFO - Inference successful.
2026-02-25 19:39:12,053 - api.services - INFO - Loading global_champion.pth...
2026-02-25 19:39:12,061 - api.services - INFO - Inference successful.
2026-02-25 19:39:12,075 - api.main - INFO - Response: 200 - 1.4615s
2026-02-25 19:39:12,083 - api.main - INFO - Response: 200 - 1.4056s
2026-02-25 19:39:12,086 - api.main - INFO - Response: 200 - 1.4076s
2026-02-25 19:39:52,179 - api.main - INFO - Request: POST http://localhost:8000/api/fraud/predict
2026-02-25 19:39:52,215 - api.services - INFO - Loading global_champion.pth...
2026-02-25 19:39:52,300 - api.services - INFO - Inference successful.
2026-02-25 19:39:52,302 - api.main - INFO - Response: 200 - 0.1241s
2026-02-25 19:40:05,254 - api.main - INFO - Request: POST http://localhost:8000/api/fraud/predict
2026-02-25 19:40:05,256 - api.services - INFO - Loading global_champion.pth...
2026-02-25 19:40:06,135 - api.services - INFO - Inference successful.
2026-02-25 19:40:06,275 - api.main - INFO - Response: 200 - 1.0203s
2026-02-25 19:40:24,294 - api.main - INFO - Request: OPTIONS http://localhost:8000/api/fraud/benchmark
2026-02-25 19:40:24,296 - api.main - INFO - Response: 200 - 0.0020s
2026-02-25 19:40:24,299 - api.main - INFO - Request: POST http://localhost:8000/api/fraud/benchmark
2026-02-25 19:40:24,317 - api.main - INFO - Response: 404 - 0.0180s
2026-02-25 19:44:56,999 - api.main - INFO - Shutting down PrivFed API server...
2026-02-25 19:45:41,667 - utils.data_utils - INFO - Configuration loaded successfully from configs/config.yaml
2026-02-25 19:45:41,686 - api.main - INFO - Starting PrivFed API server...
2026-02-25 19:45:41,687 - api.main - INFO - PrivFed service initialized successfully
2026-02-25 19:45:41,690 - api.main - INFO - PrivFed API server started successfully
2026-02-25 19:45:49,263 - utils.data_utils - INFO - Configuration loaded successfully from configs/config.yaml
2026-02-25 19:45:49,285 - api.main - INFO - Starting PrivFed API server...
2026-02-25 19:45:49,285 - api.main - INFO - PrivFed service initialized successfully
2026-02-25 19:45:49,287 - api.main - INFO - PrivFed API server started successfully
2026-02-25 19:46:08,087 - api.main - INFO - Request: POST http://localhost:8000/api/fraud/predict
2026-02-25 19:46:08,095 - api.services - INFO - Loading global_champion.pth...
2026-02-25 19:46:08,229 - utils.model_utils - INFO - Created FraudDetectionMLP with 55169 parameters
2026-02-25 19:46:08,230 - utils.model_utils - INFO - Architecture: 50 -> 256 -> 128 -> 64 -> 1
2026-02-25 19:46:08,245 - utils.model_utils - INFO - Model loaded from models\global_champion.pth (state_dict only, input_dim=50)
2026-02-25 19:46:08,247 - api.services - INFO - Model Router: loaded config_5_global_champion from global_champion.pth (key=config_5_global)
2026-02-25 19:46:08,313 - api.services - INFO - Inference successful.
2026-02-25 19:46:08,319 - api.main - INFO - Response: 200 - 0.2316s
2026-02-25 19:46:18,009 - api.main - INFO - Request: POST http://localhost:8000/api/fraud/predict
2026-02-25 19:46:18,014 - api.services - INFO - Loading global_champion.pth...
2026-02-25 19:46:18,034 - api.services - INFO - Inference successful.
2026-02-25 19:46:18,037 - api.main - INFO - Response: 200 - 0.0271s
2026-02-25 19:46:19,455 - api.main - INFO - Request: POST http://localhost:8000/api/fraud/predict
2026-02-25 19:46:19,460 - api.services - INFO - Loading global_champion.pth...
2026-02-25 19:46:19,465 - api.services - INFO - Inference successful.
2026-02-25 19:46:19,466 - api.main - INFO - Response: 200 - 0.0110s
2026-02-25 19:46:22,939 - api.main - INFO - Request: POST http://localhost:8000/api/fraud/benchmark
2026-02-25 19:46:22,974 - utils.model_utils - INFO - Created FraudDetectionMLP with 55169 parameters
2026-02-25 19:46:22,976 - utils.model_utils - INFO - Architecture: 50 -> 256 -> 128 -> 64 -> 1
2026-02-25 19:46:22,981 - utils.model_utils - INFO - Model loaded from models\private_dp_champion.pth (state_dict only, input_dim=50)
2026-02-25 19:46:22,982 - api.services - INFO - Model Router: loaded config_4_dp from private_dp_champion.pth (key=config_4_private)
2026-02-25 19:46:23,014 - utils.model_utils - INFO - Created FraudDetectionMLP with 55169 parameters
2026-02-25 19:46:23,015 - utils.model_utils - INFO - Architecture: 50 -> 256 -> 128 -> 64 -> 1
2026-02-25 19:46:23,018 - utils.model_utils - INFO - Model loaded from models\bank_c_specialist.pth (state_dict only, input_dim=50)
2026-02-25 19:46:23,019 - api.services - INFO - Model Router: loaded config_8_bank_c_specialist from bank_c_specialist.pth (key=config_8_specialist)
2026-02-25 19:46:23,030 - api.main - INFO - Response: 200 - 0.0911s
2026-02-25 19:46:56,096 - api.main - INFO - Request: POST http://localhost:8000/api/fraud/benchmark
2026-02-25 19:46:56,111 - api.main - INFO - Response: 200 - 0.0148s
2026-02-25 19:47:04,901 - api.main - INFO - Request: POST http://localhost:8000/api/fraud/benchmark
2026-02-25 19:47:04,916 - api.main - INFO - Response: 200 - 0.0148s
2026-02-25 19:47:17,380 - api.main - INFO - Request: POST http://localhost:8000/api/fraud/benchmark
2026-02-25 19:47:17,395 - api.main - INFO - Response: 200 - 0.0150s
2026-02-25 19:48:14,490 - api.main - INFO - Request: POST http://localhost:8000/api/fraud/predict
2026-02-25 19:48:14,494 - api.services - INFO - Loading global_champion.pth...
2026-02-25 19:48:14,498 - api.services - INFO - Inference successful.
2026-02-25 19:48:14,500 - api.main - INFO - Response: 200 - 0.0103s
2026-02-25 19:52:32,490 - api.main - INFO - Shutting down PrivFed API server...
2026-02-25 19:53:08,294 - utils.data_utils - INFO - Configuration loaded successfully from configs/config.yaml
2026-02-25 19:53:08,327 - api.main - INFO - Starting PrivFed API server...
2026-02-25 19:53:08,328 - api.main - INFO - PrivFed service initialized successfully
2026-02-25 19:53:08,329 - api.main - INFO - PrivFed API server started successfully
2026-02-25 19:59:38,297 - api.main - INFO - Shutting down PrivFed API server...
2026-02-25 19:59:47,693 - utils.data_utils - INFO - Configuration loaded successfully from configs/config.yaml
2026-02-25 19:59:47,714 - api.main - INFO - Starting PrivFed API server...
2026-02-25 19:59:47,715 - api.main - INFO - PrivFed service initialized successfully
2026-02-25 19:59:47,716 - api.main - INFO - PrivFed API server started successfully
2026-02-25 20:01:20,739 - api.main - INFO - Request: OPTIONS http://localhost:8000/api/health
2026-02-25 20:01:20,764 - api.main - INFO - Response: 200 - 0.0276s
2026-02-25 20:01:20,778 - api.main - INFO - Request: GET http://localhost:8000/api/health
2026-02-25 20:01:20,804 - api.main - INFO - Response: 200 - 0.0257s
2026-02-25 20:01:26,812 - api.main - INFO - Request: OPTIONS http://localhost:8000/api/metrics/banks
2026-02-25 20:01:26,816 - api.main - INFO - Response: 200 - 0.0040s
2026-02-25 20:01:26,829 - api.main - INFO - Request: GET http://localhost:8000/api/metrics/banks
2026-02-25 20:01:35,989 - api.main - INFO - Response: 200 - 9.1597s
2026-02-25 20:01:40,688 - api.main - INFO - Request: OPTIONS http://localhost:8000/api/fraud/predict
2026-02-25 20:01:40,691 - api.main - INFO - Response: 200 - 0.0030s
2026-02-25 20:01:40,696 - api.main - INFO - Request: POST http://localhost:8000/api/fraud/predict
2026-02-25 20:01:40,701 - api.services - INFO - Loading global_champion.pth...
2026-02-25 20:01:40,941 - utils.model_utils - INFO - Created FraudDetectionMLP with 55169 parameters
2026-02-25 20:01:40,942 - utils.model_utils - INFO - Architecture: 50 -> 256 -> 128 -> 64 -> 1
2026-02-25 20:01:40,964 - utils.model_utils - INFO - Model loaded from models\global_champion.pth (state_dict only, input_dim=50)
2026-02-25 20:01:40,966 - api.services - INFO - Model Router: loaded config_5_global_champion from global_champion.pth (key=config_5_global)
2026-02-25 20:01:41,480 - api.services - INFO - Inference successful.
2026-02-25 20:01:41,484 - api.main - INFO - Response: 200 - 0.7887s
2026-02-25 20:01:54,105 - api.main - INFO - Request: OPTIONS http://localhost:8000/api/fraud/benchmark
2026-02-25 20:01:54,109 - api.main - INFO - Response: 200 - 0.0033s
2026-02-25 20:01:54,116 - api.main - INFO - Request: POST http://localhost:8000/api/fraud/benchmark
2026-02-25 20:01:54,135 - utils.model_utils - INFO - Created FraudDetectionMLP with 55169 parameters
2026-02-25 20:01:54,137 - utils.model_utils - INFO - Architecture: 50 -> 256 -> 128 -> 64 -> 1
2026-02-25 20:01:54,139 - utils.model_utils - INFO - Model loaded from models\private_dp_champion.pth (state_dict only, input_dim=50)
2026-02-25 20:01:54,140 - api.services - INFO - Model Router: loaded config_4_dp from private_dp_champion.pth (key=config_4_private)
2026-02-25 20:01:54,164 - utils.model_utils - INFO - Created FraudDetectionMLP with 55169 parameters
2026-02-25 20:01:54,165 - utils.model_utils - INFO - Architecture: 50 -> 256 -> 128 -> 64 -> 1
2026-02-25 20:01:54,167 - utils.model_utils - INFO - Model loaded from models\bank_c_specialist.pth (state_dict only, input_dim=50)
2026-02-25 20:01:54,168 - api.services - INFO - Model Router: loaded config_8_bank_c_specialist from bank_c_specialist.pth (key=config_8_specialist)
2026-02-25 20:01:54,194 - utils.model_utils - INFO - Created FraudDetectionMLP with 55169 parameters
2026-02-25 20:01:54,195 - utils.model_utils - INFO - Architecture: 50 -> 256 -> 128 -> 64 -> 1
2026-02-25 20:01:54,199 - utils.model_utils - INFO - Model loaded from models\local_baseline_bank_A.pth (state_dict only, input_dim=50)
2026-02-25 20:01:54,202 - api.services - INFO - Model Router: loaded local_baseline from local_baseline_bank_A.pth (key=local_baseline)
2026-02-25 20:01:54,206 - api.main - INFO - Response: 200 - 0.0899s
2026-02-25 20:02:05,438 - api.main - INFO - Request: POST http://localhost:8000/api/fraud/predict
2026-02-25 20:02:05,441 - api.services - INFO - Loading global_champion.pth...
2026-02-25 20:02:05,445 - api.services - INFO - Inference successful.
2026-02-25 20:02:05,446 - api.main - INFO - Response: 200 - 0.0082s
2026-02-25 20:02:12,128 - api.main - INFO - Request: POST http://localhost:8000/api/fraud/benchmark
2026-02-25 20:02:12,142 - api.main - INFO - Response: 200 - 0.0130s
2026-02-25 20:09:41,056 - api.main - INFO - Shutting down PrivFed API server...
2026-02-25 20:09:49,696 - utils.data_utils - INFO - Configuration loaded successfully from configs/config.yaml
2026-02-25 20:09:49,710 - api.main - INFO - Starting PrivFed API server...
2026-02-25 20:09:49,761 - utils.model_utils - INFO - Created FraudDetectionMLP with 55169 parameters
2026-02-25 20:09:49,762 - utils.model_utils - INFO - Architecture: 50 -> 256 -> 128 -> 64 -> 1
2026-02-25 20:09:49,768 - utils.model_utils - INFO - Model loaded from models\global_champion.pth (state_dict only, input_dim=50)
2026-02-25 20:09:49,768 - api.services - INFO - Model Router: loaded config_5_global_champion from global_champion.pth (key=config_5_global)
2026-02-25 20:09:49,769 - api.services - INFO - Preloaded model: config_5_global
2026-02-25 20:09:49,776 - utils.model_utils - INFO - Created FraudDetectionMLP with 55169 parameters
2026-02-25 20:09:49,777 - utils.model_utils - INFO - Architecture: 50 -> 256 -> 128 -> 64 -> 1
2026-02-25 20:09:49,778 - utils.model_utils - INFO - Model loaded from models\private_dp_champion.pth (state_dict only, input_dim=50)
2026-02-25 20:09:49,778 - api.services - INFO - Model Router: loaded config_4_dp from private_dp_champion.pth (key=config_4_private)
2026-02-25 20:09:49,778 - api.services - INFO - Preloaded model: config_4_private
2026-02-25 20:09:49,783 - utils.model_utils - INFO - Created FraudDetectionMLP with 55169 parameters
2026-02-25 20:09:49,783 - utils.model_utils - INFO - Architecture: 50 -> 256 -> 128 -> 64 -> 1
2026-02-25 20:09:49,784 - utils.model_utils - INFO - Model loaded from models\bank_c_specialist.pth (state_dict only, input_dim=50)
2026-02-25 20:09:49,784 - api.services - INFO - Model Router: loaded config_8_bank_c_specialist from bank_c_specialist.pth (key=config_8_specialist)
2026-02-25 20:09:49,784 - api.services - INFO - Preloaded model: config_8_specialist
2026-02-25 20:09:49,788 - utils.model_utils - INFO - Created FraudDetectionMLP with 55169 parameters
2026-02-25 20:09:49,788 - utils.model_utils - INFO - Architecture: 50 -> 256 -> 128 -> 64 -> 1
2026-02-25 20:09:49,789 - utils.model_utils - INFO - Model loaded from models\local_baseline_bank_A.pth (state_dict only, input_dim=50)
2026-02-25 20:09:49,790 - api.services - INFO - Model Router: loaded local_baseline from local_baseline_bank_A.pth (key=local_baseline)
2026-02-25 20:09:49,790 - api.services - INFO - Preloaded model: local_baseline
2026-02-25 20:09:49,790 - api.main - INFO - PrivFed API server started successfully
2026-02-25 20:50:40,683 - api.main - INFO - Request: OPTIONS http://localhost:8000/api/health
2026-02-25 20:50:40,716 - api.main - INFO - Response: 200 - 0.0399s
2026-02-25 20:50:40,749 - api.main - INFO - Request: GET http://localhost:8000/api/health
2026-02-25 20:50:40,801 - api.main - INFO - Response: 200 - 0.0518s
2026-02-25 20:51:30,769 - api.main - INFO - Request: GET http://localhost:8000/api/health
2026-02-25 20:51:30,839 - api.main - INFO - Response: 200 - 0.0756s
2026-02-25 20:55:22,815 - api.main - INFO - Request: OPTIONS http://localhost:8000/api/health
2026-02-25 20:55:22,964 - api.main - INFO - Response: 200 - 0.1760s
2026-02-25 20:55:23,131 - api.main - INFO - Request: GET http://localhost:8000/api/health
2026-02-25 20:55:23,334 - api.main - INFO - Response: 200 - 0.2030s
2026-02-25 20:55:31,044 - api.main - INFO - Request: OPTIONS http://localhost:8000/api/metrics/banks
2026-02-25 20:55:31,046 - api.main - INFO - Response: 200 - 0.0020s
2026-02-25 20:55:31,054 - api.main - INFO - Request: GET http://localhost:8000/api/metrics/banks
2026-02-25 20:55:43,341 - api.main - INFO - Response: 200 - 12.2867s
2026-02-25 20:55:56,062 - api.main - INFO - Request: OPTIONS http://localhost:8000/api/fraud/predict
2026-02-25 20:55:56,067 - api.main - INFO - Response: 200 - 0.0047s
2026-02-25 20:55:56,073 - api.main - INFO - Request: POST http://localhost:8000/api/fraud/predict
2026-02-25 20:55:56,078 - api.services - INFO - Loading global_champion.pth...
2026-02-25 20:55:56,551 - api.services - INFO - Inference successful.
2026-02-25 20:55:56,555 - api.main - INFO - Response: 200 - 0.4825s
2026-02-25 20:56:29,380 - api.main - INFO - Request: OPTIONS http://localhost:8000/api/fraud/benchmark
2026-02-25 20:56:29,391 - api.main - INFO - Response: 200 - 0.0136s
2026-02-25 20:56:29,402 - api.main - INFO - Request: POST http://localhost:8000/api/fraud/benchmark
2026-02-25 20:56:29,503 - api.main - INFO - Response: 200 - 0.1020s
2026-02-25 20:56:43,627 - api.main - INFO - Request: POST http://localhost:8000/api/fraud/benchmark
2026-02-25 20:56:43,674 - api.main - INFO - Response: 200 - 0.0475s
2026-02-25 21:31:58,195 - api.main - INFO - Request: OPTIONS http://localhost:8000/api/fraud/benchmark
2026-02-25 21:31:58,291 - api.main - INFO - Response: 200 - 0.1051s
2026-02-25 21:31:58,351 - api.main - INFO - Request: POST http://localhost:8000/api/fraud/benchmark
2026-02-25 21:31:58,887 - api.main - INFO - Response: 200 - 0.5365s
2026-02-25 21:37:29,116 - api.main - INFO - Request: POST http://localhost:8000/api/fraud/benchmark
2026-02-25 21:37:29,767 - api.main - INFO - Response: 200 - 0.6619s
2026-02-25 21:48:37,842 - api.main - INFO - Shutting down PrivFed API server...
2026-02-26 14:53:00,708 - utils.data_utils - INFO - Configuration loaded successfully from configs/config.yaml
2026-02-26 14:53:00,740 - api.main - INFO - Starting PrivFed API server...
2026-02-26 14:53:00,891 - utils.model_utils - INFO - Created FraudDetectionMLP with 55169 parameters
2026-02-26 14:53:00,891 - utils.model_utils - INFO - Architecture: 50 -> 256 -> 128 -> 64 -> 1
2026-02-26 14:53:00,905 - utils.model_utils - INFO - Model loaded from models\global_champion.pth (state_dict only, input_dim=50)
2026-02-26 14:53:00,906 - api.services - INFO - Model Router: loaded config_5_global_champion from global_champion.pth (key=config_5_global)
2026-02-26 14:53:00,907 - api.services - INFO - Preloaded model: config_5_global
2026-02-26 14:53:00,942 - utils.model_utils - INFO - Created FraudDetectionMLP with 55169 parameters
2026-02-26 14:53:00,942 - utils.model_utils - INFO - Architecture: 50 -> 256 -> 128 -> 64 -> 1
2026-02-26 14:53:00,944 - utils.model_utils - INFO - Model loaded from models\private_dp_champion.pth (state_dict only, input_dim=50)
2026-02-26 14:53:00,946 - api.services - INFO - Model Router: loaded config_4_dp from private_dp_champion.pth (key=config_4_private)
2026-02-26 14:53:00,946 - api.services - INFO - Preloaded model: config_4_private
2026-02-26 14:53:00,981 - utils.model_utils - INFO - Created FraudDetectionMLP with 55169 parameters
2026-02-26 14:53:00,982 - utils.model_utils - INFO - Architecture: 50 -> 256 -> 128 -> 64 -> 1
2026-02-26 14:53:00,984 - utils.model_utils - INFO - Model loaded from models\bank_c_specialist.pth (state_dict only, input_dim=50)
2026-02-26 14:53:00,986 - api.services - INFO - Model Router: loaded config_8_bank_c_specialist from bank_c_specialist.pth (key=config_8_specialist)
2026-02-26 14:53:00,986 - api.services - INFO - Preloaded model: config_8_specialist
2026-02-26 14:53:01,018 - utils.model_utils - INFO - Created FraudDetectionMLP with 55169 parameters
2026-02-26 14:53:01,019 - utils.model_utils - INFO - Architecture: 50 -> 256 -> 128 -> 64 -> 1
2026-02-26 14:53:01,020 - utils.model_utils - INFO - Model loaded from models\local_baseline_bank_A.pth (state_dict only, input_dim=50)
2026-02-26 14:53:01,022 - api.services - INFO - Model Router: loaded local_baseline from local_baseline_bank_A.pth (key=local_baseline)
2026-02-26 14:53:01,023 - api.services - INFO - Preloaded model: local_baseline
2026-02-26 14:53:01,023 - api.main - INFO - PrivFed API server started successfully
2026-02-26 14:54:01,107 - api.main - INFO - Request: OPTIONS http://localhost:8000/api/health
2026-02-26 14:54:01,114 - api.main - INFO - Response: 200 - 0.0080s
2026-02-26 14:54:01,127 - api.main - INFO - Request: GET http://localhost:8000/api/health
2026-02-26 14:54:01,145 - api.main - INFO - Response: 200 - 0.0183s
2026-02-26 14:54:02,489 - api.main - INFO - Request: OPTIONS http://localhost:8000/api/metrics/banks
2026-02-26 14:54:02,492 - api.main - INFO - Response: 200 - 0.0031s
2026-02-26 14:54:02,499 - api.main - INFO - Request: GET http://localhost:8000/api/metrics/banks
2026-02-26 14:54:08,306 - api.main - INFO - Response: 200 - 5.8063s
2026-02-26 14:54:09,587 - api.main - INFO - Request: OPTIONS http://localhost:8000/api/fraud/predict
2026-02-26 14:54:09,589 - api.main - INFO - Response: 200 - 0.0020s
2026-02-26 14:54:09,597 - api.main - INFO - Request: POST http://localhost:8000/api/fraud/predict
2026-02-26 14:54:09,600 - api.services - INFO - Loading global_champion.pth...
2026-02-26 14:54:09,764 - api.services - INFO - Inference successful.
2026-02-26 14:54:09,765 - api.main - INFO - Response: 200 - 0.1678s
2026-02-26 14:54:47,105 - api.main - INFO - Request: POST http://localhost:8000/api/fraud/predict
2026-02-26 14:54:47,107 - api.services - INFO - Loading global_champion.pth...
2026-02-26 14:54:47,111 - api.services - INFO - Inference successful.
2026-02-26 14:54:47,112 - api.main - INFO - Response: 200 - 0.0069s
2026-02-26 14:54:58,715 - api.main - INFO - Request: POST http://localhost:8000/api/fraud/predict
2026-02-26 14:54:58,716 - api.services - INFO - Loading global_champion.pth...
2026-02-26 14:54:58,721 - api.services - INFO - Inference successful.
2026-02-26 14:54:58,723 - api.main - INFO - Response: 200 - 0.0074s
2026-02-26 14:56:49,977 - api.main - INFO - Request: OPTIONS http://localhost:8000/api/fraud/benchmark
2026-02-26 14:56:49,978 - api.main - INFO - Response: 200 - 0.0012s
2026-02-26 14:56:49,981 - api.main - INFO - Request: POST http://localhost:8000/api/fraud/benchmark
2026-02-26 14:56:50,016 - api.main - INFO - Response: 200 - 0.0344s
2026-02-26 14:57:07,598 - api.main - INFO - Request: POST http://localhost:8000/api/fraud/benchmark
2026-02-26 14:57:07,613 - api.main - INFO - Response: 200 - 0.0147s
2026-02-26 14:57:59,275 - api.main - INFO - Request: POST http://localhost:8000/api/fraud/benchmark
2026-02-26 14:57:59,284 - api.main - INFO - Response: 200 - 0.0095s
2026-02-26 14:58:09,520 - api.main - INFO - Request: POST http://localhost:8000/api/fraud/benchmark
2026-02-26 14:58:09,534 - api.main - INFO - Response: 200 - 0.0146s
2026-02-26 14:58:22,992 - api.main - INFO - Request: POST http://localhost:8000/api/fraud/benchmark
2026-02-26 14:58:23,014 - api.main - INFO - Response: 200 - 0.0214s
2026-02-26 14:59:23,252 - api.main - INFO - Request: POST http://localhost:8000/api/fraud/predict
2026-02-26 14:59:23,258 - api.services - INFO - Loading global_champion.pth...
2026-02-26 14:59:23,262 - api.services - INFO - Inference successful.
2026-02-26 14:59:23,263 - api.main - INFO - Response: 200 - 0.0111s
2026-02-26 14:59:26,437 - api.main - INFO - Request: POST http://localhost:8000/api/fraud/predict
2026-02-26 14:59:26,439 - api.services - INFO - Loading global_champion.pth...
2026-02-26 14:59:26,443 - api.services - INFO - Inference successful.
2026-02-26 14:59:26,444 - api.main - INFO - Response: 200 - 0.0066s
2026-02-26 14:59:34,741 - api.main - INFO - Request: POST http://localhost:8000/api/fraud/benchmark
2026-02-26 14:59:34,752 - api.main - INFO - Response: 200 - 0.0110s
2026-02-26 14:59:39,506 - api.main - INFO - Request: POST http://localhost:8000/api/fraud/predict
2026-02-26 14:59:39,509 - api.services - INFO - Loading global_champion.pth...
2026-02-26 14:59:39,514 - api.services - INFO - Inference successful.
2026-02-26 14:59:39,516 - api.main - INFO - Response: 200 - 0.0100s
2026-02-26 14:59:48,548 - api.main - INFO - Request: POST http://localhost:8000/api/fraud/benchmark
2026-02-26 14:59:48,563 - api.main - INFO - Response: 200 - 0.0156s
2026-02-26 14:59:51,583 - api.main - INFO - Request: POST http://localhost:8000/api/fraud/predict
2026-02-26 14:59:51,585 - api.services - INFO - Loading global_champion.pth...
2026-02-26 14:59:51,595 - api.services - INFO - Inference successful.
2026-02-26 14:59:51,597 - api.main - INFO - Response: 200 - 0.0139s
2026-02-26 15:00:21,245 - api.main - INFO - Request: POST http://localhost:8000/api/fraud/predict
2026-02-26 15:00:21,246 - api.services - INFO - Loading global_champion.pth...
2026-02-26 15:00:21,249 - api.services - INFO - Inference successful.
2026-02-26 15:00:21,250 - api.main - INFO - Response: 200 - 0.0050s
2026-02-26 15:04:39,139 - api.main - INFO - Request: POST http://localhost:8000/api/fraud/benchmark
2026-02-26 15:04:39,177 - api.main - INFO - Response: 200 - 0.0380s
2026-02-26 15:04:47,965 - api.main - INFO - Request: POST http://localhost:8000/api/fraud/benchmark
2026-02-26 15:04:47,982 - api.main - INFO - Response: 200 - 0.0170s
2026-02-26 15:05:15,066 - api.main - INFO - Request: OPTIONS http://localhost:8000/api/fraud/predict
2026-02-26 15:05:15,066 - api.main - INFO - Response: 200 - 0.0000s
2026-02-26 15:05:15,071 - api.main - INFO - Request: POST http://localhost:8000/api/fraud/predict
2026-02-26 15:05:15,073 - api.services - INFO - Loading global_champion.pth...
2026-02-26 15:05:15,078 - api.services - INFO - Inference successful.
2026-02-26 15:05:15,082 - api.main - INFO - Response: 200 - 0.0100s
2026-02-26 15:05:33,606 - api.main - INFO - Request: POST http://localhost:8000/api/fraud/predict
2026-02-26 15:05:33,607 - api.services - INFO - Loading global_champion.pth...
2026-02-26 15:05:33,610 - api.services - INFO - Inference successful.
2026-02-26 15:05:33,611 - api.main - INFO - Response: 200 - 0.0053s
2026-02-26 15:06:02,735 - api.main - INFO - Request: POST http://localhost:8000/api/fraud/benchmark
2026-02-26 15:06:02,762 - api.main - INFO - Response: 200 - 0.0263s
2026-02-26 15:06:06,866 - api.main - INFO - Request: POST http://localhost:8000/api/fraud/benchmark
2026-02-26 15:06:06,887 - api.main - INFO - Response: 200 - 0.0211s
2026-02-26 15:10:51,358 - api.main - INFO - Request: POST http://localhost:8000/api/fraud/predict
2026-02-26 15:10:51,434 - api.services - INFO - Loading global_champion.pth...
2026-02-26 15:10:51,671 - api.services - INFO - Inference successful.
2026-02-26 15:10:51,683 - api.main - INFO - Response: 200 - 0.3295s
2026-02-26 15:12:01,531 - api.main - INFO - Request: POST http://localhost:8000/api/fraud/predict
2026-02-26 15:12:01,592 - api.services - INFO - Loading global_champion.pth...
2026-02-26 15:12:01,844 - api.services - INFO - Inference successful.
2026-02-26 15:12:01,866 - api.main - INFO - Response: 200 - 0.3367s
2026-02-26 15:12:16,169 - api.main - INFO - Request: POST http://localhost:8000/api/fraud/predict
2026-02-26 15:12:16,173 - api.services - INFO - Loading global_champion.pth...
2026-02-26 15:12:16,178 - api.services - INFO - Inference successful.
2026-02-26 15:12:16,179 - api.main - INFO - Response: 200 - 0.0096s
2026-02-26 15:12:19,669 - api.main - INFO - Request: POST http://localhost:8000/api/fraud/predict
2026-02-26 15:12:19,672 - api.services - INFO - Loading global_champion.pth...
2026-02-26 15:12:19,685 - api.services - INFO - Inference successful.
2026-02-26 15:12:19,687 - api.main - INFO - Response: 200 - 0.0185s
2026-02-26 15:20:11,263 - api.main - INFO - Request: OPTIONS http://localhost:8000/api/metrics/banks
2026-02-26 15:20:12,121 - api.main - INFO - Response: 200 - 0.9079s
2026-02-26 15:20:12,782 - api.main - INFO - Request: GET http://localhost:8000/api/metrics/banks
2026-02-26 15:20:26,039 - api.main - INFO - Response: 200 - 13.2566s
2026-02-26 15:26:36,693 - api.main - INFO - Request: GET http://localhost:8000/api/metrics/banks
2026-02-26 15:26:36,814 - api.main - INFO - Response: 200 - 0.1242s
2026-02-26 15:35:44,830 - api.main - INFO - Request: OPTIONS http://localhost:8000/api/health
2026-02-26 15:35:44,862 - api.main - INFO - Response: 200 - 0.0340s
2026-02-26 15:35:44,880 - api.main - INFO - Request: GET http://localhost:8000/api/health
2026-02-26 15:35:44,952 - api.main - INFO - Response: 200 - 0.0715s
2026-02-26 15:35:56,286 - api.main - INFO - Request: OPTIONS http://localhost:8000/api/metrics/banks
2026-02-26 15:35:56,287 - api.main - INFO - Response: 200 - 0.0010s
2026-02-26 15:35:56,294 - api.main - INFO - Request: GET http://localhost:8000/api/metrics/banks
2026-02-26 15:35:56,370 - api.main - INFO - Response: 200 - 0.0760s
2026-02-26 15:37:05,702 - api.main - INFO - Request: GET http://localhost:8000/api/metrics/banks
2026-02-26 15:37:05,783 - api.main - INFO - Response: 200 - 0.0812s
2026-02-26 15:37:44,560 - api.main - INFO - Request: GET http://localhost:8000/api/metrics/banks
2026-02-26 15:37:44,780 - api.main - INFO - Response: 200 - 0.2206s
2026-02-26 15:48:34,381 - api.main - INFO - Request: OPTIONS http://localhost:8000/api/health
2026-02-26 15:48:34,443 - api.main - INFO - Response: 200 - 0.0736s
2026-02-26 15:48:34,471 - api.main - INFO - Request: GET http://localhost:8000/api/health
2026-02-26 15:48:34,532 - api.main - INFO - Response: 200 - 0.0613s
2026-02-26 15:48:36,987 - api.main - INFO - Request: OPTIONS http://localhost:8000/api/metrics/banks
2026-02-26 15:48:36,991 - api.main - INFO - Response: 200 - 0.0041s
2026-02-26 15:48:37,002 - api.main - INFO - Request: GET http://localhost:8000/api/metrics/banks
2026-02-26 15:48:37,137 - api.main - INFO - Response: 200 - 0.1354s
2026-02-26 15:48:38,097 - api.main - INFO - Request: GET http://localhost:8000/api/metrics/banks
2026-02-26 15:48:38,144 - api.main - INFO - Response: 200 - 0.0473s
2026-02-26 15:48:38,176 - api.main - INFO - Request: GET http://localhost:8000/api/metrics/banks
2026-02-26 15:48:38,310 - api.main - INFO - Response: 200 - 0.1428s
2026-02-26 15:50:33,862 - api.main - INFO - Request: GET http://localhost:8000/api/metrics/banks
2026-02-26 15:50:36,096 - api.main - INFO - Response: 200 - 2.2349s
2026-02-26 15:50:49,557 - api.main - INFO - Request: GET http://localhost:8000/api/metrics/banks
2026-02-26 15:50:49,586 - api.main - INFO - Response: 200 - 0.0289s
2026-02-26 15:50:58,165 - api.main - INFO - Request: GET http://localhost:8000/api/metrics/banks
2026-02-26 15:50:58,386 - api.main - INFO - Response: 200 - 0.2175s
2026-02-26 15:52:21,600 - api.main - INFO - Request: GET http://localhost:8000/api/metrics/banks
2026-02-26 15:52:21,624 - api.main - INFO - Response: 200 - 0.0235s
2026-02-26 15:52:28,455 - api.main - INFO - Request: OPTIONS http://localhost:8000/api/rounds?limit=100&offset=0
2026-02-26 15:52:28,457 - api.main - INFO - Response: 200 - 0.0020s
2026-02-26 15:52:28,467 - api.main - INFO - Request: GET http://localhost:8000/api/metrics/banks
2026-02-26 15:52:28,490 - api.main - INFO - Response: 200 - 0.0224s
2026-02-26 15:52:28,497 - api.main - INFO - Request: OPTIONS http://localhost:8000/api/dataset/info
2026-02-26 15:52:28,500 - api.main - INFO - Response: 200 - 0.0030s
2026-02-26 15:52:28,511 - api.main - INFO - Request: GET http://localhost:8000/api/rounds?limit=100&offset=0
2026-02-26 15:52:28,773 - api.main - INFO - Response: 200 - 0.2624s
2026-02-26 15:52:28,788 - api.main - INFO - Request: GET http://localhost:8000/api/dataset/info
2026-02-26 15:52:28,939 - utils.data_utils - INFO - Configuration loaded successfully from configs/config.yaml
2026-02-26 15:52:28,964 - api.main - INFO - Response: 200 - 0.1755s
2026-02-26 15:52:29,305 - api.main - INFO - Request: GET http://localhost:8000/api/metrics/banks
2026-02-26 15:52:29,321 - api.main - INFO - Request: GET http://localhost:8000/api/dataset/info
2026-02-26 15:52:29,353 - utils.data_utils - INFO - Configuration loaded successfully from configs/config.yaml
2026-02-26 15:52:29,356 - api.main - INFO - Response: 200 - 0.0518s
2026-02-26 15:52:29,359 - api.main - INFO - Response: 200 - 0.0376s
2026-02-26 15:52:38,346 - api.main - INFO - Request: GET http://localhost:8000/api/metrics/banks
2026-02-26 15:52:39,055 - api.main - INFO - Response: 200 - 0.7090s
2026-02-26 15:57:55,385 - api.main - INFO - Request: OPTIONS http://localhost:8000/api/health
2026-02-26 15:57:55,492 - api.main - INFO - Response: 200 - 0.0814s
2026-02-26 15:57:58,477 - api.main - INFO - Request: OPTIONS http://localhost:8000/api/metrics/banks
2026-02-26 15:57:58,490 - api.main - INFO - Response: 200 - 0.0127s
2026-02-26 15:57:58,709 - api.main - INFO - Request: GET http://localhost:8000/api/metrics/banks
2026-02-26 15:58:00,347 - api.main - INFO - Response: 200 - 1.6375s
2026-02-26 15:58:49,340 - api.main - INFO - Request: GET http://localhost:8000/api/metrics/banks
2026-02-26 15:58:49,380 - api.main - INFO - Response: 200 - 0.0395s
2026-02-26 19:14:09,969 - api.main - INFO - Request: OPTIONS http://localhost:8000/api/health
2026-02-26 19:14:10,023 - api.main - INFO - Response: 200 - 0.0590s
2026-02-26 19:14:10,065 - api.main - INFO - Request: GET http://localhost:8000/api/health
2026-02-26 19:14:10,126 - api.main - INFO - Response: 200 - 0.0619s
2026-02-26 19:14:19,174 - api.main - INFO - Request: OPTIONS http://localhost:8000/api/metrics/banks
2026-02-26 19:14:19,177 - api.main - INFO - Response: 200 - 0.0025s
2026-02-26 19:14:19,195 - api.main - INFO - Request: GET http://localhost:8000/api/metrics/banks
2026-02-26 19:14:19,393 - api.main - INFO - Response: 200 - 0.1985s
2026-02-26 19:14:20,931 - api.main - INFO - Request: GET http://localhost:8000/api/metrics/banks
2026-02-26 19:14:20,960 - api.main - INFO - Response: 200 - 0.0297s
2026-02-26 19:14:21,036 - api.main - INFO - Request: GET http://localhost:8000/api/metrics/banks
2026-02-26 19:14:21,083 - api.main - INFO - Response: 200 - 0.0478s
2026-02-26 19:14:29,875 - api.main - INFO - Request: GET http://localhost:8000/api/metrics/banks
2026-02-26 19:14:29,919 - api.main - INFO - Response: 200 - 0.0430s
2026-02-26 19:14:34,001 - api.main - INFO - Request: OPTIONS http://localhost:8000/api/rounds?limit=100&offset=0
2026-02-26 19:14:34,006 - api.main - INFO - Response: 200 - 0.0048s
2026-02-26 19:14:34,020 - api.main - INFO - Request: GET http://localhost:8000/api/metrics/banks
2026-02-26 19:14:34,053 - api.main - INFO - Response: 200 - 0.0321s
2026-02-26 19:14:34,065 - api.main - INFO - Request: OPTIONS http://localhost:8000/api/dataset/info
2026-02-26 19:14:34,069 - api.main - INFO - Response: 200 - 0.0035s
2026-02-26 19:14:34,084 - api.main - INFO - Request: GET http://localhost:8000/api/rounds?limit=100&offset=0
2026-02-26 19:14:34,582 - api.main - INFO - Response: 200 - 0.4976s
2026-02-26 19:14:34,589 - api.main - INFO - Request: GET http://localhost:8000/api/dataset/info
2026-02-26 19:14:34,855 - utils.data_utils - INFO - Configuration loaded successfully from configs/config.yaml
2026-02-26 19:14:34,981 - api.main - INFO - Response: 200 - 0.3930s
2026-02-26 19:14:35,084 - api.main - INFO - Request: GET http://localhost:8000/api/metrics/banks
2026-02-26 19:14:35,119 - api.main - INFO - Request: GET http://localhost:8000/api/dataset/info
2026-02-26 19:14:35,716 - utils.data_utils - INFO - Configuration loaded successfully from configs/config.yaml
2026-02-26 19:14:35,723 - api.main - INFO - Response: 200 - 0.6398s
2026-02-26 19:14:35,728 - api.main - INFO - Response: 200 - 0.6080s
2026-02-26 19:37:02,696 - api.main - INFO - Request: OPTIONS http://localhost:8000/api/health
2026-02-26 19:37:02,753 - api.main - INFO - Response: 200 - 0.0634s
2026-02-26 19:37:02,797 - api.main - INFO - Request: GET http://localhost:8000/api/health
2026-02-26 19:37:02,883 - api.main - INFO - Response: 200 - 0.0867s
2026-02-26 19:37:05,589 - api.main - INFO - Request: OPTIONS http://localhost:8000/api/metrics/banks
2026-02-26 19:37:05,592 - api.main - INFO - Response: 200 - 0.0022s
2026-02-26 19:37:05,602 - api.main - INFO - Request: GET http://localhost:8000/api/metrics/banks
2026-02-26 19:37:05,775 - api.main - INFO - Response: 200 - 0.1735s
2026-02-26 19:37:21,527 - api.main - INFO - Request: GET http://localhost:8000/api/metrics/banks
2026-02-26 19:37:21,545 - api.main - INFO - Response: 200 - 0.0179s
2026-02-26 19:37:21,554 - api.main - INFO - Request: GET http://localhost:8000/api/metrics/banks
2026-02-26 19:37:21,568 - api.main - INFO - Response: 200 - 0.0141s
2026-02-26 19:45:25,881 - api.main - INFO - Request: OPTIONS http://localhost:8000/api/health
2026-02-26 19:45:25,928 - api.main - INFO - Response: 200 - 0.0592s
2026-02-26 19:45:25,980 - api.main - INFO - Request: GET http://localhost:8000/api/health
2026-02-26 19:45:26,061 - api.main - INFO - Response: 200 - 0.0820s
2026-02-26 19:45:28,284 - api.main - INFO - Request: OPTIONS http://localhost:8000/api/metrics/banks
2026-02-26 19:45:28,288 - api.main - INFO - Response: 200 - 0.0038s
2026-02-26 19:45:28,339 - api.main - INFO - Request: GET http://localhost:8000/api/metrics/banks
2026-02-26 19:45:28,707 - api.main - INFO - Response: 200 - 0.3678s
2026-02-26 19:53:53,036 - api.main - INFO - Shutting down PrivFed API server...
2026-02-26 19:54:52,755 - utils.data_utils - INFO - Configuration loaded successfully from configs/config.yaml
2026-02-26 19:54:52,802 - api.main - INFO - Starting PrivFed API server...
2026-02-26 19:54:52,916 - utils.model_utils - INFO - Created FraudDetectionMLP with 55169 parameters
2026-02-26 19:54:52,917 - utils.model_utils - INFO - Architecture: 50 -> 256 -> 128 -> 64 -> 1
2026-02-26 19:54:52,926 - utils.model_utils - INFO - Model loaded from models\global_champion.pth (state_dict only, input_dim=50)
2026-02-26 19:54:52,930 - api.services - INFO - Model Router: loaded config_5_global_champion from global_champion.pth (key=config_5_global)
2026-02-26 19:54:52,931 - api.services - INFO - Preloaded model: config_5_global
2026-02-26 19:54:52,938 - utils.model_utils - INFO - Created FraudDetectionMLP with 55169 parameters
2026-02-26 19:54:52,938 - utils.model_utils - INFO - Architecture: 50 -> 256 -> 128 -> 64 -> 1
2026-02-26 19:54:52,940 - utils.model_utils - INFO - Model loaded from models\private_dp_champion.pth (state_dict only, input_dim=50)
2026-02-26 19:54:52,940 - api.services - INFO - Model Router: loaded config_4_dp from private_dp_champion.pth (key=config_4_private)
2026-02-26 19:54:52,940 - api.services - INFO - Preloaded model: config_4_private
2026-02-26 19:54:52,953 - utils.model_utils - INFO - Created FraudDetectionMLP with 55169 parameters
2026-02-26 19:54:52,953 - utils.model_utils - INFO - Architecture: 50 -> 256 -> 128 -> 64 -> 1
2026-02-26 19:54:52,954 - utils.model_utils - INFO - Model loaded from models\bank_c_specialist.pth (state_dict only, input_dim=50)
2026-02-26 19:54:52,954 - api.services - INFO - Model Router: loaded config_8_bank_c_specialist from bank_c_specialist.pth (key=config_8_specialist)
2026-02-26 19:54:52,954 - api.services - INFO - Preloaded model: config_8_specialist
2026-02-26 19:54:52,966 - utils.model_utils - INFO - Created FraudDetectionMLP with 55169 parameters
2026-02-26 19:54:52,967 - utils.model_utils - INFO - Architecture: 50 -> 256 -> 128 -> 64 -> 1
2026-02-26 19:54:52,968 - utils.model_utils - INFO - Model loaded from models\local_baseline_bank_A.pth (state_dict only, input_dim=50)
2026-02-26 19:54:52,968 - api.services - INFO - Model Router: loaded local_baseline from local_baseline_bank_A.pth (key=local_baseline)
2026-02-26 19:54:52,968 - api.services - INFO - Preloaded model: local_baseline
2026-02-26 19:54:52,968 - api.main - INFO - PrivFed API server started successfully
2026-02-26 19:59:03,738 - api.main - INFO - Shutting down PrivFed API server...
2026-02-26 19:59:27,571 - utils.data_utils - INFO - Configuration loaded successfully from configs/config.yaml
2026-02-26 19:59:27,618 - api.main - INFO - Starting PrivFed API server...
2026-02-26 19:59:27,742 - utils.model_utils - INFO - Created FraudDetectionMLP with 55169 parameters
2026-02-26 19:59:27,743 - utils.model_utils - INFO - Architecture: 50 -> 256 -> 128 -> 64 -> 1
2026-02-26 19:59:27,753 - utils.model_utils - INFO - Model loaded from models\global_champion.pth (state_dict only, input_dim=50)
2026-02-26 19:59:27,753 - api.services - INFO - Model Router: loaded config_5_global_champion from global_champion.pth (key=config_5_global)
2026-02-26 19:59:27,754 - api.services - INFO - Preloaded model: config_5_global
2026-02-26 19:59:27,765 - utils.model_utils - INFO - Created FraudDetectionMLP with 55169 parameters
2026-02-26 19:59:27,768 - utils.model_utils - INFO - Architecture: 50 -> 256 -> 128 -> 64 -> 1
2026-02-26 19:59:27,771 - utils.model_utils - INFO - Model loaded from models\private_dp_champion.pth (state_dict only, input_dim=50)
2026-02-26 19:59:27,771 - api.services - INFO - Model Router: loaded config_4_dp from private_dp_champion.pth (key=config_4_private)
2026-02-26 19:59:27,772 - api.services - INFO - Preloaded model: config_4_private
2026-02-26 19:59:27,786 - utils.model_utils - INFO - Created FraudDetectionMLP with 55169 parameters
2026-02-26 19:59:27,787 - utils.model_utils - INFO - Architecture: 50 -> 256 -> 128 -> 64 -> 1
2026-02-26 19:59:27,789 - utils.model_utils - INFO - Model loaded from models\bank_c_specialist.pth (state_dict only, input_dim=50)
2026-02-26 19:59:27,790 - api.services - INFO - Model Router: loaded config_8_bank_c_specialist from bank_c_specialist.pth (key=config_8_specialist)
2026-02-26 19:59:27,790 - api.services - INFO - Preloaded model: config_8_specialist
2026-02-26 19:59:27,809 - utils.model_utils - INFO - Created FraudDetectionMLP with 55169 parameters
2026-02-26 19:59:27,810 - utils.model_utils - INFO - Architecture: 50 -> 256 -> 128 -> 64 -> 1
2026-02-26 19:59:27,818 - utils.model_utils - INFO - Model loaded from models\local_baseline_bank_A.pth (state_dict only, input_dim=50)
2026-02-26 19:59:27,820 - api.services - INFO - Model Router: loaded local_baseline from local_baseline_bank_A.pth (key=local_baseline)
2026-02-26 19:59:27,822 - api.services - INFO - Preloaded model: local_baseline
2026-02-26 19:59:27,822 - api.main - INFO - PrivFed API server started successfully
2026-02-26 19:59:57,197 - api.main - INFO - Shutting down PrivFed API server...
2026-02-26 20:01:38,586 - utils.data_utils - INFO - Configuration loaded successfully from configs/config.yaml
2026-02-26 20:01:38,642 - api.main - INFO - Starting PrivFed API server...
2026-02-26 20:01:38,755 - utils.model_utils - INFO - Created FraudDetectionMLP with 55169 parameters
2026-02-26 20:01:38,756 - utils.model_utils - INFO - Architecture: 50 -> 256 -> 128 -> 64 -> 1
2026-02-26 20:01:38,771 - utils.model_utils - INFO - Model loaded from models\global_champion.pth (state_dict only, input_dim=50)
2026-02-26 20:01:38,772 - api.services - INFO - Model Router: loaded config_5_global_champion from global_champion.pth (key=config_5_global)
2026-02-26 20:01:38,773 - api.services - INFO - Preloaded model: config_5_global
2026-02-26 20:01:38,799 - utils.model_utils - INFO - Created FraudDetectionMLP with 55169 parameters
2026-02-26 20:01:38,801 - utils.model_utils - INFO - Architecture: 50 -> 256 -> 128 -> 64 -> 1
2026-02-26 20:01:38,804 - utils.model_utils - INFO - Model loaded from models\private_dp_champion.pth (state_dict only, input_dim=50)
2026-02-26 20:01:38,804 - api.services - INFO - Model Router: loaded config_4_dp from private_dp_champion.pth (key=config_4_private)
2026-02-26 20:01:38,805 - api.services - INFO - Preloaded model: config_4_private
2026-02-26 20:01:38,829 - utils.model_utils - INFO - Created FraudDetectionMLP with 55169 parameters
2026-02-26 20:01:38,830 - utils.model_utils - INFO - Architecture: 50 -> 256 -> 128 -> 64 -> 1
2026-02-26 20:01:38,833 - utils.model_utils - INFO - Model loaded from models\bank_c_specialist.pth (state_dict only, input_dim=50)
2026-02-26 20:01:38,834 - api.services - INFO - Model Router: loaded config_8_bank_c_specialist from bank_c_specialist.pth (key=config_8_specialist)
2026-02-26 20:01:38,834 - api.services - INFO - Preloaded model: config_8_specialist
2026-02-26 20:01:38,856 - utils.model_utils - INFO - Created FraudDetectionMLP with 55169 parameters
2026-02-26 20:01:38,857 - utils.model_utils - INFO - Architecture: 50 -> 256 -> 128 -> 64 -> 1
2026-02-26 20:01:38,861 - utils.model_utils - INFO - Model loaded from models\local_baseline_bank_A.pth (state_dict only, input_dim=50)
2026-02-26 20:01:38,862 - api.services - INFO - Model Router: loaded local_baseline from local_baseline_bank_A.pth (key=local_baseline)
2026-02-26 20:01:38,863 - api.services - INFO - Preloaded model: local_baseline
2026-02-26 20:01:38,863 - api.main - INFO - PrivFed API server started successfully
2026-02-26 20:04:19,294 - api.main - INFO - Request: OPTIONS http://localhost:8000/api/health
2026-02-26 20:04:19,867 - api.main - INFO - Response: 200 - 0.5859s
2026-02-26 20:04:19,979 - api.main - INFO - Request: GET http://localhost:8000/api/health
2026-02-26 20:04:20,278 - api.main - INFO - Response: 200 - 0.2990s
2026-02-26 20:04:24,363 - api.main - INFO - Request: OPTIONS http://localhost:8000/api/metrics/banks
2026-02-26 20:04:24,370 - api.main - INFO - Response: 200 - 0.0077s
2026-02-26 20:04:24,381 - api.main - INFO - Request: GET http://localhost:8000/api/metrics/banks
2026-02-26 20:04:41,184 - api.main - INFO - Request: GET http://localhost:8000/api/plots/final_thesis_comparison.png
2026-02-26 20:04:41,186 - api.main - INFO - Response: 200 - 16.8040s
2026-02-26 20:04:41,696 - api.main - INFO - Request: GET http://localhost:8000/api/plots/local_baseline_auc_by_bank.png
2026-02-26 20:04:41,698 - api.main - INFO - Request: OPTIONS http://localhost:8000/api/audit
2026-02-26 20:04:41,699 - api.main - INFO - Request: GET http://localhost:8000/api/plots/privacy_utility_tradeoff_HD.png
2026-02-26 20:04:41,700 - api.main - INFO - Request: GET http://localhost:8000/api/plots/fairness_std_comparison.png
2026-02-26 20:04:41,796 - api.main - INFO - Response: 200 - 0.0992s
2026-02-26 20:04:41,811 - api.main - INFO - Response: 200 - 0.6268s
2026-02-26 20:04:41,829 - api.main - INFO - Response: 200 - 0.1333s
2026-02-26 20:04:41,832 - api.main - INFO - Response: 200 - 0.1333s
2026-02-26 20:04:41,836 - api.main - INFO - Response: 200 - 0.1360s
2026-02-26 20:07:21,558 - api.main - INFO - Request: GET http://localhost:8000/api/audit
2026-02-26 20:07:21,642 - api.main - INFO - Request: OPTIONS http://localhost:8000/api/health
2026-02-26 20:07:22,188 - api.main - INFO - Response: 200 - 0.6611s
2026-02-26 20:07:22,271 - api.main - INFO - Response: 200 - 0.6282s
2026-02-26 20:07:22,305 - api.main - INFO - Request: GET http://localhost:8000/api/health
2026-02-26 20:07:22,419 - api.main - INFO - Response: 200 - 0.1136s
2026-02-26 20:11:44,179 - api.main - INFO - Shutting down PrivFed API server...
2026-02-26 20:12:41,691 - utils.data_utils - INFO - Configuration loaded successfully from configs/config.yaml
2026-02-26 20:12:41,758 - api.main - INFO - Starting PrivFed API server...
2026-02-26 20:12:41,855 - utils.model_utils - INFO - Created FraudDetectionMLP with 55169 parameters
2026-02-26 20:12:41,855 - utils.model_utils - INFO - Architecture: 50 -> 256 -> 128 -> 64 -> 1
2026-02-26 20:12:41,866 - utils.model_utils - INFO - Model loaded from models\global_champion.pth (state_dict only, input_dim=50)
2026-02-26 20:12:41,867 - api.services - INFO - Model Router: loaded config_5_global_champion from global_champion.pth (key=config_5_global)
2026-02-26 20:12:41,868 - api.services - INFO - Preloaded model: config_5_global
2026-02-26 20:12:41,883 - utils.model_utils - INFO - Created FraudDetectionMLP with 55169 parameters
2026-02-26 20:12:41,884 - utils.model_utils - INFO - Architecture: 50 -> 256 -> 128 -> 64 -> 1
2026-02-26 20:12:41,888 - utils.model_utils - INFO - Model loaded from models\private_dp_champion.pth (state_dict only, input_dim=50)
2026-02-26 20:12:41,889 - api.services - INFO - Model Router: loaded config_4_dp from private_dp_champion.pth (key=config_4_private)
2026-02-26 20:12:41,890 - api.services - INFO - Preloaded model: config_4_private
2026-02-26 20:12:41,905 - utils.model_utils - INFO - Created FraudDetectionMLP with 55169 parameters
2026-02-26 20:12:41,905 - utils.model_utils - INFO - Architecture: 50 -> 256 -> 128 -> 64 -> 1
2026-02-26 20:12:41,907 - utils.model_utils - INFO - Model loaded from models\bank_c_specialist.pth (state_dict only, input_dim=50)
2026-02-26 20:12:41,909 - api.services - INFO - Model Router: loaded config_8_bank_c_specialist from bank_c_specialist.pth (key=config_8_specialist)
2026-02-26 20:12:41,909 - api.services - INFO - Preloaded model: config_8_specialist
2026-02-26 20:12:41,929 - utils.model_utils - INFO - Created FraudDetectionMLP with 55169 parameters
2026-02-26 20:12:41,930 - utils.model_utils - INFO - Architecture: 50 -> 256 -> 128 -> 64 -> 1
2026-02-26 20:12:41,932 - utils.model_utils - INFO - Model loaded from models\local_baseline_bank_A.pth (state_dict only, input_dim=50)
2026-02-26 20:12:41,937 - api.services - INFO - Model Router: loaded local_baseline from local_baseline_bank_A.pth (key=local_baseline)
2026-02-26 20:12:41,938 - api.services - INFO - Preloaded model: local_baseline
2026-02-26 20:12:41,939 - api.main - INFO - PrivFed API server started successfully
2026-02-26 20:13:54,834 - api.main - INFO - Request: OPTIONS http://localhost:8000/api/health
2026-02-26 20:13:54,954 - api.main - INFO - Response: 200 - 0.1211s
2026-02-26 20:13:54,984 - api.main - INFO - Request: GET http://localhost:8000/api/health
2026-02-26 20:13:55,036 - api.main - INFO - Response: 200 - 0.0531s
2026-02-26 20:13:59,255 - api.main - INFO - Request: OPTIONS http://localhost:8000/api/metrics/banks
2026-02-26 20:13:59,259 - api.main - INFO - Response: 200 - 0.0024s
2026-02-26 20:13:59,267 - api.main - INFO - Request: GET http://localhost:8000/api/metrics/banks
2026-02-26 20:14:08,462 - api.main - INFO - Response: 200 - 9.1952s
2026-02-26 20:14:13,985 - api.main - INFO - Request: GET http://localhost:8000/api/plots/final_thesis_comparison.png
2026-02-26 20:14:13,996 - api.main - INFO - Request: GET http://localhost:8000/api/plots/local_baseline_auc_by_bank.png
2026-02-26 20:14:15,093 - api.main - INFO - Request: GET http://localhost:8000/api/plots/fairness_std_comparison.png
2026-02-26 20:14:15,100 - api.main - INFO - Request: GET http://localhost:8000/api/plots/privacy_utility_tradeoff_HD.png
2026-02-26 20:14:15,122 - api.main - INFO - Response: 200 - 1.1374s
2026-02-26 20:14:15,145 - api.main - INFO - Request: OPTIONS http://localhost:8000/api/audit
2026-02-26 20:14:15,147 - api.main - INFO - Response: 200 - 1.1519s
2026-02-26 20:14:15,177 - api.main - INFO - Response: 200 - 0.0325s
2026-02-26 20:14:15,190 - api.main - INFO - Response: 200 - 0.0965s
2026-02-26 20:14:15,198 - api.main - INFO - Response: 200 - 0.0983s
2026-02-26 20:14:15,224 - api.main - INFO - Request: GET http://localhost:8000/api/audit
2026-02-26 20:14:15,368 - api.main - INFO - Response: 200 - 0.1434s
2026-02-26 20:15:07,861 - api.main - INFO - Request: GET http://localhost:8000/api/metrics/banks
2026-02-26 20:15:07,921 - api.main - INFO - Response: 200 - 0.0607s
2026-02-26 20:15:55,245 - api.main - INFO - Request: GET http://localhost:8000/api/metrics/banks
2026-02-26 20:15:55,387 - api.main - INFO - Response: 200 - 0.1422s
2026-02-26 20:30:35,127 - api.main - INFO - Request: OPTIONS http://localhost:8000/api/health
2026-02-26 20:30:35,206 - api.main - INFO - Response: 200 - 0.0898s
2026-02-26 20:30:35,256 - api.main - INFO - Request: GET http://localhost:8000/api/health
2026-02-26 20:30:35,334 - api.main - INFO - Response: 200 - 0.0780s
2026-02-26 20:30:37,400 - api.main - INFO - Request: OPTIONS http://localhost:8000/api/metrics/banks
2026-02-26 20:30:37,403 - api.main - INFO - Response: 200 - 0.0030s
2026-02-26 20:30:37,411 - api.main - INFO - Request: GET http://localhost:8000/api/metrics/banks
2026-02-26 20:30:37,571 - api.main - INFO - Response: 200 - 0.1600s
2026-02-26 20:31:09,962 - api.main - INFO - Request: GET http://localhost:8000/api/metrics/banks
2026-02-26 20:31:10,780 - api.main - INFO - Response: 200 - 0.8553s
2026-02-26 20:31:25,632 - api.main - INFO - Request: GET http://localhost:8000/api/metrics/banks
2026-02-26 20:31:25,699 - api.main - INFO - Response: 200 - 0.0681s
2026-02-26 20:31:37,136 - api.main - INFO - Request: GET http://localhost:8000/api/metrics/banks
2026-02-26 20:31:37,416 - api.main - INFO - Response: 200 - 0.2794s
2026-02-26 20:45:16,158 - api.main - INFO - Request: OPTIONS http://localhost:8000/api/health
2026-02-26 20:45:16,200 - api.main - INFO - Response: 200 - 0.0470s
2026-02-26 20:45:16,227 - api.main - INFO - Request: GET http://localhost:8000/api/health
2026-02-26 20:45:16,300 - api.main - INFO - Response: 200 - 0.0729s
2026-02-26 20:45:16,943 - api.main - INFO - Request: OPTIONS http://localhost:8000/api/metrics/banks
2026-02-26 20:45:16,946 - api.main - INFO - Response: 200 - 0.0021s
2026-02-26 20:45:16,953 - api.main - INFO - Request: GET http://localhost:8000/api/metrics/banks
2026-02-26 20:45:17,087 - api.main - INFO - Response: 200 - 0.1342s
2026-02-26 20:45:26,688 - api.main - INFO - Request: GET http://localhost:8000/api/metrics/banks
2026-02-26 20:45:26,699 - api.main - INFO - Response: 200 - 0.0112s
2026-02-26 20:45:30,880 - api.main - INFO - Request: GET http://localhost:8000/api/metrics/banks
2026-02-26 20:45:30,893 - api.main - INFO - Response: 200 - 0.0128s
2026-02-26 20:45:36,101 - api.main - INFO - Request: GET http://localhost:8000/api/metrics/banks
2026-02-26 20:45:36,112 - api.main - INFO - Response: 200 - 0.0107s
2026-02-26 20:45:42,358 - api.main - INFO - Request: OPTIONS http://localhost:8000/api/audit
2026-02-26 20:45:42,359 - api.main - INFO - Response: 200 - 0.0010s
2026-02-26 20:45:42,362 - api.main - INFO - Request: GET http://localhost:8000/api/audit
2026-02-26 20:45:42,852 - api.main - INFO - Response: 200 - 0.4899s
2026-02-26 20:45:48,590 - api.main - INFO - Request: GET http://localhost:8000/api/metrics/banks
2026-02-26 20:45:48,600 - api.main - INFO - Response: 200 - 0.0104s
2026-02-26 20:45:57,846 - api.main - INFO - Request: GET http://localhost:8000/api/metrics/banks
2026-02-26 20:45:57,852 - api.main - INFO - Response: 200 - 0.0056s
2026-02-26 20:52:01,184 - api.main - INFO - Request: GET http://localhost:8000/api/metrics/banks
2026-02-26 20:52:01,374 - api.main - INFO - Response: 200 - 0.1983s
2026-02-26 20:52:38,738 - api.main - INFO - Request: GET http://localhost:8000/api/metrics/banks
2026-02-26 20:52:38,754 - api.main - INFO - Response: 200 - 0.0156s
2026-02-26 20:52:50,577 - api.main - INFO - Request: GET http://localhost:8000/api/metrics/banks
2026-02-26 20:52:50,585 - api.main - INFO - Response: 200 - 0.0085s
2026-02-26 20:53:13,689 - api.main - INFO - Request: GET http://localhost:8000/api/metrics/banks
2026-02-26 20:53:13,698 - api.main - INFO - Response: 200 - 0.0085s
2026-02-26 20:53:37,306 - api.main - INFO - Request: GET http://localhost:8000/api/metrics/banks
2026-02-26 20:53:37,424 - api.main - INFO - Response: 200 - 0.1216s
2026-02-26 20:53:39,981 - api.main - INFO - Request: GET http://localhost:8000/api/metrics/banks
2026-02-26 20:53:39,988 - api.main - INFO - Response: 200 - 0.0073s
2026-02-26 20:53:44,772 - api.main - INFO - Request: GET http://localhost:8000/api/metrics/banks
2026-02-26 20:53:44,782 - api.main - INFO - Response: 200 - 0.0098s
2026-02-26 21:01:08,651 - api.main - INFO - Request: OPTIONS http://localhost:8000/api/health
2026-02-26 21:01:08,688 - api.main - INFO - Response: 200 - 0.0424s
2026-02-26 21:01:08,715 - api.main - INFO - Request: GET http://localhost:8000/api/health
2026-02-26 21:01:08,778 - api.main - INFO - Response: 200 - 0.0625s
2026-02-26 21:01:12,297 - api.main - INFO - Request: OPTIONS http://localhost:8000/api/metrics/banks
2026-02-26 21:01:12,301 - api.main - INFO - Response: 200 - 0.0035s
2026-02-26 21:01:12,312 - api.main - INFO - Request: GET http://localhost:8000/api/metrics/banks
2026-02-26 21:01:12,461 - api.main - INFO - Response: 200 - 0.1490s
2026-02-26 21:01:56,274 - api.main - INFO - Request: GET http://localhost:8000/api/metrics/banks
2026-02-26 21:01:56,342 - api.main - INFO - Response: 200 - 0.0704s
2026-02-26 21:02:00,685 - api.main - INFO - Request: GET http://localhost:8000/api/metrics/banks
2026-02-26 21:02:00,694 - api.main - INFO - Response: 200 - 0.0087s
2026-02-26 21:02:16,087 - api.main - INFO - Request: GET http://localhost:8000/api/metrics/banks
2026-02-26 21:02:16,100 - api.main - INFO - Response: 200 - 0.0129s
2026-02-26 21:02:21,704 - api.main - INFO - Request: GET http://localhost:8000/api/metrics/banks
2026-02-26 21:02:21,714 - api.main - INFO - Response: 200 - 0.0101s
2026-02-26 21:02:29,315 - api.main - INFO - Request: GET http://localhost:8000/api/metrics/banks
2026-02-26 21:02:29,351 - api.main - INFO - Response: 200 - 0.0363s
2026-02-26 21:02:33,419 - api.main - INFO - Request: GET http://localhost:8000/api/metrics/banks
2026-02-26 21:02:33,426 - api.main - INFO - Response: 200 - 0.0067s
2026-02-26 21:02:37,504 - api.main - INFO - Request: GET http://localhost:8000/api/plots/final_thesis_comparison.png
2026-02-26 21:02:37,555 - api.main - INFO - Request: GET http://localhost:8000/api/plots/local_baseline_auc_by_bank.png
2026-02-26 21:02:37,597 - api.main - INFO - Response: 200 - 0.0933s
2026-02-26 21:02:37,805 - api.main - INFO - Response: 200 - 0.2496s
2026-02-26 21:02:37,816 - api.main - INFO - Request: GET http://localhost:8000/api/plots/privacy_utility_tradeoff_HD.png
2026-02-26 21:02:37,825 - api.main - INFO - Request: GET http://localhost:8000/api/plots/fairness_std_comparison.png
2026-02-26 21:02:37,839 - api.main - INFO - Request: OPTIONS http://localhost:8000/api/audit
2026-02-26 21:02:37,845 - api.main - INFO - Response: 200 - 0.0281s
2026-02-26 21:02:37,851 - api.main - INFO - Response: 200 - 0.0125s
2026-02-26 21:02:37,855 - api.main - INFO - Response: 200 - 0.0296s
2026-02-26 21:02:37,859 - api.main - INFO - Request: GET http://localhost:8000/api/audit
2026-02-26 21:02:38,010 - api.main - INFO - Response: 200 - 0.1495s
2026-02-26 21:02:46,740 - api.main - INFO - Request: GET http://localhost:8000/api/metrics/banks
2026-02-26 21:02:46,751 - api.main - INFO - Response: 200 - 0.0106s
2026-02-26 21:02:54,362 - api.main - INFO - Request: GET http://localhost:8000/api/metrics/banks
2026-02-26 21:02:54,369 - api.main - INFO - Response: 200 - 0.0077s
2026-02-26 21:02:58,794 - api.main - INFO - Request: GET http://localhost:8000/api/metrics/banks
2026-02-26 21:02:58,800 - api.main - INFO - Response: 200 - 0.0064s
2026-02-26 21:04:12,510 - api.main - INFO - Shutting down PrivFed API server...
2026-02-27 15:49:08,835 - utils.data_utils - INFO - Configuration loaded successfully from configs/config.yaml
2026-02-27 15:49:09,312 - api.main - INFO - Starting PrivFed API server...
2026-02-27 15:49:14,999 - utils.model_utils - INFO - Created FraudDetectionMLP with 55169 parameters
2026-02-27 15:49:15,004 - utils.model_utils - INFO - Architecture: 50 -> 256 -> 128 -> 64 -> 1
2026-02-27 15:49:15,016 - utils.model_utils - INFO - Model loaded from models\global_champion.pth (state_dict only, input_dim=50)
2026-02-27 15:49:15,032 - api.services - INFO - Model Router: loaded config_5_global_champion from global_champion.pth (key=config_5_global)
2026-02-27 15:49:15,052 - api.services - INFO - Preloaded model: config_5_global
2026-02-27 15:49:15,111 - utils.model_utils - INFO - Created FraudDetectionMLP with 55169 parameters
2026-02-27 15:49:15,113 - utils.model_utils - INFO - Architecture: 50 -> 256 -> 128 -> 64 -> 1
2026-02-27 15:49:15,114 - utils.model_utils - INFO - Model loaded from models\private_dp_champion.pth (state_dict only, input_dim=50)
2026-02-27 15:49:15,115 - api.services - INFO - Model Router: loaded config_4_dp from private_dp_champion.pth (key=config_4_private)
2026-02-27 15:49:15,116 - api.services - INFO - Preloaded model: config_4_private
2026-02-27 15:49:15,187 - utils.model_utils - INFO - Created FraudDetectionMLP with 55169 parameters
2026-02-27 15:49:15,190 - utils.model_utils - INFO - Architecture: 50 -> 256 -> 128 -> 64 -> 1
2026-02-27 15:49:15,192 - utils.model_utils - INFO - Model loaded from models\bank_c_specialist.pth (state_dict only, input_dim=50)
2026-02-27 15:49:15,207 - api.services - INFO - Model Router: loaded config_8_bank_c_specialist from bank_c_specialist.pth (key=config_8_specialist)
2026-02-27 15:49:15,209 - api.services - INFO - Preloaded model: config_8_specialist
2026-02-27 15:49:15,278 - utils.model_utils - INFO - Created FraudDetectionMLP with 55169 parameters
2026-02-27 15:49:15,278 - utils.model_utils - INFO - Architecture: 50 -> 256 -> 128 -> 64 -> 1
2026-02-27 15:49:15,280 - utils.model_utils - INFO - Model loaded from models\local_baseline_bank_A.pth (state_dict only, input_dim=50)
2026-02-27 15:49:15,281 - api.services - INFO - Model Router: loaded local_baseline from local_baseline_bank_A.pth (key=local_baseline)
2026-02-27 15:49:15,281 - api.services - INFO - Preloaded model: local_baseline
2026-02-27 15:49:15,282 - api.main - INFO - PrivFed API server started successfully
2026-02-27 16:04:10,274 - api.main - INFO - Shutting down PrivFed API server...
