timestamp,config_id,config_label,run_type,round,learning_rate,batch_size,optimizer,weight_decay,local_epochs,client_fraction,strategy,dp_enabled,noise_multiplier,max_grad_norm,personalization_enabled,train_loss,val_loss,accuracy,auc,pr_auc,precision,recall,f1,privacy_epsilon,privacy_delta,bank_name,bank_auc,bank_pr_auc,bank_accuracy,bank_precision,bank_recall,bank_f1,bank_loss
2026-02-18T08:52:15.592812,7,Tuning Config 3,federated,0,0.002,512,adamw,0.0001,5,1.0,FedAvg,False,0.0,1.0,False,2.2043923416307996,2.2043923416307996,0.9668042473630366,0.6835919793233142,0.08114005022485202,0.0,0.0,0.0,,,,,,,,,,
2026-02-18T08:52:15.592812,7,Tuning Config 3,federated,0,0.002,512,adamw,0.0001,5,1.0,FedAvg,False,0.0,1.0,False,,,,,,0.0,0.0,0.0,,,bank_A,0.597331604558465,0.04183516405089437,0.9750879249706916,0.0,0.0,0.0,2.0021696639060975
2026-02-18T08:52:15.592812,7,Tuning Config 3,federated,0,0.002,512,adamw,0.0001,5,1.0,FedAvg,False,0.0,1.0,False,,,,,,0.0,0.0,0.0,,,bank_B,0.5863906216207585,0.03864479180852126,0.9754401047263633,0.0,0.0,0.0,1.7887631583213806
2026-02-18T08:52:15.592812,7,Tuning Config 3,federated,0,0.002,512,adamw,0.0001,5,1.0,FedAvg,False,0.0,1.0,False,,,,,,0.0,0.0,0.0,,,bank_C,0.7404092511459012,0.13597490922633673,0.9448310896621793,0.0,0.0,0.0,2.971137994295591
2026-02-18T08:52:15.690529,7,Tuning Config 3,federated,1,0.002,512,adamw,0.0001,5,1.0,FedAvg,False,0.0,1.0,False,0.7075129098125866,0.7075129098125866,0.9579849719547042,0.3441402601709268,0.027575999568591174,0.05985915492957746,0.018065887353878853,0.027755102040816326,,,,,,,,,,
2026-02-18T08:52:15.690529,7,Tuning Config 3,federated,1,0.002,512,adamw,0.0001,5,1.0,FedAvg,False,0.0,1.0,False,,,,,,0.05985915492957746,0.018065887353878853,0.027755102040816326,,,bank_A,0.45583645789745614,0.025341340338972305,0.9658655724892536,0.04961832061068702,0.0203921568627451,0.028904947192884937,0.6761729496717453
2026-02-18T08:52:15.690529,7,Tuning Config 3,federated,1,0.002,512,adamw,0.0001,5,1.0,FedAvg,False,0.0,1.0,False,,,,,,0.05985915492957746,0.018065887353878853,0.027755102040816326,,,bank_B,0.45008882873487194,0.024131712169603386,0.9689337840214142,0.043835616438356165,0.012728719172633254,0.01972872996300863,0.6777805715799332
2026-02-18T08:52:15.690529,7,Tuning Config 3,federated,1,0.002,512,adamw,0.0001,5,1.0,FedAvg,False,0.0,1.0,False,,,,,,0.05985915492957746,0.018065887353878853,0.027755102040816326,,,bank_C,0.28845694415935746,0.04065530698472077,0.9369570739141478,0.08776595744680851,0.015193370165745856,0.025902668759811617,0.7575831761607876
2026-02-18T08:52:15.774443,7,Tuning Config 3,federated,2,0.002,512,adamw,0.0001,5,1.0,FedAvg,False,0.0,1.0,False,0.7612856892602784,0.7612856892602784,0.9583377429710375,0.39558155815457463,0.037464080117878204,0.10526315789473684,0.03400637619553666,0.05140562248995984,,,,,,,,,,
2026-02-18T08:52:15.774443,7,Tuning Config 3,federated,2,0.002,512,adamw,0.0001,5,1.0,FedAvg,False,0.0,1.0,False,,,,,,0.10526315789473684,0.03400637619553666,0.05140562248995984,,,bank_A,0.524016368354776,0.03747745580557035,0.966295427901524,0.08941605839416059,0.038431372549019606,0.05375754251234229,0.7578909939527512
2026-02-18T08:52:15.774443,7,Tuning Config 3,federated,2,0.002,512,adamw,0.0001,5,1.0,FedAvg,False,0.0,1.0,False,,,,,,0.10526315789473684,0.03400637619553666,0.05140562248995984,,,bank_B,0.5098531071923039,0.03343143706121315,0.966686856450636,0.09124087591240876,0.03977724741447892,0.055401662049861494,0.7513914597034455
2026-02-18T08:52:15.774443,7,Tuning Config 3,federated,2,0.002,512,adamw,0.0001,5,1.0,FedAvg,False,0.0,1.0,False,,,,,,0.10526315789473684,0.03400637619553666,0.05140562248995984,,,bank_C,0.3519236489377387,0.04952307004924667,0.9366014732029464,0.11244019138755981,0.0216390423572744,0.036293436293436294,0.7785227763188349
2026-02-18T08:52:15.880069,7,Tuning Config 3,federated,3,0.002,512,adamw,0.0001,5,1.0,FedAvg,False,0.0,1.0,False,0.7203143952148301,0.7203143952148301,0.9580555261579708,0.3854455104698328,0.03340806099739334,0.06643356643356643,0.020191285866099893,0.030969845150774247,,,,,,,,,,
2026-02-18T08:52:15.880069,7,Tuning Config 3,federated,3,0.002,512,adamw,0.0001,5,1.0,FedAvg,False,0.0,1.0,False,,,,,,0.06643356643356643,0.020191285866099893,0.030969845150774247,,,bank_A,0.4726385387137521,0.02849603952527372,0.9662563501367721,0.07196969696969698,0.02980392156862745,0.04215196894065446,0.7209986412525177
2026-02-18T08:52:15.880069,7,Tuning Config 3,federated,3,0.002,512,adamw,0.0001,5,1.0,FedAvg,False,0.0,1.0,False,,,,,,0.06643356643356643,0.020191285866099893,0.030969845150774247,,,bank_B,0.45249543028553757,0.026149237183578623,0.9661593169340185,0.045889101338432124,0.01909307875894988,0.02696629213483146,0.7194976997375488
2026-02-18T08:52:15.880069,7,Tuning Config 3,federated,3,0.002,512,adamw,0.0001,5,1.0,FedAvg,False,0.0,1.0,False,,,,,,0.06643356643356643,0.020191285866099893,0.030969845150774247,,,bank_C,0.31915850344238195,0.046019764449872526,0.936245872491745,0.08168316831683169,0.015193370165745856,0.02562111801242236,0.7193514495700984
2026-02-18T08:52:15.951258,7,Tuning Config 3,federated,4,0.002,512,adamw,0.0001,5,1.0,FedAvg,False,0.0,1.0,False,0.8420289935810226,0.8420289935810226,0.9591843934102374,0.4792762981616303,0.05527244618121951,0.17272727272727273,0.06057385759829968,0.08969315499606609,,,,,,,,,,
2026-02-18T08:52:15.951258,7,Tuning Config 3,federated,4,0.002,512,adamw,0.0001,5,1.0,FedAvg,False,0.0,1.0,False,,,,,,0.17272727272727273,0.06057385759829968,0.08969315499606609,,,bank_A,0.5663494129041258,0.044049743338220086,0.9666666666666667,0.11858407079646018,0.05254901960784314,0.07282608695652174,0.8685426920652389
2026-02-18T08:52:15.951258,7,Tuning Config 3,federated,4,0.002,512,adamw,0.0001,5,1.0,FedAvg,False,0.0,1.0,False,,,,,,0.17272727272727273,0.06057385759829968,0.08969315499606609,,,bank_B,0.5470773650730334,0.03919890727119815,0.9669994724604833,0.10869565217391304,0.0477326968973747,0.06633499170812604,0.8481828945875168
2026-02-18T08:52:15.951258,7,Tuning Config 3,federated,4,0.002,512,adamw,0.0001,5,1.0,FedAvg,False,0.0,1.0,False,,,,,,0.17272727272727273,0.06057385759829968,0.08969315499606609,,,bank_C,0.43434091859430846,0.07883329897439777,0.938252476504953,0.2318840579710145,0.05156537753222836,0.08436911487758945,0.8074170250397223
2026-02-18T09:38:40.352791,5,Tuning Config 1,federated,0,0.0005,512,adam,1e-05,5,0.67,FedAvg,False,0.0,1.0,False,1.028706781566143,1.028706781566143,0.9577380322432709,0.3145852312644679,0.0255639016934672,0.036101083032490974,0.010626992561105207,0.016420361247947456,,,,,,,,,,
2026-02-18T09:38:40.352791,5,Tuning Config 1,federated,0,0.0005,512,adam,1e-05,5,0.67,FedAvg,False,0.0,1.0,False,,,,,,0.036101083032490974,0.010626992561105207,0.016420361247947456,,,bank_A,0.4121878078152411,0.022025523049663348,0.9663735834310277,0.031512605042016806,0.011764705882352941,0.017133066818960593,0.8049146682024002
2026-02-18T09:38:40.352791,5,Tuning Config 1,federated,0,0.0005,512,adam,1e-05,5,0.67,FedAvg,False,0.0,1.0,False,,,,,,0.036101083032490974,0.010626992561105207,0.016420361247947456,,,bank_B,0.4087162208115604,0.0208354740539277,0.9662374709364804,0.01642710472279261,0.006364359586316627,0.009174311926605505,0.7819344455003738
2026-02-18T09:38:40.352791,5,Tuning Config 1,federated,0,0.0005,512,adam,1e-05,5,0.67,FedAvg,False,0.0,1.0,False,,,,,,0.036101083032490974,0.010626992561105207,0.016420361247947456,,,bank_C,0.26367447130021543,0.04065929980986241,0.936271272542545,0.08395061728395062,0.01565377532228361,0.026387272021730693,1.4651012861883486
2026-02-18T09:38:40.424975,5,Tuning Config 1,federated,1,0.0005,512,adam,1e-05,5,0.67,FedAvg,False,0.0,1.0,False,0.6533537379332951,0.6533537379332951,0.9589021765971708,0.2993629931095551,0.025419219624622506,0.09124087591240876,0.026567481402763018,0.0411522633744856,,,,,,,,,,
2026-02-18T09:38:40.424975,5,Tuning Config 1,federated,1,0.0005,512,adam,1e-05,5,0.67,FedAvg,False,0.0,1.0,False,,,,,,0.09124087591240876,0.026567481402763018,0.0411522633744856,,,bank_A,0.3770191913655553,0.019473985154369846,0.972000781555295,0.05113636363636364,0.007058823529411765,0.012405237767057202,0.6482248955965042
2026-02-18T09:38:40.424975,5,Tuning Config 1,federated,1,0.0005,512,adam,1e-05,5,0.67,FedAvg,False,0.0,1.0,False,,,,,,0.09124087591240876,0.026567481402763018,0.0411522633744856,,,bank_B,0.3733585710582393,0.018785021398478,0.9723139446278892,0.012195121951219513,0.0015910898965791568,0.0028149190710767065,0.6564884859323502
2026-02-18T09:38:40.424975,5,Tuning Config 1,federated,1,0.0005,512,adam,1e-05,5,0.67,FedAvg,False,0.0,1.0,False,,,,,,0.09124087591240876,0.026567481402763018,0.0411522633744856,,,bank_C,0.2550414290377995,0.038978112283212435,0.9366268732537465,0.11270983213429256,0.0216390423572744,0.03630745461568173,0.6432483753600677
2026-02-18T09:38:40.517105,5,Tuning Config 1,federated,2,0.0005,512,adam,1e-05,5,0.67,FedAvg,False,0.0,1.0,False,0.6596330819385392,0.6596330819385392,0.9590432850037041,0.3725039305447747,0.04469369119024202,0.14285714285714285,0.04675876726886291,0.07045636509207366,,,,,,,,,,
2026-02-18T09:38:40.517105,5,Tuning Config 1,federated,2,0.0005,512,adam,1e-05,5,0.67,FedAvg,False,0.0,1.0,False,,,,,,0.14285714285714285,0.04675876726886291,0.07045636509207366,,,bank_A,0.3947511801835252,0.022514604358173873,0.9671942164908167,0.07740585774058577,0.029019607843137254,0.042213348545350825,0.6469041270017624
2026-02-18T09:38:40.517105,5,Tuning Config 1,federated,2,0.0005,512,adam,1e-05,5,0.67,FedAvg,False,0.0,1.0,False,,,,,,0.14285714285714285,0.04675876726886291,0.07045636509207366,,,bank_B,0.4215395228910235,0.025499414041007775,0.9667454719524824,0.0825515947467167,0.035003977724741446,0.049162011173184354,0.65350028693676
2026-02-18T09:38:40.517105,5,Tuning Config 1,federated,2,0.0005,512,adam,1e-05,5,0.67,FedAvg,False,0.0,1.0,False,,,,,,0.14285714285714285,0.04675876726886291,0.07045636509207366,,,bank_C,0.3658290901994077,0.07164226201858258,0.9385826771653544,0.24375,0.05386740331491713,0.08823529411764706,0.6722543440855943
2026-02-18T09:38:40.585927,5,Tuning Config 1,federated,3,0.0005,512,adam,1e-05,5,0.67,FedAvg,False,0.0,1.0,False,0.7154210007616452,0.7154210007616452,0.9580555261579708,0.5183618075674455,0.0665288612794042,0.08108108108108109,0.025504782146652496,0.038803556992724336,,,,,,,,,,
2026-02-18T09:38:40.585927,5,Tuning Config 1,federated,3,0.0005,512,adam,1e-05,5,0.67,FedAvg,False,0.0,1.0,False,,,,,,0.08108108108108109,0.025504782146652496,0.038803556992724336,,,bank_A,0.40643055530999095,0.023872669711122115,0.9659046502540055,0.054924242424242424,0.022745098039215685,0.03216860787576262,0.6867611694335938
2026-02-18T09:38:40.585927,5,Tuning Config 1,federated,3,0.0005,512,adam,1e-05,5,0.67,FedAvg,False,0.0,1.0,False,,,,,,0.08108108108108109,0.025504782146652496,0.038803556992724336,,,bank_B,0.4201813327459011,0.02909319387585579,0.9675856274789473,0.10276679841897234,0.04136833731105807,0.05899035734543392,0.6775695347785949
2026-02-18T09:38:40.585927,5,Tuning Config 1,federated,3,0.0005,512,adam,1e-05,5,0.67,FedAvg,False,0.0,1.0,False,,,,,,0.08108108108108109,0.025504782146652496,0.038803556992724336,,,bank_C,0.6155616571595317,0.11627876534363375,0.9375666751333502,0.18640350877192982,0.03913443830570902,0.06468797564687975,0.7953451097785652
2026-02-18T09:38:40.672758,5,Tuning Config 1,federated,4,0.0005,512,adam,1e-05,5,0.67,FedAvg,False,0.0,1.0,False,0.6457456211958613,0.6457456211958613,0.960736585882104,0.38739994492235186,0.05695051648095499,0.26881720430107525,0.10626992561105207,0.15232292460015232,,,,,,,,,,
2026-02-18T09:38:40.672758,5,Tuning Config 1,federated,4,0.0005,512,adam,1e-05,5,0.67,FedAvg,False,0.0,1.0,False,,,,,,0.26881720430107525,0.10626992561105207,0.15232292460015232,,,bank_A,0.41053226227872175,0.022449571856450433,0.9655138726064869,0.01195219123505976,0.004705882352941176,0.006752954417557681,0.6555019432306289
2026-02-18T09:38:40.672758,5,Tuning Config 1,federated,4,0.0005,512,adam,1e-05,5,0.67,FedAvg,False,0.0,1.0,False,,,,,,0.26881720430107525,0.10626992561105207,0.15232292460015232,,,bank_B,0.4164803054341884,0.03187334958784388,0.9668627029561752,0.09276437847866419,0.03977724741447892,0.0556792873051225,0.6503437745571137
2026-02-18T09:38:40.672758,5,Tuning Config 1,federated,4,0.0005,512,adam,1e-05,5,0.67,FedAvg,False,0.0,1.0,False,,,,,,0.26881720430107525,0.10626992561105207,0.15232292460015232,,,bank_C,0.3813019796901891,0.1418016728290566,0.9431546863093726,0.4501510574018127,0.13720073664825047,0.21030345800988004,0.626540699562469
2026-02-18T09:38:40.737386,5,Tuning Config 1,federated,5,0.0005,512,adam,1e-05,5,0.67,FedAvg,False,0.0,1.0,False,0.6827596319573266,0.6827596319573266,0.9590080079020707,0.4873942021740548,0.060719810457764034,0.16,0.05526036131774708,0.08214849921011058,,,,,,,,,,
2026-02-18T09:38:40.737386,5,Tuning Config 1,federated,5,0.0005,512,adam,1e-05,5,0.67,FedAvg,False,0.0,1.0,False,,,,,,0.16,0.05526036131774708,0.08214849921011058,,,bank_A,0.42007451019682496,0.024201015494585695,0.9658851113716296,0.04798464491362764,0.0196078431372549,0.02783964365256125,0.6640751230716705
2026-02-18T09:38:40.737386,5,Tuning Config 1,federated,5,0.0005,512,adam,1e-05,5,0.67,FedAvg,False,0.0,1.0,False,,,,,,0.16,0.05526036131774708,0.08214849921011058,,,bank_B,0.4228803278198454,0.029363119412638167,0.9667454719524824,0.08872458410351201,0.03818615751789976,0.05339265850945495,0.6595298254489899
2026-02-18T09:38:40.737386,5,Tuning Config 1,federated,5,0.0005,512,adam,1e-05,5,0.67,FedAvg,False,0.0,1.0,False,,,,,,0.16,0.05526036131774708,0.08214849921011058,,,bank_C,0.5608672004287047,0.0989695989479043,0.9371602743205486,0.14883720930232558,0.029465930018416207,0.04919292851652575,0.7346864056277584
2026-02-18T09:38:40.828210,5,Tuning Config 1,federated,6,0.0005,512,adam,1e-05,5,0.67,FedAvg,False,0.0,1.0,False,0.9098268917628697,0.9098268917628697,0.9595724415282041,0.6273762899178201,0.07992201503090718,0.1976401179941003,0.07120085015940489,0.1046875,,,,,,,,,,
2026-02-18T09:38:40.828210,5,Tuning Config 1,federated,6,0.0005,512,adam,1e-05,5,0.67,FedAvg,False,0.0,1.0,False,,,,,,0.1976401179941003,0.07120085015940489,0.1046875,,,bank_A,0.5160825568580303,0.03524430355514356,0.9660805001953888,0.0691588785046729,0.029019607843137254,0.04088397790055249,0.8738521140813827
2026-02-18T09:38:40.828210,5,Tuning Config 1,federated,6,0.0005,512,adam,1e-05,5,0.67,FedAvg,False,0.0,1.0,False,,,,,,0.1976401179941003,0.07120085015940489,0.1046875,,,bank_B,0.4982811184057843,0.032301266957080146,0.9665500869463277,0.07635009310986965,0.03261734287987271,0.045707915273132664,0.8389239031076431
2026-02-18T09:38:40.828210,5,Tuning Config 1,federated,6,0.0005,512,adam,1e-05,5,0.67,FedAvg,False,0.0,1.0,False,,,,,,0.1976401179941003,0.07120085015940489,0.1046875,,,bank_C,0.6991618541839266,0.1289958267864862,0.9383794767589535,0.23760330578512398,0.05294659300184162,0.08659638554216867,1.0434299103625408
2026-02-18T09:38:40.897666,5,Tuning Config 1,federated,7,0.0005,512,adam,1e-05,5,0.67,FedAvg,False,0.0,1.0,False,0.8660290592483112,0.8660290592483112,0.9591138392069708,0.6183564331926044,0.0741467023272168,0.159375,0.05419766206163656,0.08088818398096749,,,,,,,,,,
2026-02-18T09:38:40.897666,5,Tuning Config 1,federated,7,0.0005,512,adam,1e-05,5,0.67,FedAvg,False,0.0,1.0,False,,,,,,0.159375,0.05419766206163656,0.08088818398096749,,,bank_A,0.5180465629794649,0.03483186857147817,0.9661391168425166,0.07592592592592592,0.03215686274509804,0.045179063360881545,0.83815061211586
2026-02-18T09:38:40.897666,5,Tuning Config 1,federated,7,0.0005,512,adam,1e-05,5,0.67,FedAvg,False,0.0,1.0,False,,,,,,0.159375,0.05419766206163656,0.08088818398096749,,,bank_B,0.5142352891908828,0.03344479511199028,0.9665110099450969,0.07763401109057301,0.03341288782816229,0.04671857619577308,0.810707010626793
2026-02-18T09:38:40.897666,5,Tuning Config 1,federated,7,0.0005,512,adam,1e-05,5,0.67,FedAvg,False,0.0,1.0,False,,,,,,0.159375,0.05419766206163656,0.08088818398096749,,,bank_C,0.6916742674733399,0.11993322929405086,0.9384556769113538,0.24229979466119098,0.05432780847145488,0.08875517111696127,0.9735371516896533
2026-02-18T09:38:40.991245,5,Tuning Config 1,federated,8,0.0005,512,adam,1e-05,5,0.67,FedAvg,False,0.0,1.0,False,0.6765046396425792,0.6765046396425792,0.9581260803612375,0.35939196820231356,0.03409324001955737,0.09,0.028692879914984058,0.043513295729250605,,,,,,,,,,
2026-02-18T09:38:40.991245,5,Tuning Config 1,federated,8,0.0005,512,adam,1e-05,5,0.67,FedAvg,False,0.0,1.0,False,,,,,,0.09,0.028692879914984058,0.043513295729250605,,,bank_A,0.39387064442047737,0.02208033873579638,0.9659632669011332,0.05860113421550094,0.02431372549019608,0.03436807095343681,0.6601393175125122
2026-02-18T09:38:40.991245,5,Tuning Config 1,federated,8,0.0005,512,adam,1e-05,5,0.67,FedAvg,False,0.0,1.0,False,,,,,,0.09,0.028692879914984058,0.043513295729250605,,,bank_B,0.41029472196306405,0.03299731272006435,0.9669213184580215,0.0962962962962963,0.04136833731105807,0.05787423483583751,0.6643049395084382
2026-02-18T09:38:40.991245,5,Tuning Config 1,federated,8,0.0005,512,adam,1e-05,5,0.67,FedAvg,False,0.0,1.0,False,,,,,,0.09,0.028692879914984058,0.043513295729250605,,,bank_C,0.3411587481138464,0.04823137379174242,0.9362204724409449,0.07304785894206549,0.013351749539594844,0.022576878162709226,0.7048944838635334
2026-02-18T09:38:41.065269,5,Tuning Config 1,federated,9,0.0005,512,adam,1e-05,5,0.67,FedAvg,False,0.0,1.0,False,0.6730241881949561,0.6730241881949561,0.9604190919674039,0.36882176641974274,0.03773468576100156,0.1422924901185771,0.03825717321997875,0.06030150753768844,,,,,,,,,,
2026-02-18T09:38:41.065269,5,Tuning Config 1,federated,9,0.0005,512,adam,1e-05,5,0.67,FedAvg,False,0.0,1.0,False,,,,,,0.1422924901185771,0.03825717321997875,0.06030150753768844,,,bank_A,0.4075583451695477,0.023209268475584362,0.966041422430637,0.05566218809980806,0.022745098039215685,0.03229398663697105,0.6698462927341461
2026-02-18T09:38:41.065269,5,Tuning Config 1,federated,9,0.0005,512,adam,1e-05,5,0.67,FedAvg,False,0.0,1.0,False,,,,,,0.1422924901185771,0.03825717321997875,0.06030150753768844,,,bank_B,0.4250346604802705,0.029709635779035955,0.9670776264629453,0.08365758754863813,0.03420843277645187,0.048560135516657256,0.672658104300499
2026-02-18T09:38:41.065269,5,Tuning Config 1,federated,9,0.0005,512,adam,1e-05,5,0.67,FedAvg,False,0.0,1.0,False,,,,,,0.1422924901185771,0.03825717321997875,0.06030150753768844,,,bank_C,0.3338457101349138,0.045323013692943157,0.9366776733553467,0.05785123966942149,0.009668508287292817,0.016568047337278107,0.6773892246283494
2026-02-18T09:38:41.155815,5,Tuning Config 1,federated,10,0.0005,512,adam,1e-05,5,0.67,FedAvg,False,0.0,1.0,False,0.6885435645069394,0.6885435645069394,0.9604896461706706,0.38589572099720165,0.05680587383583545,0.2026578073089701,0.06482465462274177,0.09822866344605476,,,,,,,,,,
2026-02-18T09:38:41.155815,5,Tuning Config 1,federated,10,0.0005,512,adam,1e-05,5,0.67,FedAvg,False,0.0,1.0,False,,,,,,0.2026578073089701,0.06482465462274177,0.09822866344605476,,,bank_A,0.407388838793708,0.025264318873769707,0.9659437280187573,0.05849056603773585,0.02431372549019608,0.03434903047091413,0.6774810510873794
2026-02-18T09:38:41.155815,5,Tuning Config 1,federated,10,0.0005,512,adam,1e-05,5,0.67,FedAvg,False,0.0,1.0,False,,,,,,0.2026578073089701,0.06482465462274177,0.09822866344605476,,,bank_B,0.4329657610992734,0.030936814868922698,0.9664914714444813,0.06628787878787878,0.02784407319013524,0.0392156862745098,0.6803343081474305
2026-02-18T09:38:41.155815,5,Tuning Config 1,federated,10,0.0005,512,adam,1e-05,5,0.67,FedAvg,False,0.0,1.0,False,,,,,,0.2026578073089701,0.06482465462274177,0.09822866344605476,,,bank_C,0.3763464666262083,0.07897423667296474,0.9398526797053595,0.25980392156862747,0.04880294659300184,0.08217054263565891,0.7118439511819319
2026-02-18T09:38:41.223857,5,Tuning Config 1,federated,11,0.0005,512,adam,1e-05,5,0.67,FedAvg,False,0.0,1.0,False,0.6966262204306466,0.6966262204306466,0.9585846826824708,0.4085423516635707,0.04354674728867563,0.12779552715654952,0.04250797024442083,0.06379585326953748,,,,,,,,,,
2026-02-18T09:38:41.223857,5,Tuning Config 1,federated,11,0.0005,512,adam,1e-05,5,0.67,FedAvg,False,0.0,1.0,False,,,,,,0.12779552715654952,0.04250797024442083,0.06379585326953748,,,bank_A,0.43732189198693205,0.024656560352897386,0.9661000390777648,0.061068702290076333,0.025098039215686273,0.03557531962201223,0.6941016721725464
2026-02-18T09:38:41.223857,5,Tuning Config 1,federated,11,0.0005,512,adam,1e-05,5,0.67,FedAvg,False,0.0,1.0,False,,,,,,0.12779552715654952,0.04250797024442083,0.06379585326953748,,,bank_B,0.4560771832214401,0.028465745026023944,0.9669017799574061,0.0900562851782364,0.03818615751789976,0.053631284916201116,0.6942130196094513
2026-02-18T09:38:41.223857,5,Tuning Config 1,federated,11,0.0005,512,adam,1e-05,5,0.67,FedAvg,False,0.0,1.0,False,,,,,,0.12779552715654952,0.04250797024442083,0.06379585326953748,,,bank_C,0.3787663414249186,0.07410509433566592,0.9385318770637542,0.24898785425101214,0.05662983425414365,0.09227306826706677,0.706034669628391
2026-02-18T09:38:41.366233,5,Tuning Config 1,federated,12,0.0005,512,adam,1e-05,5,0.67,FedAvg,False,0.0,1.0,False,0.678083520914827,0.678083520914827,0.9585846826824708,0.4149886738733958,0.04078925796771759,0.12540192926045016,0.04144527098831031,0.06230031948881789,,,,,,,,,,
2026-02-18T09:38:41.366233,5,Tuning Config 1,federated,12,0.0005,512,adam,1e-05,5,0.67,FedAvg,False,0.0,1.0,False,,,,,,0.12540192926045016,0.04144527098831031,0.06230031948881789,,,bank_A,0.409421217961185,0.02212309111329089,0.9655334114888628,0.019646365422396856,0.00784313725490196,0.011210762331838564,0.6649034422636032
2026-02-18T09:38:41.366233,5,Tuning Config 1,federated,12,0.0005,512,adam,1e-05,5,0.67,FedAvg,False,0.0,1.0,False,,,,,,0.12540192926045016,0.04144527098831031,0.06230031948881789,,,bank_B,0.4268934603987081,0.03262247441000542,0.9666673179500205,0.08193668528864059,0.035003977724741446,0.04905239687848383,0.6632800841331482
2026-02-18T09:38:41.366233,5,Tuning Config 1,federated,12,0.0005,512,adam,1e-05,5,0.67,FedAvg,False,0.0,1.0,False,,,,,,0.12540192926045016,0.04144527098831031,0.06230031948881789,,,bank_C,0.40656892507042847,0.05761796388813486,0.9373634747269495,0.15492957746478872,0.03038674033149171,0.050808314087759814,0.7145977175080931
2026-02-18T09:38:41.430906,5,Tuning Config 1,federated,13,0.0005,512,adam,1e-05,5,0.67,FedAvg,False,0.0,1.0,False,0.6726246497460774,0.6726246497460774,0.962359332557237,0.5166436168286334,0.13623749753396736,0.3492822966507177,0.155154091392136,0.21486387049300956,,,,,,,,,,
2026-02-18T09:38:41.430906,5,Tuning Config 1,federated,13,0.0005,512,adam,1e-05,5,0.67,FedAvg,False,0.0,1.0,False,,,,,,0.3492822966507177,0.155154091392136,0.21486387049300956,,,bank_A,0.46831402409676426,0.03037080835310558,0.9659437280187573,0.056818181818181816,0.023529411764705882,0.033277870216306155,0.6765250766277313
2026-02-18T09:38:41.430906,5,Tuning Config 1,federated,13,0.0005,512,adam,1e-05,5,0.67,FedAvg,False,0.0,1.0,False,,,,,,0.3492822966507177,0.155154091392136,0.21486387049300956,,,bank_B,0.4837422811073786,0.04919144956311866,0.9672534729684844,0.1381692573402418,0.06364359586316627,0.08714596949891068,0.676593571305275
2026-02-18T09:38:41.430906,5,Tuning Config 1,federated,13,0.0005,512,adam,1e-05,5,0.67,FedAvg,False,0.0,1.0,False,,,,,,0.3492822966507177,0.155154091392136,0.21486387049300956,,,bank_C,0.5150512805050906,0.2257428514815769,0.9451358902717806,0.5079787234042553,0.17587476979742173,0.2612859097127223,0.6655310160153872
2026-02-18T09:38:41.515421,5,Tuning Config 1,federated,14,0.0005,512,adam,1e-05,5,0.67,FedAvg,False,0.0,1.0,False,0.6590880677103996,0.6590880677103996,0.9584788513775708,0.3544289889591108,0.03948153181593371,0.11935483870967742,0.039319872476089264,0.05915267785771383,,,,,,,,,,
2026-02-18T09:38:41.515421,5,Tuning Config 1,federated,14,0.0005,512,adam,1e-05,5,0.67,FedAvg,False,0.0,1.0,False,,,,,,0.11935483870967742,0.039319872476089264,0.05915267785771383,,,bank_A,0.4157382163365296,0.02809363857220682,0.9659632669011332,0.060263653483992465,0.025098039215686273,0.035437430786267994,0.6587548375129699
2026-02-18T09:38:41.515421,5,Tuning Config 1,federated,14,0.0005,512,adam,1e-05,5,0.67,FedAvg,False,0.0,1.0,False,,,,,,0.11935483870967742,0.039319872476089264,0.05915267785771383,,,bank_B,0.42678679867065394,0.0309769248082398,0.9668431644555597,0.08490566037735849,0.03579952267303103,0.05036373810856184,0.6637399792671204
2026-02-18T09:38:41.515421,5,Tuning Config 1,federated,14,0.0005,512,adam,1e-05,5,0.67,FedAvg,False,0.0,1.0,False,,,,,,0.11935483870967742,0.039319872476089264,0.05915267785771383,,,bank_C,0.29167426623562503,0.04586673456688895,0.9379222758445517,0.1402116402116402,0.02440147329650092,0.04156862745098039,0.6508375034703837
2026-02-18T09:38:41.581226,5,Tuning Config 1,federated,15,0.0005,512,adam,1e-05,5,0.67,FedAvg,False,0.0,1.0,False,0.6587276543889727,0.6587276543889727,0.9582671887677708,0.3670588280000742,0.03593265501773823,0.09933774834437085,0.031880977683315624,0.04827031375703942,,,,,,,,,,
2026-02-18T09:38:41.581226,5,Tuning Config 1,federated,15,0.0005,512,adam,1e-05,5,0.67,FedAvg,False,0.0,1.0,False,,,,,,0.09933774834437085,0.031880977683315624,0.04827031375703942,,,bank_A,0.42018002047026604,0.024905729447166715,0.9658851113716296,0.05142857142857143,0.021176470588235293,0.03,0.6444120657444
2026-02-18T09:38:41.581226,5,Tuning Config 1,federated,15,0.0005,512,adam,1e-05,5,0.67,FedAvg,False,0.0,1.0,False,,,,,,0.09933774834437085,0.031880977683315624,0.04827031375703942,,,bank_B,0.4341878493814974,0.031001266193045787,0.9673707039721772,0.08282828282828283,0.03261734287987271,0.04680365296803653,0.647708061337471
2026-02-18T09:38:41.581226,5,Tuning Config 1,federated,15,0.0005,512,adam,1e-05,5,0.67,FedAvg,False,0.0,1.0,False,,,,,,0.09933774834437085,0.031880977683315624,0.04827031375703942,,,bank_C,0.3082427994455434,0.04200951026099492,0.9373126746253493,0.06725146198830409,0.010589318600368325,0.018297533810660304,0.6790439107201316
2026-02-18T09:38:41.665057,5,Tuning Config 1,federated,16,0.0005,512,adam,1e-05,5,0.67,FedAvg,False,0.0,1.0,False,0.667934242103781,0.667934242103781,0.9589021765971708,0.3714700031943795,0.03414564650353817,0.09712230215827339,0.028692879914984058,0.044298605414273995,,,,,,,,,,
2026-02-18T09:38:41.665057,5,Tuning Config 1,federated,16,0.0005,512,adam,1e-05,5,0.67,FedAvg,False,0.0,1.0,False,,,,,,0.09712230215827339,0.028692879914984058,0.044298605414273995,,,bank_A,0.41564391952552987,0.024242286959410025,0.9658851113716296,0.05142857142857143,0.021176470588235293,0.03,0.654356620311737
2026-02-18T09:38:41.665057,5,Tuning Config 1,federated,16,0.0005,512,adam,1e-05,5,0.67,FedAvg,False,0.0,1.0,False,,,,,,0.09712230215827339,0.028692879914984058,0.044298605414273995,,,bank_B,0.4418385396877239,0.032891427673777764,0.966686856450636,0.08671586715867159,0.03739061256961018,0.05225125069483046,0.65793486058712
2026-02-18T09:38:41.665057,5,Tuning Config 1,federated,16,0.0005,512,adam,1e-05,5,0.67,FedAvg,False,0.0,1.0,False,,,,,,0.09712230215827339,0.028692879914984058,0.044298605414273995,,,bank_C,0.33952057067168406,0.043769355079738094,0.9360172720345441,0.027247956403269755,0.004604051565377533,0.007877116975187082,0.6906911274055382
2026-02-18T09:38:41.735200,5,Tuning Config 1,federated,17,0.0005,512,adam,1e-05,5,0.67,FedAvg,False,0.0,1.0,False,0.6607951734747205,0.6607951734747205,0.9590432850037041,0.4008586436272207,0.039771225112254956,0.13087248322147652,0.04144527098831031,0.06295399515738499,,,,,,,,,,
2026-02-18T09:38:41.735200,5,Tuning Config 1,federated,17,0.0005,512,adam,1e-05,5,0.67,FedAvg,False,0.0,1.0,False,,,,,,0.13087248322147652,0.04144527098831031,0.06295399515738499,,,bank_A,0.41394330797142026,0.023391731745856598,0.9659046502540055,0.041015625,0.01647058823529412,0.023503077783995522,0.6530701643228531
2026-02-18T09:38:41.735200,5,Tuning Config 1,federated,17,0.0005,512,adam,1e-05,5,0.67,FedAvg,False,0.0,1.0,False,,,,,,0.13087248322147652,0.04144527098831031,0.06295399515738499,,,bank_B,0.43775885407872467,0.03203111749822254,0.9671557804654071,0.09230769230769231,0.03818615751789976,0.05402363534046145,0.6564284557104111
2026-02-18T09:38:41.735200,5,Tuning Config 1,federated,17,0.0005,512,adam,1e-05,5,0.67,FedAvg,False,0.0,1.0,False,,,,,,0.13087248322147652,0.04144527098831031,0.06295399515738499,,,bank_C,0.3855826473175205,0.054122647506409785,0.9384048768097536,0.1731266149870801,0.030847145488029467,0.0523642047674873,0.6714733204284271
2026-02-18T09:38:41.826558,5,Tuning Config 1,federated,18,0.0005,512,adam,1e-05,5,0.67,FedAvg,False,0.0,1.0,False,0.6616226679512432,0.6616226679512432,0.9588668994955375,0.3770545641742622,0.042274510630229654,0.12624584717607973,0.040382571732199786,0.061191626409017714,,,,,,,,,,
2026-02-18T09:38:41.826558,5,Tuning Config 1,federated,18,0.0005,512,adam,1e-05,5,0.67,FedAvg,False,0.0,1.0,False,,,,,,0.12624584717607973,0.040382571732199786,0.061191626409017714,,,bank_A,0.4073980484489157,0.0234067350087118,0.966041422430637,0.04339250493096647,0.017254901960784313,0.024691358024691357,0.6565268635749817
2026-02-18T09:38:41.826558,5,Tuning Config 1,federated,18,0.0005,512,adam,1e-05,5,0.67,FedAvg,False,0.0,1.0,False,,,,,,0.12624584717607973,0.040382571732199786,0.061191626409017714,,,bank_B,0.4145012989354001,0.02958077199399954,0.9669994724604833,0.09245283018867924,0.03898170246618934,0.05484051482932289,0.6609968096017838
2026-02-18T09:38:41.826558,5,Tuning Config 1,federated,18,0.0005,512,adam,1e-05,5,0.67,FedAvg,False,0.0,1.0,False,,,,,,0.12624584717607973,0.040382571732199786,0.061191626409017714,,,bank_C,0.32488883835711874,0.047402179355060164,0.9373634747269495,0.07267441860465117,0.01151012891344383,0.01987281399046105,0.6632395773739009
2026-02-18T09:38:41.890803,5,Tuning Config 1,federated,19,0.0005,512,adam,1e-05,5,0.67,FedAvg,False,0.0,1.0,False,0.6984474265149662,0.6984474265149662,0.9593607789184041,0.47373987777601395,0.06086310849385308,0.17737003058103976,0.061636556854410204,0.0914826498422713,,,,,,,,,,
2026-02-18T09:38:41.890803,5,Tuning Config 1,federated,19,0.0005,512,adam,1e-05,5,0.67,FedAvg,False,0.0,1.0,False,,,,,,0.17737003058103976,0.061636556854410204,0.0914826498422713,,,bank_A,0.5225104404250429,0.04988578363629283,0.967116060961313,0.13829787234042554,0.0611764705882353,0.08482871125611746,0.6947850239276886
2026-02-18T09:38:41.890803,5,Tuning Config 1,federated,19,0.0005,512,adam,1e-05,5,0.67,FedAvg,False,0.0,1.0,False,,,,,,0.17737003058103976,0.061636556854410204,0.0914826498422713,,,bank_B,0.5059711445565915,0.048335945079076764,0.9677223969832555,0.1724709784411277,0.08273667462211615,0.11182795698924732,0.6961126708984375
2026-02-18T09:38:41.890803,5,Tuning Config 1,federated,19,0.0005,512,adam,1e-05,5,0.67,FedAvg,False,0.0,1.0,False,,,,,,0.17737003058103976,0.061636556854410204,0.0914826498422713,,,bank_C,0.42275520243716935,0.06385304246562276,0.938760477520955,0.18635170603674542,0.03268876611418048,0.055620838229533884,0.7111288301356427
2026-02-18T09:38:41.974917,5,Tuning Config 1,federated,20,0.0005,512,adam,1e-05,5,0.67,FedAvg,False,0.0,1.0,False,0.6746557184628078,0.6746557184628078,0.9599604896461706,0.44465952714962775,0.05675357442141634,0.09243697478991597,0.023379383634431455,0.037319762510602206,,,,,,,,,,
2026-02-18T09:38:41.974917,5,Tuning Config 1,federated,20,0.0005,512,adam,1e-05,5,0.67,FedAvg,False,0.0,1.0,False,,,,,,0.09243697478991597,0.023379383634431455,0.037319762510602206,,,bank_A,0.441302561140677,0.031071759538010932,0.9659437280187573,0.05849056603773585,0.02431372549019608,0.03434903047091413,0.6671156603097915
2026-02-18T09:38:41.974917,5,Tuning Config 1,federated,20,0.0005,512,adam,1e-05,5,0.67,FedAvg,False,0.0,1.0,False,,,,,,0.09243697478991597,0.023379383634431455,0.037319762510602206,,,bank_B,0.4593772510349383,0.0384064939352009,0.9668627029561752,0.10163339382940109,0.04455051710421639,0.061946902654867256,0.6691401153802872
2026-02-18T09:38:41.974917,5,Tuning Config 1,federated,20,0.0005,512,adam,1e-05,5,0.67,FedAvg,False,0.0,1.0,False,,,,,,0.09243697478991597,0.023379383634431455,0.037319762510602206,,,bank_C,0.4378982842500196,0.08001989590172412,0.9392176784353569,0.2037533512064343,0.034990791896869246,0.05972495088408644,0.6924616833785912
2026-02-18T09:38:42.039805,5,Tuning Config 1,federated,21,0.0005,512,adam,1e-05,5,0.67,FedAvg,False,0.0,1.0,False,0.7166364203606334,0.7166364203606334,0.9584435742759375,0.597947361061747,0.0760331543333779,0.10631229235880399,0.03400637619553666,0.05152979066022544,,,,,,,,,,
2026-02-18T09:38:42.039805,5,Tuning Config 1,federated,21,0.0005,512,adam,1e-05,5,0.67,FedAvg,False,0.0,1.0,False,,,,,,0.10631229235880399,0.03400637619553666,0.05152979066022544,,,bank_A,0.4643806133614652,0.03174748215715384,0.9665494333724111,0.09461966604823747,0.04,0.05622932745314223,0.7012432450056076
2026-02-18T09:38:42.039805,5,Tuning Config 1,federated,21,0.0005,512,adam,1e-05,5,0.67,FedAvg,False,0.0,1.0,False,,,,,,0.10631229235880399,0.03400637619553666,0.05152979066022544,,,bank_B,0.4714205927138128,0.03594560922514688,0.9670190109610989,0.11992945326278659,0.05409705648369133,0.07456140350877193,0.6967537516355514
2026-02-18T09:38:42.039805,5,Tuning Config 1,federated,21,0.0005,512,adam,1e-05,5,0.67,FedAvg,False,0.0,1.0,False,,,,,,0.10631229235880399,0.03400637619553666,0.05152979066022544,,,bank_C,0.6720865393860164,0.1110116462987298,0.9373634747269495,0.171875,0.035451197053407,0.05877862595419847,0.7609941549115367
2026-02-18T09:38:42.122104,5,Tuning Config 1,federated,22,0.0005,512,adam,1e-05,5,0.67,FedAvg,False,0.0,1.0,False,0.7391701872859683,0.7391701872859683,0.9601721522559706,0.6201810063078719,0.08354224694128638,0.2116564417177914,0.07332624867162593,0.10891870560378848,,,,,,,,,,
2026-02-18T09:38:42.122104,5,Tuning Config 1,federated,22,0.0005,512,adam,1e-05,5,0.67,FedAvg,False,0.0,1.0,False,,,,,,0.2116564417177914,0.07332624867162593,0.10891870560378848,,,bank_A,0.5187078900892087,0.03358139734473772,0.9659632669011332,0.060263653483992465,0.025098039215686273,0.035437430786267994,0.7239884120225907
2026-02-18T09:38:42.122104,5,Tuning Config 1,federated,22,0.0005,512,adam,1e-05,5,0.67,FedAvg,False,0.0,1.0,False,,,,,,0.2116564417177914,0.07332624867162593,0.10891870560378848,,,bank_B,0.5133392733087946,0.03363789849857831,0.9663547019401731,0.062146892655367235,0.026252983293556086,0.03691275167785235,0.7206258738040924
2026-02-18T09:38:42.122104,5,Tuning Config 1,federated,22,0.0005,512,adam,1e-05,5,0.67,FedAvg,False,0.0,1.0,False,,,,,,0.2116564417177914,0.07332624867162593,0.10891870560378848,,,bank_C,0.6821491732015534,0.1374604205205539,0.9397256794513589,0.3128491620111732,0.07734806629834254,0.12403100775193798,0.7843767613559575
2026-02-18T09:38:42.185878,5,Tuning Config 1,federated,23,0.0005,512,adam,1e-05,5,0.67,FedAvg,False,0.0,1.0,False,0.7190037614532879,0.7190037614532879,0.9585846826824708,0.4628244487989203,0.046028412109946515,0.10508474576271186,0.03294367693942614,0.05016181229773463,,,,,,,,,,
2026-02-18T09:38:42.185878,5,Tuning Config 1,federated,23,0.0005,512,adam,1e-05,5,0.67,FedAvg,False,0.0,1.0,False,,,,,,0.10508474576271186,0.03294367693942614,0.05016181229773463,,,bank_A,0.4773870589414005,0.029004539853540998,0.9658460336068777,0.04780114722753346,0.0196078431372549,0.027808676307007785,0.7062952440977096
2026-02-18T09:38:42.185878,5,Tuning Config 1,federated,23,0.0005,512,adam,1e-05,5,0.67,FedAvg,False,0.0,1.0,False,,,,,,0.10508474576271186,0.03294367693942614,0.05016181229773463,,,bank_B,0.4753002049192736,0.029421278905314856,0.966393778941404,0.062381852551984876,0.026252983293556086,0.036954087346024636,0.7066904246807099
2026-02-18T09:38:42.185878,5,Tuning Config 1,federated,23,0.0005,512,adam,1e-05,5,0.67,FedAvg,False,0.0,1.0,False,,,,,,0.10508474576271186,0.03294367693942614,0.05016181229773463,,,bank_C,0.4339834108588384,0.06749303918202791,0.93751587503175,0.17123287671232876,0.034530386740331494,0.05747126436781609,0.7520354452071252
2026-02-18T09:38:42.270474,5,Tuning Config 1,federated,24,0.0005,512,adam,1e-05,5,0.67,FedAvg,False,0.0,1.0,False,0.6983360988753182,0.6983360988753182,0.9588668994955375,0.4163807765514088,0.045526457324044464,0.11864406779661017,0.03719447396386823,0.05663430420711974,,,,,,,,,,
2026-02-18T09:38:42.270474,5,Tuning Config 1,federated,24,0.0005,512,adam,1e-05,5,0.67,FedAvg,False,0.0,1.0,False,,,,,,0.11864406779661017,0.03719447396386823,0.05663430420711974,,,bank_A,0.4131487237515986,0.02515018842432966,0.966295427901524,0.08791208791208792,0.03764705882352941,0.05271828665568369,0.6861178362369538
2026-02-18T09:38:42.270474,5,Tuning Config 1,federated,24,0.0005,512,adam,1e-05,5,0.67,FedAvg,False,0.0,1.0,False,,,,,,0.11864406779661017,0.03719447396386823,0.05663430420711974,,,bank_B,0.4125734202702508,0.027470076882891874,0.9667259334518669,0.09454545454545454,0.04136833731105807,0.05755395683453238,0.690151424407959
2026-02-18T09:38:42.270474,5,Tuning Config 1,federated,24,0.0005,512,adam,1e-05,5,0.67,FedAvg,False,0.0,1.0,False,,,,,,0.11864406779661017,0.03719447396386823,0.05663430420711974,,,bank_C,0.41130364837730143,0.06570496576411525,0.9366522733045466,0.11666666666666667,0.02255985267034991,0.03780864197530864,0.7222588921522165
2026-02-18T09:38:42.343649,5,Tuning Config 1,federated,25,0.0005,512,adam,1e-05,5,0.67,FedAvg,False,0.0,1.0,False,0.7266992639218058,0.7266992639218058,0.9608424171870039,0.6300760795882097,0.1260453119700416,0.27586206896551724,0.11052072263549416,0.15781487101669195,,,,,,,,,,
2026-02-18T09:38:42.343649,5,Tuning Config 1,federated,25,0.0005,512,adam,1e-05,5,0.67,FedAvg,False,0.0,1.0,False,,,,,,0.27586206896551724,0.11052072263549416,0.15781487101669195,,,bank_A,0.5459267038746167,0.04973294335928315,0.9670183665494334,0.1457975986277873,0.06666666666666667,0.09149623250807319,0.7154953277111054
2026-02-18T09:38:42.343649,5,Tuning Config 1,federated,25,0.0005,512,adam,1e-05,5,0.67,FedAvg,False,0.0,1.0,False,,,,,,0.27586206896551724,0.11052072263549416,0.15781487101669195,,,bank_B,0.5258260256464927,0.043518228759383645,0.9673902424727926,0.13345195729537365,0.059665871121718374,0.08246289169873557,0.7147994703054428
2026-02-18T09:38:42.343649,5,Tuning Config 1,federated,25,0.0005,512,adam,1e-05,5,0.67,FedAvg,False,0.0,1.0,False,,,,,,0.27586206896551724,0.11052072263549416,0.15781487101669195,,,bank_C,0.6942049239364836,0.1993945127993878,0.9419354838709677,0.40923566878980894,0.11832412523020258,0.18357142857142858,0.7560987921504231
2026-02-18T09:38:42.415962,5,Tuning Config 1,federated,26,0.0005,512,adam,1e-05,5,0.67,FedAvg,False,0.0,1.0,False,0.6906127865825381,0.6906127865825381,0.959254947613504,0.40090990570182394,0.06231363439197952,0.17771084337349397,0.06269925611052073,0.09269442262372349,,,,,,,,,,
2026-02-18T09:38:42.415962,5,Tuning Config 1,federated,26,0.0005,512,adam,1e-05,5,0.67,FedAvg,False,0.0,1.0,False,,,,,,0.17771084337349397,0.06269925611052073,0.09269442262372349,,,bank_A,0.4392036398569045,0.02808297043045164,0.9661586557248926,0.07606679035250463,0.03215686274509804,0.04520396912899669,0.6872331309318542
2026-02-18T09:38:42.415962,5,Tuning Config 1,federated,26,0.0005,512,adam,1e-05,5,0.67,FedAvg,False,0.0,1.0,False,,,,,,0.17771084337349397,0.06269925611052073,0.09269442262372349,,,bank_B,0.44130900767097575,0.02967550831557669,0.9665696254469432,0.07169811320754717,0.030230708035003977,0.042529378847229994,0.6909036976099014
2026-02-18T09:38:42.415962,5,Tuning Config 1,federated,26,0.0005,512,adam,1e-05,5,0.67,FedAvg,False,0.0,1.0,False,,,,,,0.17771084337349397,0.06269925611052073,0.09269442262372349,,,bank_C,0.4152124260230233,0.09514243555665992,0.9400812801625603,0.29082774049217003,0.05985267034990792,0.09927453226422299,0.6945934373062926
2026-02-18T09:38:42.501148,5,Tuning Config 1,federated,27,0.0005,512,adam,1e-05,5,0.67,FedAvg,False,0.0,1.0,False,0.695151578102793,0.695151578102793,0.9608776942886372,0.5892783897473369,0.10763069122677542,0.2765957446808511,0.11052072263549416,0.15793470007593013,,,,,,,,,,
2026-02-18T09:38:42.501148,5,Tuning Config 1,federated,27,0.0005,512,adam,1e-05,5,0.67,FedAvg,False,0.0,1.0,False,,,,,,0.2765957446808511,0.11052072263549416,0.15793470007593013,,,bank_A,0.5137088153766667,0.03763077411275454,0.9666666666666667,0.11586452762923351,0.050980392156862744,0.07080610021786492,0.6927852219343186
2026-02-18T09:38:42.501148,5,Tuning Config 1,federated,27,0.0005,512,adam,1e-05,5,0.67,FedAvg,False,0.0,1.0,False,,,,,,0.2765957446808511,0.11052072263549416,0.15793470007593013,,,bank_B,0.5223417239390827,0.0382247493758112,0.9670776264629453,0.10948905109489052,0.0477326968973747,0.0664819944598338,0.6938086938858032
2026-02-18T09:38:42.501148,5,Tuning Config 1,federated,27,0.0005,512,adam,1e-05,5,0.67,FedAvg,False,0.0,1.0,False,,,,,,0.2765957446808511,0.11052072263549416,0.15793470007593013,,,bank_C,0.6392453115610386,0.1702639339192869,0.9415290830581661,0.3937908496732026,0.11095764272559852,0.17313218390804597,0.7002571124535102
2026-02-18T09:38:42.568836,5,Tuning Config 1,federated,28,0.0005,512,adam,1e-05,5,0.67,FedAvg,False,0.0,1.0,False,0.6701188513210842,0.6701188513210842,0.9577733093449042,0.31011505815298485,0.026350079028292707,0.06164383561643835,0.019128586609989374,0.029197080291970802,,,,,,,,,,
2026-02-18T09:38:42.568836,5,Tuning Config 1,federated,28,0.0005,512,adam,1e-05,5,0.67,FedAvg,False,0.0,1.0,False,,,,,,0.06164383561643835,0.019128586609989374,0.029197080291970802,,,bank_A,0.4204849763570392,0.02265432124331026,0.9659828057835091,0.044921875,0.01803921568627451,0.02574146614437605,0.6708276200294495
2026-02-18T09:38:42.568836,5,Tuning Config 1,federated,28,0.0005,512,adam,1e-05,5,0.67,FedAvg,False,0.0,1.0,False,,,,,,0.06164383561643835,0.019128586609989374,0.029197080291970802,,,bank_B,0.4448890157112,0.024891799580563846,0.9661007014321721,0.03682170542635659,0.015115354017501989,0.02143260011280316,0.676915363073349
2026-02-18T09:38:42.568836,5,Tuning Config 1,federated,28,0.0005,512,adam,1e-05,5,0.67,FedAvg,False,0.0,1.0,False,,,,,,0.06164383561643835,0.019128586609989374,0.029197080291970802,,,bank_C,0.2658082792625239,0.03926612085122229,0.9365506731013462,0.10628019323671498,0.020257826887661142,0.03402938901778809,0.6547245305854005
2026-02-18T09:38:42.651913,5,Tuning Config 1,federated,29,0.0005,512,adam,1e-05,5,0.67,FedAvg,False,0.0,1.0,False,0.6683141653026853,0.6683141653026853,0.9576322009383709,0.3085881695662569,0.024982741325963287,0.04225352112676056,0.012752391073326248,0.019591836734693877,,,,,,,,,,
2026-02-18T09:38:42.651913,5,Tuning Config 1,federated,29,0.0005,512,adam,1e-05,5,0.67,FedAvg,False,0.0,1.0,False,,,,,,0.04225352112676056,0.012752391073326248,0.019591836734693877,,,bank_A,0.41205908481015896,0.022149693962924502,0.965767878077374,0.03508771929824561,0.01411764705882353,0.020134228187919462,0.672517067193985
2026-02-18T09:38:42.651913,5,Tuning Config 1,federated,29,0.0005,512,adam,1e-05,5,0.67,FedAvg,False,0.0,1.0,False,,,,,,0.04225352112676056,0.012752391073326248,0.019591836734693877,,,bank_B,0.41521534371066615,0.02235310970246397,0.9660616244309411,0.033073929961089495,0.013524264120922832,0.019198193111236588,0.6767042899131774
2026-02-18T09:38:42.651913,5,Tuning Config 1,federated,29,0.0005,512,adam,1e-05,5,0.67,FedAvg,False,0.0,1.0,False,,,,,,0.04225352112676056,0.012752391073326248,0.019591836734693877,,,bank_C,0.24584487997483379,0.035786172727615195,0.9360680721361443,0.061068702290076333,0.011049723756906077,0.01871345029239766,0.6486973785734796
2026-02-18T09:38:42.721392,5,Tuning Config 1,federated,30,0.0005,512,adam,1e-05,5,0.67,FedAvg,False,0.0,1.0,False,0.6836137707744326,0.6836137707744326,0.9582671887677708,0.3260506805874091,0.027042333778811822,0.06159420289855073,0.018065887353878853,0.027937551355792935,,,,,,,,,,
2026-02-18T09:38:42.721392,5,Tuning Config 1,federated,30,0.0005,512,adam,1e-05,5,0.67,FedAvg,False,0.0,1.0,False,,,,,,0.06159420289855073,0.018065887353878853,0.027937551355792935,,,bank_A,0.4613466920482248,0.02699121766349681,0.9660023446658851,0.06049149338374291,0.025098039215686273,0.03547671840354767,0.6881695175170899
2026-02-18T09:38:42.721392,5,Tuning Config 1,federated,30,0.0005,512,adam,1e-05,5,0.67,FedAvg,False,0.0,1.0,False,,,,,,0.06159420289855073,0.018065887353878853,0.027937551355792935,,,bank_B,0.4571056358887466,0.024130585862336462,0.965885777925402,0.019646365422396856,0.007955449482895784,0.011325028312570781,0.692423968911171
2026-02-18T09:38:42.721392,5,Tuning Config 1,federated,30,0.0005,512,adam,1e-05,5,0.67,FedAvg,False,0.0,1.0,False,,,,,,0.06159420289855073,0.018065887353878853,0.027937551355792935,,,bank_C,0.26711721837556957,0.038647197857951364,0.9360680721361443,0.0654911838790932,0.011970534069981584,0.02024133904242896,0.6652511768526845
2026-02-18T09:38:42.810630,5,Tuning Config 1,federated,31,0.0005,512,adam,1e-05,5,0.67,FedAvg,False,0.0,1.0,False,0.6677851921745709,0.6677851921745709,0.9587257910890041,0.37399099602210956,0.039425684077419115,0.14106583072100312,0.04782146652497343,0.07142857142857142,,,,,,,,,,
2026-02-18T09:38:42.810630,5,Tuning Config 1,federated,31,0.0005,512,adam,1e-05,5,0.67,FedAvg,False,0.0,1.0,False,,,,,,0.14106583072100312,0.04782146652497343,0.07142857142857142,,,bank_A,0.48570208887081534,0.037307410483132485,0.96684251660805,0.13111888111888112,0.058823529411764705,0.08121277747698971,0.6732142245769501
2026-02-18T09:38:42.810630,5,Tuning Config 1,federated,31,0.0005,512,adam,1e-05,5,0.67,FedAvg,False,0.0,1.0,False,,,,,,0.14106583072100312,0.04782146652497343,0.07142857142857142,,,bank_B,0.48015792277929914,0.033847423451182516,0.9668431644555597,0.10431654676258993,0.046141607000795545,0.06398234969663541,0.6784630978107452
2026-02-18T09:38:42.810630,5,Tuning Config 1,federated,31,0.0005,512,adam,1e-05,5,0.67,FedAvg,False,0.0,1.0,False,,,,,,0.14106583072100312,0.04782146652497343,0.07142857142857142,,,bank_C,0.3229012478343704,0.0512513958068785,0.9373888747777496,0.1707865168539326,0.034990791896869246,0.0580817730225449,0.6447622752808905
2026-02-18T09:38:42.884087,5,Tuning Config 1,federated,32,0.0005,512,adam,1e-05,5,0.67,FedAvg,False,0.0,1.0,False,0.6938803355608668,0.6938803355608668,0.9579496948530709,0.401649599601319,0.031012998107302674,0.03345724907063197,0.009564293304994687,0.01487603305785124,,,,,,,,,,
2026-02-18T09:38:42.884087,5,Tuning Config 1,federated,32,0.0005,512,adam,1e-05,5,0.67,FedAvg,False,0.0,1.0,False,,,,,,0.03345724907063197,0.009564293304994687,0.01487603305785124,,,bank_A,0.4830744846581052,0.02747224903525337,0.9656897225478702,0.03481624758220503,0.01411764705882353,0.020089285714285716,0.6941616761684418
2026-02-18T09:38:42.884087,5,Tuning Config 1,federated,32,0.0005,512,adam,1e-05,5,0.67,FedAvg,False,0.0,1.0,False,,,,,,0.03345724907063197,0.009564293304994687,0.01487603305785124,,,bank_B,0.47777958216457195,0.026520186563110608,0.9660030089290947,0.031067961165048542,0.012728719172633254,0.01805869074492099,0.6990463429689407
2026-02-18T09:38:42.884087,5,Tuning Config 1,federated,32,0.0005,512,adam,1e-05,5,0.67,FedAvg,False,0.0,1.0,False,,,,,,0.03345724907063197,0.009564293304994687,0.01487603305785124,,,bank_C,0.34970203748652007,0.04438574925265089,0.9358648717297434,0.04627249357326478,0.008287292817679558,0.014057008980866849,0.6851792830925483
2026-02-18T09:38:42.967426,5,Tuning Config 1,federated,33,0.0005,512,adam,1e-05,5,0.67,FedAvg,False,0.0,1.0,False,0.6626098219837461,0.6626098219837461,0.9579144177514376,0.336115923016307,0.030781078606709436,0.07142857142857142,0.022316684378320937,0.0340080971659919,,,,,,,,,,
2026-02-18T09:38:42.967426,5,Tuning Config 1,federated,33,0.0005,512,adam,1e-05,5,0.67,FedAvg,False,0.0,1.0,False,,,,,,0.07142857142857142,0.022316684378320937,0.0340080971659919,,,bank_A,0.445522225561901,0.028243941562406734,0.9663149667838999,0.0865561694290976,0.03686274509803922,0.0517051705170517,0.6674198263883591
2026-02-18T09:38:42.967426,5,Tuning Config 1,federated,33,0.0005,512,adam,1e-05,5,0.67,FedAvg,False,0.0,1.0,False,,,,,,0.07142857142857142,0.022316684378320937,0.0340080971659919,,,bank_B,0.44382395210489234,0.029454891923997004,0.9664719329438659,0.07102803738317758,0.030230708035003977,0.04241071428571429,0.6742506831884384
2026-02-18T09:38:42.967426,5,Tuning Config 1,federated,33,0.0005,512,adam,1e-05,5,0.67,FedAvg,False,0.0,1.0,False,,,,,,0.07142857142857142,0.022316684378320937,0.0340080971659919,,,bank_C,0.2776964434116292,0.040063619958605405,0.9366014732029464,0.10869565217391304,0.020718232044198894,0.03480278422273782,0.6389260191422004
2026-02-18T09:38:43.035961,5,Tuning Config 1,federated,34,0.0005,512,adam,1e-05,5,0.67,FedAvg,False,0.0,1.0,False,0.6649529859423637,0.6649529859423637,0.9591138392069708,0.36897479650856413,0.05418348905738641,0.1676829268292683,0.05844845908607864,0.08668242710795902,,,,,,,,,,
2026-02-18T09:38:43.035961,5,Tuning Config 1,federated,34,0.0005,512,adam,1e-05,5,0.67,FedAvg,False,0.0,1.0,False,,,,,,0.1676829268292683,0.05844845908607864,0.08668242710795902,,,bank_A,0.48285601466315414,0.04628152133558389,0.9671746776084408,0.15851602023608768,0.07372549019607844,0.1006423982869379,0.670016679763794
2026-02-18T09:38:43.035961,5,Tuning Config 1,federated,34,0.0005,512,adam,1e-05,5,0.67,FedAvg,False,0.0,1.0,False,,,,,,0.1676829268292683,0.05844845908607864,0.08668242710795902,,,bank_B,0.47558723627455496,0.039792358641607004,0.9669799339598679,0.1168141592920354,0.05250596658711217,0.07244785949506037,0.675740926861763
2026-02-18T09:38:43.035961,5,Tuning Config 1,federated,34,0.0005,512,adam,1e-05,5,0.67,FedAvg,False,0.0,1.0,False,,,,,,0.1676829268292683,0.05844845908607864,0.08668242710795902,,,bank_C,0.31064909651274347,0.06633937142876295,0.9384556769113538,0.24335378323108384,0.05478821362799263,0.08944006012777152,0.6437873337175939
2026-02-18T09:38:43.123911,5,Tuning Config 1,federated,35,0.0005,512,adam,1e-05,5,0.67,FedAvg,False,0.0,1.0,False,0.7014140146119254,0.7014140146119254,0.9587963452922708,0.4483538475987053,0.0389672235563272,0.08118081180811808,0.023379383634431455,0.036303630363036306,,,,,,,,,,
2026-02-18T09:38:43.123911,5,Tuning Config 1,federated,35,0.0005,512,adam,1e-05,5,0.67,FedAvg,False,0.0,1.0,False,,,,,,0.08118081180811808,0.023379383634431455,0.036303630363036306,,,bank_A,0.5129324854478411,0.03007336817187336,0.9658264947245018,0.037109375,0.014901960784313726,0.021264689423614997,0.7015293943881988
2026-02-18T09:38:43.123911,5,Tuning Config 1,federated,35,0.0005,512,adam,1e-05,5,0.67,FedAvg,False,0.0,1.0,False,,,,,,0.08118081180811808,0.023379383634431455,0.036303630363036306,,,bank_B,0.5059352347628857,0.02892802720064431,0.9659639319278639,0.02729044834307992,0.011137629276054098,0.015819209039548022,0.7047777169942856
2026-02-18T09:38:43.123911,5,Tuning Config 1,federated,35,0.0005,512,adam,1e-05,5,0.67,FedAvg,False,0.0,1.0,False,,,,,,0.08118081180811808,0.023379383634431455,0.036303630363036306,,,bank_C,0.38565855636706736,0.05775848455347995,0.9368554737109475,0.13317757009345793,0.026243093922651933,0.04384615384615385,0.695940477507455
2026-02-18T09:38:43.193363,5,Tuning Config 1,federated,36,0.0005,512,adam,1e-05,5,0.67,FedAvg,False,0.0,1.0,False,0.7105790366019521,0.7105790366019521,0.9585494055808375,0.5518977708597673,0.06147121897086805,0.12738853503184713,0.04250797024442083,0.06374501992031872,,,,,,,,,,
2026-02-18T09:38:43.193363,5,Tuning Config 1,federated,36,0.0005,512,adam,1e-05,5,0.67,FedAvg,False,0.0,1.0,False,,,,,,0.12738853503184713,0.04250797024442083,0.06374501992031872,,,bank_A,0.5471946187953189,0.036038201394569494,0.966021883548261,0.058935361216730035,0.02431372549019608,0.034425319267073845,0.7072155290842056
2026-02-18T09:38:43.193363,5,Tuning Config 1,federated,36,0.0005,512,adam,1e-05,5,0.67,FedAvg,False,0.0,1.0,False,,,,,,0.12738853503184713,0.04250797024442083,0.06374501992031872,,,bank_B,0.5320985033288785,0.03318674252652904,0.9664133174420195,0.060836501901140684,0.02545743834526651,0.0358945597307908,0.7111146706342697
2026-02-18T09:38:43.193363,5,Tuning Config 1,federated,36,0.0005,512,adam,1e-05,5,0.67,FedAvg,False,0.0,1.0,False,,,,,,0.12738853503184713,0.04250797024442083,0.06374501992031872,,,bank_C,0.585579049280556,0.10054505334710273,0.9376428752857505,0.19037199124726478,0.04005524861878453,0.06618486116394066,0.7116960906363153
2026-02-18T09:38:43.278936,5,Tuning Config 1,federated,37,0.0005,512,adam,1e-05,5,0.67,FedAvg,False,0.0,1.0,False,0.682780493582998,0.682780493582998,0.959678272833104,0.4543177362978065,0.09039444604374558,0.20809248554913296,0.0765143464399575,0.11188811188811189,,,,,,,,,,
2026-02-18T09:38:43.278936,5,Tuning Config 1,federated,37,0.0005,512,adam,1e-05,5,0.67,FedAvg,False,0.0,1.0,False,,,,,,0.20809248554913296,0.0765143464399575,0.11188811188811189,,,bank_A,0.489133628403771,0.031260871735056255,0.9661781946072685,0.07462686567164178,0.03137254901960784,0.04417448923246825,0.6880455195903779
2026-02-18T09:38:43.278936,5,Tuning Config 1,federated,37,0.0005,512,adam,1e-05,5,0.67,FedAvg,False,0.0,1.0,False,,,,,,0.20809248554913296,0.0765143464399575,0.11188811188811189,,,bank_B,0.4844327658072091,0.030388223320437655,0.9662374709364804,0.05313092979127135,0.022275258552108195,0.03139013452914798,0.6940515679121018
2026-02-18T09:38:43.278936,5,Tuning Config 1,federated,37,0.0005,512,adam,1e-05,5,0.67,FedAvg,False,0.0,1.0,False,,,,,,0.20809248554913296,0.0765143464399575,0.11188811188811189,,,bank_C,0.46790547314520264,0.1685650470869029,0.9425196850393701,0.43010752688172044,0.1289134438305709,0.1983705278072972,0.6605362783778798
2026-02-18T09:38:43.352332,5,Tuning Config 1,federated,38,0.0005,512,adam,1e-05,5,0.67,FedAvg,False,0.0,1.0,False,0.7091303414532116,0.7091303414532116,0.9586552368857375,0.5688324802708872,0.06624784886383198,0.12131147540983607,0.039319872476089264,0.0593900481540931,,,,,,,,,,
2026-02-18T09:38:43.352332,5,Tuning Config 1,federated,38,0.0005,512,adam,1e-05,5,0.67,FedAvg,False,0.0,1.0,False,,,,,,0.12131147540983607,0.039319872476089264,0.0593900481540931,,,bank_A,0.5222333178136498,0.03203042761346982,0.9659241891363815,0.05671077504725898,0.023529411764705882,0.03325942350332594,0.7057603830099106
2026-02-18T09:38:43.352332,5,Tuning Config 1,federated,38,0.0005,512,adam,1e-05,5,0.67,FedAvg,False,0.0,1.0,False,,,,,,0.12131147540983607,0.039319872476089264,0.0593900481540931,,,bank_B,0.5044329592595702,0.031055875423642847,0.9662765479377112,0.05502846299810247,0.023070803500397773,0.032511210762331835,0.7067543387413024
2026-02-18T09:38:43.352332,5,Tuning Config 1,federated,38,0.0005,512,adam,1e-05,5,0.67,FedAvg,False,0.0,1.0,False,,,,,,0.12131147540983607,0.039319872476089264,0.0593900481540931,,,bank_C,0.6053230264860078,0.11105334278745546,0.9376428752857505,0.19172113289760348,0.040515653775322284,0.0668947168377043,0.7141987975541647
2026-02-18T09:38:43.441327,5,Tuning Config 1,federated,39,0.0005,512,adam,1e-05,5,0.67,FedAvg,False,0.0,1.0,False,0.7066412663885525,0.7066412663885525,0.9581613574628709,0.6009102469319726,0.05852953667265274,0.08191126279863481,0.025504782146652496,0.03889789303079417,,,,,,,,,,
2026-02-18T09:38:43.441327,5,Tuning Config 1,federated,39,0.0005,512,adam,1e-05,5,0.67,FedAvg,False,0.0,1.0,False,,,,,,0.08191126279863481,0.025504782146652496,0.03889789303079417,,,bank_A,0.5755222609232049,0.03337286647618892,0.9655724892536147,0.023483365949119372,0.009411764705882352,0.013437849944008958,0.7045978152751923
2026-02-18T09:38:43.441327,5,Tuning Config 1,federated,39,0.0005,512,adam,1e-05,5,0.67,FedAvg,False,0.0,1.0,False,,,,,,0.08191126279863481,0.025504782146652496,0.03889789303079417,,,bank_B,0.5589334372175699,0.031918426378618525,0.9660616244309411,0.025691699604743084,0.010342084327764518,0.01474758933635848,0.7061598885059357
2026-02-18T09:38:43.441327,5,Tuning Config 1,federated,39,0.0005,512,adam,1e-05,5,0.67,FedAvg,False,0.0,1.0,False,,,,,,0.08191126279863481,0.025504782146652496,0.03889789303079417,,,bank_C,0.6193282461274132,0.09928594962399212,0.9370332740665481,0.13711583924349882,0.026703499079189688,0.044701348747591525,0.7080386319717804
2026-02-18T09:38:43.507027,5,Tuning Config 1,federated,40,0.0005,512,adam,1e-05,5,0.67,FedAvg,False,0.0,1.0,False,0.7139919410858836,0.7139919410858836,0.9586552368857375,0.5709420581125801,0.053082250872678274,0.060836501901140684,0.01700318809776833,0.026578073089700997,,,,,,,,,,
2026-02-18T09:38:43.507027,5,Tuning Config 1,federated,40,0.0005,512,adam,1e-05,5,0.67,FedAvg,False,0.0,1.0,False,,,,,,0.060836501901140684,0.01700318809776833,0.026578073089700997,,,bank_A,0.559718068251246,0.032728794204477406,0.9656506447831184,0.023668639053254437,0.009411764705882352,0.013468013468013467,0.7135417240858078
2026-02-18T09:38:43.507027,5,Tuning Config 1,federated,40,0.0005,512,adam,1e-05,5,0.67,FedAvg,False,0.0,1.0,False,,,,,,0.060836501901140684,0.01700318809776833,0.026578073089700997,,,bank_B,0.5382667254863829,0.030357329437572026,0.9659443934272484,0.025390625,0.010342084327764518,0.014697569248162803,0.7145052760839462
2026-02-18T09:38:43.507027,5,Tuning Config 1,federated,40,0.0005,512,adam,1e-05,5,0.67,FedAvg,False,0.0,1.0,False,,,,,,0.060836501901140684,0.01700318809776833,0.026578073089700997,,,bank_C,0.5957543955956365,0.0893159855372612,0.9367792735585471,0.10669975186104218,0.01979742173112339,0.033398058252427185,0.7115508790140028
2026-02-18T09:38:43.583533,5,Tuning Config 1,federated,41,0.0005,512,adam,1e-05,5,0.67,FedAvg,False,0.0,1.0,False,0.6871001273393631,0.6871001273393631,0.9590432850037041,0.5010676044394973,0.08258356123816293,0.16257668711656442,0.0563230605738576,0.08366219415943173,,,,,,,,,,
2026-02-18T09:38:43.583533,5,Tuning Config 1,federated,41,0.0005,512,adam,1e-05,5,0.67,FedAvg,False,0.0,1.0,False,,,,,,0.16257668711656442,0.0563230605738576,0.08366219415943173,,,bank_A,0.5119103080166041,0.03219079596202178,0.9658264947245018,0.04770992366412214,0.0196078431372549,0.027793218454697052,0.6885710889101029
2026-02-18T09:38:43.583533,5,Tuning Config 1,federated,41,0.0005,512,adam,1e-05,5,0.67,FedAvg,False,0.0,1.0,False,,,,,,0.16257668711656442,0.0563230605738576,0.08366219415943173,,,bank_B,0.4989601855918848,0.0317581638795998,0.9661983939352494,0.03353057199211045,0.013524264120922832,0.01927437641723356,0.692817075252533
2026-02-18T09:38:43.583533,5,Tuning Config 1,federated,41,0.0005,512,adam,1e-05,5,0.67,FedAvg,False,0.0,1.0,False,,,,,,0.16257668711656442,0.0563230605738576,0.08366219415943173,,,bank_C,0.5187237722042324,0.1582718473145518,0.9408178816357633,0.3628472222222222,0.09622467771639043,0.15211062590975255,0.6757119445057659
2026-02-18T09:38:43.665305,5,Tuning Config 1,federated,42,0.0005,512,adam,1e-05,5,0.67,FedAvg,False,0.0,1.0,False,0.6958021574786731,0.6958021574786731,0.9603838148657706,0.5683948526052496,0.0828200428281532,0.24,0.08926673751328375,0.13013168086754454,,,,,,,,,,
2026-02-18T09:38:43.665305,5,Tuning Config 1,federated,42,0.0005,512,adam,1e-05,5,0.67,FedAvg,False,0.0,1.0,False,,,,,,0.24,0.08926673751328375,0.13013168086754454,,,bank_A,0.5705749237276316,0.04775923014956625,0.9669011332551778,0.1330998248686515,0.0596078431372549,0.08234019501625135,0.6970843368768692
2026-02-18T09:38:43.665305,5,Tuning Config 1,federated,42,0.0005,512,adam,1e-05,5,0.67,FedAvg,False,0.0,1.0,False,,,,,,0.24,0.08926673751328375,0.13013168086754454,,,bank_B,0.5500736298170833,0.041385745131459185,0.9672925499697154,0.13227513227513227,0.059665871121718374,0.08223684210526316,0.7001751524209976
2026-02-18T09:38:43.665305,5,Tuning Config 1,federated,42,0.0005,512,adam,1e-05,5,0.67,FedAvg,False,0.0,1.0,False,,,,,,0.24,0.08926673751328375,0.13013168086754454,,,bank_C,0.5940896382278418,0.13969055176955514,0.9399542799085598,0.3248175182481752,0.08195211786372007,0.13088235294117648,0.6872124401005831
2026-02-18T09:38:43.732760,5,Tuning Config 1,federated,43,0.0005,512,adam,1e-05,5,0.67,FedAvg,False,0.0,1.0,False,0.6939914939658982,0.6939914939658982,0.9587610681906374,0.4666303864051427,0.04938671906108046,0.14375,0.048884165781083955,0.07295796986518636,,,,,,,,,,
2026-02-18T09:38:43.732760,5,Tuning Config 1,federated,43,0.0005,512,adam,1e-05,5,0.67,FedAvg,False,0.0,1.0,False,,,,,,0.14375,0.048884165781083955,0.07295796986518636,,,bank_A,0.5361383727120745,0.03502007467542988,0.9660609613130129,0.06902985074626866,0.029019607843137254,0.040861402540033134,0.6970442682504654
2026-02-18T09:38:43.732760,5,Tuning Config 1,federated,43,0.0005,512,adam,1e-05,5,0.67,FedAvg,False,0.0,1.0,False,,,,,,0.14375,0.048884165781083955,0.07295796986518636,,,bank_B,0.5247006635447854,0.03253238535753441,0.9662374709364804,0.05313092979127135,0.022275258552108195,0.03139013452914798,0.699130630493164
2026-02-18T09:38:43.732760,5,Tuning Config 1,federated,43,0.0005,512,adam,1e-05,5,0.67,FedAvg,False,0.0,1.0,False,,,,,,0.14375,0.048884165781083955,0.07295796986518636,,,bank_C,0.4589251714259772,0.07579160105575766,0.9378206756413513,0.2025862068965517,0.0432780847145488,0.07132018209408195,0.6813395905804325
2026-02-18T09:38:43.818829,5,Tuning Config 1,federated,44,0.0005,512,adam,1e-05,5,0.67,FedAvg,False,0.0,1.0,False,0.7045904004148075,0.7045904004148075,0.959784104138004,0.583509758367952,0.07344394589541262,0.20474777448071216,0.07332624867162593,0.107981220657277,,,,,,,,,,
2026-02-18T09:38:43.818829,5,Tuning Config 1,federated,44,0.0005,512,adam,1e-05,5,0.67,FedAvg,False,0.0,1.0,False,,,,,,0.20474777448071216,0.07332624867162593,0.107981220657277,,,bank_A,0.5556044170197886,0.03379591170379413,0.9659241891363815,0.05333333333333334,0.02196078431372549,0.03111111111111111,0.7011174929141998
2026-02-18T09:38:43.818829,5,Tuning Config 1,federated,44,0.0005,512,adam,1e-05,5,0.67,FedAvg,False,0.0,1.0,False,,,,,,0.20474777448071216,0.07332624867162593,0.107981220657277,,,bank_B,0.5535532944044717,0.03342918057181498,0.9663742404407886,0.06390977443609022,0.027048528241845664,0.03801006148686417,0.7041583043336869
2026-02-18T09:38:43.818829,5,Tuning Config 1,federated,44,0.0005,512,adam,1e-05,5,0.67,FedAvg,False,0.0,1.0,False,,,,,,0.20474777448071216,0.07332624867162593,0.107981220657277,,,bank_C,0.647895285762111,0.1310784308581216,0.9384556769113538,0.24439918533604887,0.055248618784530384,0.09012392039053699,0.7083377040825881
2026-02-18T09:38:43.884265,5,Tuning Config 1,federated,45,0.0005,512,adam,1e-05,5,0.67,FedAvg,False,0.0,1.0,False,0.6791559361985752,0.6791559361985752,0.9595724415282041,0.5212912877816419,0.0836522486495692,0.1903323262839879,0.0669500531349628,0.09905660377358491,,,,,,,,,,
2026-02-18T09:38:43.884265,5,Tuning Config 1,federated,45,0.0005,512,adam,1e-05,5,0.67,FedAvg,False,0.0,1.0,False,,,,,,0.1903323262839879,0.0669500531349628,0.09905660377358491,,,bank_A,0.5231505271781091,0.034748307748331604,0.9660609613130129,0.0625,0.02588235294117647,0.036605657237936774,0.6814219707250595
2026-02-18T09:38:43.884265,5,Tuning Config 1,federated,45,0.0005,512,adam,1e-05,5,0.67,FedAvg,False,0.0,1.0,False,,,,,,0.1903323262839879,0.0669500531349628,0.09905660377358491,,,bank_B,0.5142261663344833,0.03260454252756234,0.9661983939352494,0.04431599229287091,0.018297533810660304,0.0259009009009009,0.6850339341163635
2026-02-18T09:38:43.884265,5,Tuning Config 1,federated,45,0.0005,512,adam,1e-05,5,0.67,FedAvg,False,0.0,1.0,False,,,,,,0.1903323262839879,0.0669500531349628,0.09905660377358491,,,bank_C,0.5621275530467241,0.17874937800789814,0.941503683007366,0.39279869067103107,0.11049723756906077,0.17247574559827525,0.6666413375309536
2026-02-18T09:38:43.974186,5,Tuning Config 1,federated,46,0.0005,512,adam,1e-05,5,0.67,FedAvg,False,0.0,1.0,False,0.7154190753187452,0.7154190753187452,0.9584082971743042,0.6062154063395754,0.06217286789342139,0.10596026490066225,0.03400637619553666,0.05148833467417538,,,,,,,,,,
2026-02-18T09:38:43.974186,5,Tuning Config 1,federated,46,0.0005,512,adam,1e-05,5,0.67,FedAvg,False,0.0,1.0,False,,,,,,0.10596026490066225,0.03400637619553666,0.05148833467417538,,,bank_A,0.5813795309126556,0.03482844640045902,0.965748339194998,0.04038461538461539,0.01647058823529412,0.0233983286908078,0.7105242568254471
2026-02-18T09:38:43.974186,5,Tuning Config 1,federated,46,0.0005,512,adam,1e-05,5,0.67,FedAvg,False,0.0,1.0,False,,,,,,0.10596026490066225,0.03400637619553666,0.05148833467417538,,,bank_B,0.5708553692145075,0.033405859536405874,0.966139778433403,0.04054054054054054,0.016706443914081145,0.023661971830985916,0.7115964591503143
2026-02-18T09:38:43.974186,5,Tuning Config 1,federated,46,0.0005,512,adam,1e-05,5,0.67,FedAvg,False,0.0,1.0,False,,,,,,0.10596026490066225,0.03400637619553666,0.05148833467417538,,,bank_C,0.6429650158917631,0.10926125364385744,0.9376174752349504,0.18995633187772926,0.04005524861878453,0.0661596958174905,0.7253945593710069
2026-02-18T09:38:44.042555,5,Tuning Config 1,federated,47,0.0005,512,adam,1e-05,5,0.67,FedAvg,False,0.0,1.0,False,0.6920467231954847,0.6920467231954847,0.9585846826824708,0.5539327239945208,0.06891906644343082,0.12779552715654952,0.04250797024442083,0.06379585326953748,,,,,,,,,,
2026-02-18T09:38:44.042555,5,Tuning Config 1,federated,47,0.0005,512,adam,1e-05,5,0.67,FedAvg,False,0.0,1.0,False,,,,,,0.12779552715654952,0.04250797024442083,0.06379585326953748,,,bank_A,0.5462708479444278,0.03061254992380369,0.9656311059007425,0.029182879377431907,0.011764705882352941,0.016769144773616546,0.6959902864694595
2026-02-18T09:38:44.042555,5,Tuning Config 1,federated,47,0.0005,512,adam,1e-05,5,0.67,FedAvg,False,0.0,1.0,False,,,,,,0.12779552715654952,0.04250797024442083,0.06379585326953748,,,bank_B,0.531991140455529,0.029334597541519836,0.9662374709364804,0.01642710472279261,0.006364359586316627,0.009174311926605505,0.6979484242200852
2026-02-18T09:38:44.042555,5,Tuning Config 1,federated,47,0.0005,512,adam,1e-05,5,0.67,FedAvg,False,0.0,1.0,False,,,,,,0.12779552715654952,0.04250797024442083,0.06379585326953748,,,bank_C,0.5734754299251915,0.1556284651777688,0.939497078994158,0.29961832061068705,0.07228360957642725,0.11646884272997032,0.6778130028154943
2026-02-18T09:38:44.134638,5,Tuning Config 1,federated,48,0.0005,512,adam,1e-05,5,0.67,FedAvg,False,0.0,1.0,False,0.690117960529668,0.690117960529668,0.9620065615409038,0.5640831964082734,0.17567172970891226,0.3333333333333333,0.14452709883103082,0.2016308376575241,,,,,,,,,,
2026-02-18T09:38:44.134638,5,Tuning Config 1,federated,48,0.0005,512,adam,1e-05,5,0.67,FedAvg,False,0.0,1.0,False,,,,,,0.3333333333333333,0.14452709883103082,0.2016308376575241,,,bank_A,0.5873662468494061,0.07957095328918828,0.967116060961313,0.15187713310580206,0.06980392156862746,0.09564750134336378,0.6926799315214157
2026-02-18T09:38:44.134638,5,Tuning Config 1,federated,48,0.0005,512,adam,1e-05,5,0.67,FedAvg,False,0.0,1.0,False,,,,,,0.3333333333333333,0.14452709883103082,0.2016308376575241,,,bank_B,0.5720263057604121,0.0648597746390961,0.9673902424727926,0.11992619926199262,0.05171042163882259,0.07226236798221233,0.6943508750200271
2026-02-18T09:38:44.134638,5,Tuning Config 1,federated,48,0.0005,512,adam,1e-05,5,0.67,FedAvg,False,0.0,1.0,False,,,,,,0.3333333333333333,0.14452709883103082,0.2016308376575241,,,bank_C,0.5771726635434665,0.2563716904131797,0.9453644907289814,0.5138339920948617,0.17955801104972377,0.2661207778915046,0.6807216583908379
2026-02-18T09:38:44.201154,5,Tuning Config 1,federated,49,0.0005,512,adam,1e-05,5,0.67,FedAvg,False,0.0,1.0,False,0.7003993732588631,0.7003993732588631,0.9582319116661375,0.48840127703832087,0.05113100585544875,0.07665505226480836,0.023379383634431455,0.035830618892508145,,,,,,,,,,
2026-02-18T09:38:44.201154,5,Tuning Config 1,federated,49,0.0005,512,adam,1e-05,5,0.67,FedAvg,False,0.0,1.0,False,,,,,,0.07665505226480836,0.023379383634431455,0.035830618892508145,,,bank_A,0.52906866575906,0.028345955012178386,0.9655920281359907,0.023529411764705882,0.009411764705882352,0.013445378151260505,0.6997044199705124
2026-02-18T09:38:44.201154,5,Tuning Config 1,federated,49,0.0005,512,adam,1e-05,5,0.67,FedAvg,False,0.0,1.0,False,,,,,,0.07665505226480836,0.023379383634431455,0.035830618892508145,,,bank_B,0.5216972120614584,0.028524839538863693,0.9662374709364804,0.026156941649899398,0.010342084327764518,0.014823261117445839,0.7023423528671264
2026-02-18T09:38:44.201154,5,Tuning Config 1,federated,49,0.0005,512,adam,1e-05,5,0.67,FedAvg,False,0.0,1.0,False,,,,,,0.07665505226480836,0.023379383634431455,0.035830618892508145,,,bank_C,0.4685145464166324,0.08878583914522983,0.937744475488951,0.19870410367170627,0.0423572744014733,0.0698292220113852,0.6975590447326759
2026-02-18T09:38:44.296313,5,Tuning Config 1,federated,50,0.0005,512,adam,1e-05,5,0.67,FedAvg,False,0.0,1.0,False,0.6841919901115554,0.6841919901115554,0.9593255018167708,0.39231224373325013,0.06989725425085867,0.17484662576687116,0.06057385759829968,0.08997632202052092,,,,,,,,,,
2026-02-18T09:38:44.296313,5,Tuning Config 1,federated,50,0.0005,512,adam,1e-05,5,0.67,FedAvg,False,0.0,1.0,False,,,,,,0.17484662576687116,0.06057385759829968,0.08997632202052092,,,bank_A,0.4844185835440278,0.03567406517024248,0.966041422430637,0.06728971962616823,0.02823529411764706,0.039779005524861875,0.6878650069236756
2026-02-18T09:38:44.296313,5,Tuning Config 1,federated,50,0.0005,512,adam,1e-05,5,0.67,FedAvg,False,0.0,1.0,False,,,,,,0.17484662576687116,0.06057385759829968,0.08997632202052092,,,bank_B,0.48934212939228483,0.0335186825184186,0.9661983939352494,0.049523809523809526,0.020684168655529037,0.029180695847362513,0.6912229645252228
2026-02-18T09:38:44.296313,5,Tuning Config 1,federated,50,0.0005,512,adam,1e-05,5,0.67,FedAvg,False,0.0,1.0,False,,,,,,0.17484662576687116,0.06057385759829968,0.08997632202052092,,,bank_C,0.37131817593116007,0.1153249674196266,0.9402082804165608,0.3375,0.08701657458563536,0.1383601756954612,0.6687057769143736
2026-02-18T09:57:23.362756,8,Tuning Config 4,federated,0,0.001,512,sgd,1e-05,5,0.67,FedAvg,False,0.0,1.0,False,7.193667373486927,7.193667373486927,0.9668042473630366,0.6935728060665758,0.0786939505427455,0.0,0.0,0.0,,,,,,,,,,
2026-02-18T09:57:23.362756,8,Tuning Config 4,federated,0,0.001,512,sgd,1e-05,5,0.67,FedAvg,False,0.0,1.0,False,,,,,,0.0,0.0,0.0,,,bank_A,0.616151582123682,0.04111544101223327,0.9750879249706916,0.0,0.0,0.0,6.316495265960693
2026-02-18T09:57:23.362756,8,Tuning Config 4,federated,0,0.001,512,sgd,1e-05,5,0.67,FedAvg,False,0.0,1.0,False,,,,,,0.0,0.0,0.0,,,bank_B,0.6126104757991097,0.03962021449144677,0.9754401047263633,0.0,0.0,0.0,5.368042662143707
2026-02-18T09:57:23.362756,8,Tuning Config 4,federated,0,0.001,512,sgd,1e-05,5,0.67,FedAvg,False,0.0,1.0,False,,,,,,0.0,0.0,0.0,,,bank_C,0.7298329223625065,0.12944315148101723,0.9448310896621793,0.0,0.0,0.0,10.555345721059032
2026-02-18T09:57:23.441186,8,Tuning Config 4,federated,1,0.001,512,sgd,1e-05,5,0.67,FedAvg,False,0.0,1.0,False,2.0956271908112933,2.0956271908112933,0.9668042473630366,0.7027075565338865,0.08926408045157277,0.0,0.0,0.0,,,,,,,,,,
2026-02-18T09:57:23.441186,8,Tuning Config 4,federated,1,0.001,512,sgd,1e-05,5,0.67,FedAvg,False,0.0,1.0,False,,,,,,0.0,0.0,0.0,,,bank_A,0.6252442071308034,0.044584240559922654,0.9750879249706916,0.0,0.0,0.0,1.8884592604637147
2026-02-18T09:57:23.441186,8,Tuning Config 4,federated,1,0.001,512,sgd,1e-05,5,0.67,FedAvg,False,0.0,1.0,False,,,,,,0.0,0.0,0.0,,,bank_B,0.6232433282678773,0.043081085413637865,0.9754401047263633,0.0,0.0,0.0,1.6795472037792205
2026-02-18T09:57:23.441186,8,Tuning Config 4,federated,1,0.001,512,sgd,1e-05,5,0.67,FedAvg,False,0.0,1.0,False,,,,,,0.0,0.0,0.0,,,bank_C,0.7437715962669332,0.14652942966157245,0.9448310896621793,0.0,0.0,0.0,2.882970342388401
2026-02-18T09:57:23.530892,8,Tuning Config 4,federated,2,0.001,512,sgd,1e-05,5,0.67,FedAvg,False,0.0,1.0,False,0.8392770524535861,0.8392770524535861,0.9609482484919039,0.6987941314308407,0.12986696993126084,0.2804232804232804,0.1126461211477152,0.1607278241091736,,,,,,,,,,
2026-02-18T09:57:23.530892,8,Tuning Config 4,federated,2,0.001,512,sgd,1e-05,5,0.67,FedAvg,False,0.0,1.0,False,,,,,,0.2804232804232804,0.1126461211477152,0.1607278241091736,,,bank_A,0.621966921464508,0.0508395432446474,0.9668620554904259,0.13134851138353765,0.058823529411764705,0.08125677139761647,0.8349959290027619
2026-02-18T09:57:23.530892,8,Tuning Config 4,federated,2,0.001,512,sgd,1e-05,5,0.67,FedAvg,False,0.0,1.0,False,,,,,,0.2804232804232804,0.1126461211477152,0.1607278241091736,,,bank_B,0.6182770683355964,0.051332526906702904,0.967194857466638,0.13240418118466898,0.060461416070007955,0.08301474604041507,0.8081526750326157
2026-02-18T09:57:23.530892,8,Tuning Config 4,federated,2,0.001,512,sgd,1e-05,5,0.67,FedAvg,False,0.0,1.0,False,,,,,,0.2804232804232804,0.1126461211477152,0.1607278241091736,,,bank_C,0.747131422638319,0.23616179591048062,0.9431546863093726,0.4511834319526627,0.14042357274401474,0.21418539325842698,0.8916761186215785
2026-02-18T09:57:23.595630,8,Tuning Config 4,federated,3,0.001,512,sgd,1e-05,5,0.67,FedAvg,False,0.0,1.0,False,0.7108181832092149,0.7108181832092149,0.9582671887677708,0.3725817542843578,0.0316346741631009,0.07692307692307693,0.023379383634431455,0.035859820700896494,,,,,,,,,,
2026-02-18T09:57:23.595630,8,Tuning Config 4,federated,3,0.001,512,sgd,1e-05,5,0.67,FedAvg,False,0.0,1.0,False,,,,,,0.07692307692307693,0.023379383634431455,0.035859820700896494,,,bank_A,0.48261261887782864,0.02660705163499818,0.9658069558421258,0.04238921001926782,0.017254901960784313,0.024526198439241916,0.7050154614448547
2026-02-18T09:57:23.595630,8,Tuning Config 4,federated,3,0.001,512,sgd,1e-05,5,0.67,FedAvg,False,0.0,1.0,False,,,,,,0.07692307692307693,0.023379383634431455,0.035859820700896494,,,bank_B,0.48982164106625836,0.026484566625384037,0.9681717824974112,0.023076923076923078,0.007159904534606206,0.01092896174863388,0.7015432584285736
2026-02-18T09:57:23.595630,8,Tuning Config 4,federated,3,0.001,512,sgd,1e-05,5,0.67,FedAvg,False,0.0,1.0,False,,,,,,0.07692307692307693,0.023379383634431455,0.035859820700896494,,,bank_C,0.29404331427549574,0.05312266049787953,0.9372872745745492,0.12967581047381546,0.02394106813996317,0.04041974349008939,0.7094621518989662
2026-02-18T09:57:23.684529,8,Tuning Config 4,federated,4,0.001,512,sgd,1e-05,5,0.67,FedAvg,False,0.0,1.0,False,1.1208324251430375,1.1208324251430375,0.9602427064592373,0.6152043584706468,0.08763578361125832,0.24022346368715083,0.09139213602550478,0.13240954580446498,,,,,,,,,,
2026-02-18T09:57:23.684529,8,Tuning Config 4,federated,4,0.001,512,sgd,1e-05,5,0.67,FedAvg,False,0.0,1.0,False,,,,,,0.24022346368715083,0.09139213602550478,0.13240954580446498,,,bank_A,0.6073267443436647,0.04512182666444421,0.9664322000781556,0.1009009009009009,0.04392156862745098,0.06120218579234973,1.1237714499235154
2026-02-18T09:57:23.684529,8,Tuning Config 4,federated,4,0.001,512,sgd,1e-05,5,0.67,FedAvg,False,0.0,1.0,False,,,,,,0.24022346368715083,0.09139213602550478,0.13240954580446498,,,bank_B,0.5874028204653092,0.04098803114080257,0.9668627029561752,0.10307414104882459,0.045346062052505964,0.06298342541436464,1.061276239156723
2026-02-18T09:57:23.684529,8,Tuning Config 4,federated,4,0.001,512,sgd,1e-05,5,0.67,FedAvg,False,0.0,1.0,False,,,,,,0.24022346368715083,0.09139213602550478,0.13240954580446498,,,bank_C,0.6186736125736775,0.14786513265776818,0.9404368808737618,0.34797891036906853,0.09116022099447514,0.14447282013863552,1.1908638910813765
2026-02-18T10:43:50.737648,6,Tuning Config 2,federated,0,0.001,512,adam,0.0001,5,1.0,FedAvg,False,0.0,1.0,False,1.3423556249056543,1.3423556249056543,0.9594313331216707,0.697871220207215,0.08915061849425816,0.1880597014925373,0.0669500531349628,0.0987460815047022,,,,,,,,,,
2026-02-18T10:43:50.737648,6,Tuning Config 2,federated,0,0.001,512,adam,0.0001,5,1.0,FedAvg,False,0.0,1.0,False,,,,,,0.1880597014925373,0.0669500531349628,0.0987460815047022,,,bank_A,0.601270146611896,0.04587978069758978,0.9666080500195389,0.1111111111111111,0.04862745098039216,0.06764866339334424,1.3062277126312256
2026-02-18T10:43:50.737648,6,Tuning Config 2,federated,0,0.001,512,adam,0.0001,5,1.0,FedAvg,False,0.0,1.0,False,,,,,,0.1880597014925373,0.0669500531349628,0.0987460815047022,,,bank_B,0.5869515697272741,0.04228072243257434,0.9669213184580215,0.11209964412811388,0.050119331742243436,0.06926882902693787,1.1788681077957153
2026-02-18T10:43:50.737648,6,Tuning Config 2,federated,0,0.001,512,adam,0.0001,5,1.0,FedAvg,False,0.0,1.0,False,,,,,,0.1880597014925373,0.0669500531349628,0.0987460815047022,,,bank_C,0.7400753342547872,0.13617041031420074,0.9386842773685548,0.2570281124497992,0.058931860036832415,0.09588014981273409,1.6233661763079754
2026-02-18T10:43:50.806294,6,Tuning Config 2,federated,1,0.001,512,adam,0.0001,5,1.0,FedAvg,False,0.0,1.0,False,0.7604221467460904,0.7604221467460904,0.9597488270363707,0.43637188052632886,0.06337272895968307,0.20238095238095238,0.07226354941551541,0.10649960845732184,,,,,,,,,,
2026-02-18T10:43:50.806294,6,Tuning Config 2,federated,1,0.001,512,adam,0.0001,5,1.0,FedAvg,False,0.0,1.0,False,,,,,,0.20238095238095238,0.07226354941551541,0.10649960845732184,,,bank_A,0.4556787307649238,0.028757306088260083,0.9663735834310277,0.05928853754940711,0.023529411764705882,0.033688938798427846,0.7054535913467407
2026-02-18T10:43:50.806294,6,Tuning Config 2,federated,1,0.001,512,adam,0.0001,5,1.0,FedAvg,False,0.0,1.0,False,,,,,,0.20238095238095238,0.07226354941551541,0.10649960845732184,,,bank_B,0.463216101202547,0.04117751426512291,0.9686602450127977,0.12364425162689804,0.045346062052505964,0.06635622817229336,0.6850548595190048
2026-02-18T10:43:50.806294,6,Tuning Config 2,federated,1,0.001,512,adam,0.0001,5,1.0,FedAvg,False,0.0,1.0,False,,,,,,0.20238095238095238,0.07226354941551541,0.10649960845732184,,,bank_C,0.41427386687951395,0.11796182655847287,0.9409702819405639,0.3685121107266436,0.09806629834254144,0.1549090909090909,0.8959872412991214
2026-02-18T10:43:50.859158,6,Tuning Config 2,federated,2,0.001,512,adam,0.0001,5,1.0,FedAvg,False,0.0,1.0,False,0.7035875394940376,0.7035875394940376,0.9610893568984372,0.5414457169140726,0.09594995537546652,0.27247191011235955,0.1030818278427205,0.14957594448727835,,,,,,,,,,
2026-02-18T10:43:50.859158,6,Tuning Config 2,federated,2,0.001,512,adam,0.0001,5,1.0,FedAvg,False,0.0,1.0,False,,,,,,0.27247191011235955,0.1030818278427205,0.14957594448727835,,,bank_A,0.5018562641567998,0.034483268426084464,0.9666666666666667,0.11586452762923351,0.050980392156862744,0.07080610021786492,0.6741600942611694
2026-02-18T10:43:50.859158,6,Tuning Config 2,federated,2,0.001,512,adam,0.0001,5,1.0,FedAvg,False,0.0,1.0,False,,,,,,0.27247191011235955,0.1030818278427205,0.14957594448727835,,,bank_B,0.5005200745228212,0.04302580153886173,0.9672730114690998,0.13074204946996468,0.0588703261734288,0.0811848601206802,0.6719194853305817
2026-02-18T10:43:50.859158,6,Tuning Config 2,federated,2,0.001,512,adam,0.0001,5,1.0,FedAvg,False,0.0,1.0,False,,,,,,0.27247191011235955,0.1030818278427205,0.14957594448727835,,,bank_C,0.5559361941180425,0.15046693832660193,0.9410464820929642,0.3739424703891709,0.10174953959484347,0.1599710459645313,0.7748910506050308
2026-02-18T10:43:50.933791,6,Tuning Config 2,federated,3,0.001,512,adam,0.0001,5,1.0,FedAvg,False,0.0,1.0,False,0.8968559077807835,0.8968559077807835,0.9597488270363707,0.6674610607930204,0.10171204484495464,0.20760233918128654,0.07545164718384698,0.11067809820732658,,,,,,,,,,
2026-02-18T10:43:50.933791,6,Tuning Config 2,federated,3,0.001,512,adam,0.0001,5,1.0,FedAvg,False,0.0,1.0,False,,,,,,0.20760233918128654,0.07545164718384698,0.11067809820732658,,,bank_A,0.5510549259278904,0.03773760292872183,0.9661586557248926,0.07606679035250463,0.03215686274509804,0.04520396912899669,0.8063800352811813
2026-02-18T10:43:50.933791,6,Tuning Config 2,federated,3,0.001,512,adam,0.0001,5,1.0,FedAvg,False,0.0,1.0,False,,,,,,0.20760233918128654,0.07545164718384698,0.11067809820732658,,,bank_B,0.5528723150039293,0.03883258695826548,0.9667259334518669,0.09454545454545454,0.04136833731105807,0.05755395683453238,0.7847468256950378
2026-02-18T10:43:50.933791,6,Tuning Config 2,federated,3,0.001,512,adam,0.0001,5,1.0,FedAvg,False,0.0,1.0,False,,,,,,0.20760233918128654,0.07545164718384698,0.11067809820732658,,,bank_C,0.7231631742810387,0.14137254080991424,0.9389128778257556,0.27111984282907664,0.06353591160220995,0.10294666169339799,1.1520796085332896
2026-02-18T10:43:51.011410,6,Tuning Config 2,federated,4,0.001,512,adam,0.0001,5,1.0,FedAvg,False,0.0,1.0,False,0.7113392842667443,0.7113392842667443,0.9605954774755706,0.41486918515714005,0.053693711759315164,0.18115942028985507,0.053134962805526036,0.08216926869350863,,,,,,,,,,
2026-02-18T10:43:51.011410,6,Tuning Config 2,federated,4,0.001,512,adam,0.0001,5,1.0,FedAvg,False,0.0,1.0,False,,,,,,0.18115942028985507,0.053134962805526036,0.08216926869350863,,,bank_A,0.44536247890599984,0.029499250549719407,0.9661195779601407,0.07421150278293136,0.03137254901960784,0.044101433296582136,0.6763473725318909
2026-02-18T10:43:51.011410,6,Tuning Config 2,federated,4,0.001,512,adam,0.0001,5,1.0,FedAvg,False,0.0,1.0,False,,,,,,0.18115942028985507,0.053134962805526036,0.08216926869350863,,,bank_B,0.4685149350640659,0.03929077885202435,0.9668822414567906,0.0898876404494382,0.03818615751789976,0.05360134003350084,0.6754753571748734
2026-02-18T10:43:51.011410,6,Tuning Config 2,federated,4,0.001,512,adam,0.0001,5,1.0,FedAvg,False,0.0,1.0,False,,,,,,0.18115942028985507,0.053134962805526036,0.08216926869350863,,,bank_C,0.38664310899306753,0.06624523712637623,0.9369824739649479,0.14153132250580047,0.028084714548802948,0.04686899731079524,0.7845196700715399
2026-02-18T10:43:51.065256,6,Tuning Config 2,federated,5,0.001,512,adam,0.0001,5,1.0,FedAvg,False,0.0,1.0,False,0.6999439565198762,0.6999439565198762,0.9584435742759375,0.4034704695939509,0.04148831840786088,0.11650485436893204,0.03825717321997875,0.0576,,,,,,,,,,
2026-02-18T10:43:51.065256,6,Tuning Config 2,federated,5,0.001,512,adam,0.0001,5,1.0,FedAvg,False,0.0,1.0,False,,,,,,0.11650485436893204,0.03825717321997875,0.0576,,,bank_A,0.4588974031051155,0.026173189585382513,0.9658264947245018,0.04770992366412214,0.0196078431372549,0.027793218454697052,0.6747088873386383
2026-02-18T10:43:51.065256,6,Tuning Config 2,federated,5,0.001,512,adam,0.0001,5,1.0,FedAvg,False,0.0,1.0,False,,,,,,0.11650485436893204,0.03825717321997875,0.0576,,,bank_B,0.48052447835268075,0.041350958111927155,0.969305015533108,0.14955357142857142,0.053301511535401754,0.07859237536656892,0.6731750166416168
2026-02-18T10:43:51.065256,6,Tuning Config 2,federated,5,0.001,512,adam,0.0001,5,1.0,FedAvg,False,0.0,1.0,False,,,,,,0.11650485436893204,0.03825717321997875,0.0576,,,bank_C,0.3457389365376087,0.051053491494177344,0.93749047498095,0.13043478260869565,0.023480662983425413,0.03979711275848615,0.7538177936108081
2026-02-18T10:43:51.144548,6,Tuning Config 2,federated,6,0.001,512,adam,0.0001,5,1.0,FedAvg,False,0.0,1.0,False,0.8277288462434497,0.8277288462434497,0.960524923272304,0.6917258978870332,0.10811218732710721,0.24858757062146894,0.09351753453772582,0.13590733590733592,,,,,,,,,,
2026-02-18T10:43:51.144548,6,Tuning Config 2,federated,6,0.001,512,adam,0.0001,5,1.0,FedAvg,False,0.0,1.0,False,,,,,,0.24858757062146894,0.09351753453772582,0.13590733590733592,,,bank_A,0.6042955419218082,0.04699190771318841,0.966822977725674,0.13089005235602094,0.058823529411764705,0.08116883116883117,0.7932627034187317
2026-02-18T10:43:51.144548,6,Tuning Config 2,federated,6,0.001,512,adam,0.0001,5,1.0,FedAvg,False,0.0,1.0,False,,,,,,0.24858757062146894,0.09351753453772582,0.13590733590733592,,,bank_B,0.606205131083256,0.04517391920414723,0.966940856958637,0.11367673179396093,0.05091487669053302,0.07032967032967033,0.7765347629785537
2026-02-18T10:43:51.144548,6,Tuning Config 2,federated,6,0.001,512,adam,0.0001,5,1.0,FedAvg,False,0.0,1.0,False,,,,,,0.24858757062146894,0.09351753453772582,0.13590733590733592,,,bank_C,0.7218649475897089,0.16203140489292212,0.94000508001016,0.3278985507246377,0.08333333333333333,0.1328928046989721,0.9388336051594127
2026-02-18T10:43:51.208561,6,Tuning Config 2,federated,7,0.001,512,adam,0.0001,5,1.0,FedAvg,False,0.0,1.0,False,0.6915223119514329,0.6915223119514329,0.9613010195082372,0.5191454542366554,0.12862047029496976,0.3010204081632653,0.12539851222104145,0.17704426106526633,,,,,,,,,,
2026-02-18T10:43:51.208561,6,Tuning Config 2,federated,7,0.001,512,adam,0.0001,5,1.0,FedAvg,False,0.0,1.0,False,,,,,,0.3010204081632653,0.12539851222104145,0.17704426106526633,,,bank_A,0.48805668809954594,0.034572077353679835,0.9664126611957796,0.09636363636363636,0.04156862745098039,0.05808219178082192,0.6895039993524551
2026-02-18T10:43:51.208561,6,Tuning Config 2,federated,7,0.001,512,adam,0.0001,5,1.0,FedAvg,False,0.0,1.0,False,,,,,,0.3010204081632653,0.12539851222104145,0.17704426106526633,,,bank_B,0.5152683072701693,0.03789683147813606,0.966686856450636,0.07894736842105263,0.03341288782816229,0.046953605366126326,0.6867211896181107
2026-02-18T10:43:51.208561,6,Tuning Config 2,federated,7,0.001,512,adam,0.0001,5,1.0,FedAvg,False,0.0,1.0,False,,,,,,0.3010204081632653,0.12539851222104145,0.17704426106526633,,,bank_C,0.5196432457853087,0.21293462079496403,0.9451358902717806,0.5081081081081081,0.1731123388581952,0.25824175824175827,0.698096424728245
2026-02-18T10:43:51.284931,6,Tuning Config 2,federated,8,0.001,512,adam,0.0001,5,1.0,FedAvg,False,0.0,1.0,False,0.7076086114559855,0.7076086114559855,0.9617243447278372,0.506432479123113,0.1277583588925872,0.30952380952380953,0.12433581296493093,0.177407126611069,,,,,,,,,,
2026-02-18T10:43:51.284931,6,Tuning Config 2,federated,8,0.001,512,adam,0.0001,5,1.0,FedAvg,False,0.0,1.0,False,,,,,,0.30952380952380953,0.12433581296493093,0.177407126611069,,,bank_A,0.4927131196331855,0.03150191861416387,0.9666666666666667,0.06986027944111776,0.027450980392156862,0.039414414414414414,0.7118295812606812
2026-02-18T10:43:51.284931,6,Tuning Config 2,federated,8,0.001,512,adam,0.0001,5,1.0,FedAvg,False,0.0,1.0,False,,,,,,0.30952380952380953,0.12433581296493093,0.177407126611069,,,bank_B,0.5024334203582126,0.03068626926007827,0.9674293194740236,0.05240174672489083,0.01909307875894988,0.027988338192419825,0.7120929557085037
2026-02-18T10:43:51.284931,6,Tuning Config 2,federated,8,0.001,512,adam,0.0001,5,1.0,FedAvg,False,0.0,1.0,False,,,,,,0.30952380952380953,0.12433581296493093,0.177407126611069,,,bank_C,0.5253096465413247,0.23090543763022253,0.9462788925577851,0.5387755102040817,0.18232044198895028,0.2724458204334365,0.6946953024183001
2026-02-18T10:43:51.346699,6,Tuning Config 2,federated,9,0.001,512,adam,0.0001,5,1.0,FedAvg,False,0.0,1.0,False,0.7325899239097323,0.7325899239097323,0.9589374536988041,0.4636455920083279,0.06016310776157085,0.15047021943573669,0.05100956429330499,0.0761904761904762,,,,,,,,,,
2026-02-18T10:43:51.346699,6,Tuning Config 2,federated,9,0.001,512,adam,0.0001,5,1.0,FedAvg,False,0.0,1.0,False,,,,,,0.15047021943573669,0.05100956429330499,0.0761904761904762,,,bank_A,0.4636062008011299,0.028044396978677208,0.9659828057835091,0.05534351145038168,0.022745098039215685,0.032240133407448586,0.7042328828573227
2026-02-18T10:43:51.346699,6,Tuning Config 2,federated,9,0.001,512,adam,0.0001,5,1.0,FedAvg,False,0.0,1.0,False,,,,,,0.15047021943573669,0.05100956429330499,0.0761904761904762,,,bank_B,0.48816226121142486,0.03317221678280107,0.9686993220140286,0.08232445520581114,0.027048528241845664,0.0407185628742515,0.7006897789239883
2026-02-18T10:43:51.346699,6,Tuning Config 2,federated,9,0.001,512,adam,0.0001,5,1.0,FedAvg,False,0.0,1.0,False,,,,,,0.15047021943573669,0.05100956429330499,0.0761904761904762,,,bank_C,0.45938405419329364,0.09121753315925307,0.9383794767589535,0.23975409836065573,0.05386740331491713,0.08796992481203007,0.7999848320886687
2026-02-18T10:43:51.405716,6,Tuning Config 2,federated,10,0.001,512,adam,0.0001,5,1.0,FedAvg,False,0.0,1.0,False,1.0561533187116896,1.0561533187116896,0.9601721522559706,0.6770989318488168,0.08705671492491085,0.218562874251497,0.077577045696068,0.11450980392156863,,,,,,,,,,
2026-02-18T10:43:51.405716,6,Tuning Config 2,federated,10,0.001,512,adam,0.0001,5,1.0,FedAvg,False,0.0,1.0,False,,,,,,0.218562874251497,0.077577045696068,0.11450980392156863,,,bank_A,0.6036294292489064,0.04212106523720771,0.9663149667838999,0.09107468123861566,0.0392156862745098,0.05482456140350877,1.0089716839790344
2026-02-18T10:43:51.405716,6,Tuning Config 2,federated,10,0.001,512,adam,0.0001,5,1.0,FedAvg,False,0.0,1.0,False,,,,,,0.218562874251497,0.077577045696068,0.11450980392156863,,,bank_B,0.6000235473273394,0.040308881478467604,0.9667454719524824,0.09323583180987204,0.0405727923627685,0.0565410199556541,0.9730804568529129
2026-02-18T10:43:51.405716,6,Tuning Config 2,federated,10,0.001,512,adam,0.0001,5,1.0,FedAvg,False,0.0,1.0,False,,,,,,0.218562874251497,0.077577045696068,0.11450980392156863,,,bank_C,0.7097093937207459,0.1410671493960114,0.9391160782321565,0.28239845261121854,0.06721915285451197,0.10859055410933433,1.2211633734888845
2026-02-18T10:43:51.485543,6,Tuning Config 2,federated,11,0.001,512,adam,0.0001,5,1.0,FedAvg,False,0.0,1.0,False,0.8601476805550712,0.8601476805550712,0.9600310438494374,0.6767365686966476,0.09039349334743263,0.22413793103448276,0.08289054197662062,0.12102404965089217,,,,,,,,,,
2026-02-18T10:43:51.485543,6,Tuning Config 2,federated,11,0.001,512,adam,0.0001,5,1.0,FedAvg,False,0.0,1.0,False,,,,,,0.22413793103448276,0.08289054197662062,0.12102404965089217,,,bank_A,0.5856280501580454,0.038741122360640784,0.9664126611957796,0.08113207547169811,0.03372549019607843,0.04764542936288089,0.8505719304084778
2026-02-18T10:43:51.485543,6,Tuning Config 2,federated,11,0.001,512,adam,0.0001,5,1.0,FedAvg,False,0.0,1.0,False,,,,,,0.22413793103448276,0.08289054197662062,0.12102404965089217,,,bank_B,0.5797101490845241,0.03798499674148668,0.9665696254469432,0.07962962962962963,0.03420843277645187,0.047857540345019475,0.8250752186775208
2026-02-18T10:43:51.485543,6,Tuning Config 2,federated,11,0.001,512,adam,0.0001,5,1.0,FedAvg,False,0.0,1.0,False,,,,,,0.22413793103448276,0.08289054197662062,0.12102404965089217,,,bank_C,0.7245396678686362,0.1575803803295659,0.9402844805689612,0.3404634581105169,0.08793738489871086,0.1397731430662276,0.9173392459943697
2026-02-18T10:43:51.542559,6,Tuning Config 2,federated,12,0.001,512,adam,0.0001,5,1.0,FedAvg,False,0.0,1.0,False,0.9301475137472153,0.9301475137472153,0.9607013087804706,0.6836712571686444,0.11314634405886413,0.2693333333333333,0.1073326248671626,0.1534954407294833,,,,,,,,,,
2026-02-18T10:43:51.542559,6,Tuning Config 2,federated,12,0.001,512,adam,0.0001,5,1.0,FedAvg,False,0.0,1.0,False,,,,,,0.2693333333333333,0.1073326248671626,0.1534954407294833,,,bank_A,0.5900581143388125,0.045719112134777196,0.9667643610785464,0.125,0.05568627450980392,0.0770482908301682,0.8919299674034119
2026-02-18T10:43:51.542559,6,Tuning Config 2,federated,12,0.001,512,adam,0.0001,5,1.0,FedAvg,False,0.0,1.0,False,,,,,,0.2693333333333333,0.1073326248671626,0.1534954407294833,,,bank_B,0.5811368443120256,0.04236065210033702,0.9669213184580215,0.11209964412811388,0.050119331742243436,0.06926882902693787,0.8608441418409347
2026-02-18T10:43:51.542559,6,Tuning Config 2,federated,12,0.001,512,adam,0.0001,5,1.0,FedAvg,False,0.0,1.0,False,,,,,,0.2693333333333333,0.1073326248671626,0.1534954407294833,,,bank_C,0.734262536590563,0.1773087161817609,0.9406654813309626,0.35813148788927335,0.09530386740331492,0.15054545454545454,1.065048456966103
2026-02-18T10:43:51.622000,6,Tuning Config 2,federated,13,0.001,512,adam,0.0001,5,1.0,FedAvg,False,0.0,1.0,False,0.7343579094324794,0.7343579094324794,0.9598193812396374,0.48034754755953357,0.07836379516446192,0.2088235294117647,0.07545164718384698,0.11085089773614364,,,,,,,,,,
2026-02-18T10:43:51.622000,6,Tuning Config 2,federated,13,0.001,512,adam,0.0001,5,1.0,FedAvg,False,0.0,1.0,False,,,,,,0.2088235294117647,0.07545164718384698,0.11085089773614364,,,bank_A,0.46939401333121156,0.02874133044498747,0.9658069558421258,0.044145873320537425,0.01803921568627451,0.025612472160356347,0.7305816513299942
2026-02-18T10:43:51.622000,6,Tuning Config 2,federated,13,0.001,512,adam,0.0001,5,1.0,FedAvg,False,0.0,1.0,False,,,,,,0.2088235294117647,0.07545164718384698,0.11085089773614364,,,bank_B,0.4734556270957471,0.03273560429311156,0.9665500869463277,0.07635009310986965,0.03261734287987271,0.045707915273132664,0.7199331277608871
2026-02-18T10:43:51.622000,6,Tuning Config 2,federated,13,0.001,512,adam,0.0001,5,1.0,FedAvg,False,0.0,1.0,False,,,,,,0.2088235294117647,0.07545164718384698,0.11085089773614364,,,bank_C,0.4785137349708003,0.14411501369409496,0.941503683007366,0.3913764510779436,0.10865561694290976,0.1700900900900901,0.7542915406165185
2026-02-18T10:43:51.680670,6,Tuning Config 2,federated,14,0.001,512,adam,0.0001,5,1.0,FedAvg,False,0.0,1.0,False,0.7480757374848638,0.7480757374848638,0.9584082971743042,0.4664451914971962,0.05309566968154535,0.10855263157894737,0.03506907545164718,0.05301204819277108,,,,,,,,,,
2026-02-18T10:43:51.680670,6,Tuning Config 2,federated,14,0.001,512,adam,0.0001,5,1.0,FedAvg,False,0.0,1.0,False,,,,,,0.10855263157894737,0.03506907545164718,0.05301204819277108,,,bank_A,0.48313922727692427,0.027108363798971892,0.965767878077374,0.04222648752399232,0.017254901960784313,0.024498886414253896,0.7425019526481629
2026-02-18T10:43:51.680670,6,Tuning Config 2,federated,14,0.001,512,adam,0.0001,5,1.0,FedAvg,False,0.0,1.0,False,,,,,,0.10855263157894737,0.03506907545164718,0.05301204819277108,,,bank_B,0.5094750783322711,0.02934974683090027,0.9663547019401731,0.05714285714285714,0.02386634844868735,0.03367003367003367,0.7350690525770187
2026-02-18T10:43:51.680670,6,Tuning Config 2,federated,14,0.001,512,adam,0.0001,5,1.0,FedAvg,False,0.0,1.0,False,,,,,,0.10855263157894737,0.03506907545164718,0.05301204819277108,,,bank_C,0.43021237230620035,0.09115477761434787,0.9385826771653544,0.24897959183673468,0.056169429097605895,0.09166040570999248,0.7686819085827121
2026-02-18T10:43:51.766895,6,Tuning Config 2,federated,15,0.001,512,adam,0.0001,5,1.0,FedAvg,False,0.0,1.0,False,0.7092828548380307,0.7092828548380307,0.9583024658694042,0.4232324258912098,0.04744122621410044,0.09966777408637874,0.031880977683315624,0.04830917874396135,,,,,,,,,,
2026-02-18T10:43:51.766895,6,Tuning Config 2,federated,15,0.001,512,adam,0.0001,5,1.0,FedAvg,False,0.0,1.0,False,,,,,,0.09966777408637874,0.031880977683315624,0.04830917874396135,,,bank_A,0.45522651469163966,0.024785764208286234,0.9657092614302462,0.03488372093023256,0.01411764705882353,0.020100502512562814,0.7052742117643356
2026-02-18T10:43:51.766895,6,Tuning Config 2,federated,15,0.001,512,adam,0.0001,5,1.0,FedAvg,False,0.0,1.0,False,,,,,,0.09966777408637874,0.031880977683315624,0.04830917874396135,,,bank_B,0.4603556275865489,0.025849851782650916,0.9660225474297103,0.025590551181102362,0.010342084327764518,0.014730878186968839,0.7061204344034195
2026-02-18T10:43:51.766895,6,Tuning Config 2,federated,15,0.001,512,adam,0.0001,5,1.0,FedAvg,False,0.0,1.0,False,,,,,,0.09966777408637874,0.031880977683315624,0.04830917874396135,,,bank_C,0.3810218538848947,0.08633183931905863,0.938252476504953,0.23076923076923078,0.05110497237569061,0.08367885412740295,0.7123479966993456
2026-02-18T10:43:51.842748,6,Tuning Config 2,federated,16,0.001,512,adam,0.0001,5,1.0,FedAvg,False,0.0,1.0,False,0.7186350268977029,0.7186350268977029,0.9579144177514376,0.413627999267596,0.04143106606086493,0.07142857142857142,0.022316684378320937,0.0340080971659919,,,,,,,,,,
2026-02-18T10:43:51.842748,6,Tuning Config 2,federated,16,0.001,512,adam,0.0001,5,1.0,FedAvg,False,0.0,1.0,False,,,,,,0.07142857142857142,0.022316684378320937,0.0340080971659919,,,bank_A,0.4710004930937409,0.027664550637491445,0.9657874169597499,0.044061302681992334,0.01803921568627451,0.025598219254312743,0.7068382382392884
2026-02-18T10:43:51.842748,6,Tuning Config 2,federated,16,0.001,512,adam,0.0001,5,1.0,FedAvg,False,0.0,1.0,False,,,,,,0.07142857142857142,0.022316684378320937,0.0340080971659919,,,bank_B,0.48244232585957064,0.02742450849772819,0.9663351634395576,0.058712121212121215,0.024661893396976928,0.03473389355742297,0.7088377702236176
2026-02-18T10:43:51.842748,6,Tuning Config 2,federated,16,0.001,512,adam,0.0001,5,1.0,FedAvg,False,0.0,1.0,False,,,,,,0.07142857142857142,0.022316684378320937,0.0340080971659919,,,bank_C,0.35220866990512273,0.06334286734401885,0.9372110744221488,0.1590909090909091,0.03222836095764273,0.05359877488514548,0.7412427934733304
2026-02-18T10:43:51.931468,6,Tuning Config 2,federated,17,0.001,512,adam,0.0001,5,1.0,FedAvg,False,0.0,1.0,False,0.7391528125320163,0.7391528125320163,0.9594313331216707,0.4634972538340503,0.0546476228157133,0.12274368231046931,0.036131774707757705,0.05582922824302135,,,,,,,,,,
2026-02-18T10:43:51.931468,6,Tuning Config 2,federated,17,0.001,512,adam,0.0001,5,1.0,FedAvg,False,0.0,1.0,False,,,,,,0.12274368231046931,0.036131774707757705,0.05582922824302135,,,bank_A,0.4890832189002241,0.029206056388035216,0.9662368112543962,0.07663551401869159,0.03215686274509804,0.045303867403314914,0.7241714531183243
2026-02-18T10:43:51.931468,6,Tuning Config 2,federated,17,0.001,512,adam,0.0001,5,1.0,FedAvg,False,0.0,1.0,False,,,,,,0.12274368231046931,0.036131774707757705,0.05582922824302135,,,bank_B,0.49520568001628185,0.030471239636431578,0.9663742404407886,0.06554307116104868,0.02784407319013524,0.03908431044109436,0.7217454022169113
2026-02-18T10:43:51.931468,6,Tuning Config 2,federated,17,0.001,512,adam,0.0001,5,1.0,FedAvg,False,0.0,1.0,False,,,,,,0.12274368231046931,0.036131774707757705,0.05582922824302135,,,bank_C,0.39978595702634356,0.08034870976791696,0.9391414782829566,0.22139303482587064,0.040976058931860036,0.06915306915306915,0.7798100856991558
2026-02-18T10:43:51.998964,6,Tuning Config 2,federated,18,0.001,512,adam,0.0001,5,1.0,FedAvg,False,0.0,1.0,False,0.7533472222941262,0.7533472222941262,0.9581613574628709,0.4473443880010141,0.041988218244662645,0.07903780068728522,0.024442082890541977,0.037337662337662336,,,,,,,,,,
2026-02-18T10:43:51.998964,6,Tuning Config 2,federated,18,0.001,512,adam,0.0001,5,1.0,FedAvg,False,0.0,1.0,False,,,,,,0.07903780068728522,0.024442082890541977,0.037337662337662336,,,bank_A,0.47822490968133574,0.026656874311580606,0.9657288003126221,0.03313840155945419,0.013333333333333334,0.01901565995525727,0.7195749777555466
2026-02-18T10:43:51.998964,6,Tuning Config 2,federated,18,0.001,512,adam,0.0001,5,1.0,FedAvg,False,0.0,1.0,False,,,,,,0.07903780068728522,0.024442082890541977,0.037337662337662336,,,bank_B,0.49288323980373794,0.027878335467961642,0.9659834704284793,0.02734375,0.011137629276054098,0.01582815149802148,0.7205778700113297
2026-02-18T10:43:51.998964,6,Tuning Config 2,federated,18,0.001,512,adam,0.0001,5,1.0,FedAvg,False,0.0,1.0,False,,,,,,0.07903780068728522,0.024442082890541977,0.037337662337662336,,,bank_C,0.3977341971790598,0.0587350229691313,0.9367792735585471,0.11056511056511056,0.020718232044198894,0.03489724699495929,0.8342639625846565
2026-02-18T10:43:52.088537,6,Tuning Config 2,federated,19,0.001,512,adam,0.0001,5,1.0,FedAvg,False,0.0,1.0,False,0.7647744736501149,0.7647744736501149,0.9577380322432709,0.40552903740603663,0.03227322370060948,0.05226480836236934,0.015940488841657812,0.024429967426710098,,,,,,,,,,
2026-02-18T10:43:52.088537,6,Tuning Config 2,federated,19,0.001,512,adam,0.0001,5,1.0,FedAvg,False,0.0,1.0,False,,,,,,0.05226480836236934,0.015940488841657812,0.024429967426710098,,,bank_A,0.457972147079451,0.023962068025661355,0.965767878077374,0.022044088176352707,0.008627450980392156,0.012401352874859075,0.744678202867508
2026-02-18T10:43:52.088537,6,Tuning Config 2,federated,19,0.001,512,adam,0.0001,5,1.0,FedAvg,False,0.0,1.0,False,,,,,,0.05226480836236934,0.015940488841657812,0.024429967426710098,,,bank_B,0.46074149652579316,0.024026910826031853,0.9658662394247866,0.015810276679841896,0.006364359586316627,0.009075439591605219,0.744690118432045
2026-02-18T10:43:52.088537,6,Tuning Config 2,federated,19,0.001,512,adam,0.0001,5,1.0,FedAvg,False,0.0,1.0,False,,,,,,0.05226480836236934,0.015940488841657812,0.024429967426710098,,,bank_C,0.32146171124271816,0.044441078951781045,0.9360934721869444,0.06565656565656566,0.011970534069981584,0.020249221183800622,0.8098008864885801
2026-02-18T10:43:52.159318,6,Tuning Config 2,federated,20,0.001,512,adam,0.0001,5,1.0,FedAvg,False,0.0,1.0,False,0.7751532675964492,0.7751532675964492,0.9580202490563375,0.4247160209028283,0.035110645817137284,0.06315789473684211,0.019128586609989374,0.02936378466557912,,,,,,,,,,
2026-02-18T10:43:52.159318,6,Tuning Config 2,federated,20,0.001,512,adam,0.0001,5,1.0,FedAvg,False,0.0,1.0,False,,,,,,0.06315789473684211,0.019128586609989374,0.02936378466557912,,,bank_A,0.47747013443189124,0.025155565810146954,0.9656115670183666,0.023575638506876228,0.009411764705882352,0.013452914798206279,0.7485716623067856
2026-02-18T10:43:52.159318,6,Tuning Config 2,federated,20,0.001,512,adam,0.0001,5,1.0,FedAvg,False,0.0,1.0,False,,,,,,0.06315789473684211,0.019128586609989374,0.02936378466557912,,,bank_B,0.4878685052353563,0.025768181860092592,0.9659248549266329,0.023483365949119372,0.00954653937947494,0.013574660633484163,0.7495517981052399
2026-02-18T10:43:52.159318,6,Tuning Config 2,federated,20,0.001,512,adam,0.0001,5,1.0,FedAvg,False,0.0,1.0,False,,,,,,0.06315789473684211,0.019128586609989374,0.02936378466557912,,,bank_C,0.3653070468451293,0.04796182612872858,0.936245872491745,0.0775,0.01427255985267035,0.02410575427682737,0.8392490450437967
2026-02-18T10:43:52.249062,6,Tuning Config 2,federated,21,0.001,512,adam,0.0001,5,1.0,FedAvg,False,0.0,1.0,False,0.7495367665375982,0.7495367665375982,0.9579496948530709,0.41591947604420887,0.03247175978359356,0.0627177700348432,0.019128586609989374,0.029315960912052116,,,,,,,,,,
2026-02-18T10:43:52.249062,6,Tuning Config 2,federated,21,0.001,512,adam,0.0001,5,1.0,FedAvg,False,0.0,1.0,False,,,,,,0.0627177700348432,0.019128586609989374,0.029315960912052116,,,bank_A,0.47943641153485744,0.026040366169727006,0.9656897225478702,0.031189083820662766,0.012549019607843137,0.017897091722595078,0.7370794463157654
2026-02-18T10:43:52.249062,6,Tuning Config 2,federated,21,0.001,512,adam,0.0001,5,1.0,FedAvg,False,0.0,1.0,False,,,,,,0.0627177700348432,0.019128586609989374,0.029315960912052116,,,bank_B,0.48621329241449396,0.02557781501242566,0.967233934467869,0.022727272727272728,0.007955449482895784,0.011785503830288745,0.7366083592176438
2026-02-18T10:43:52.249062,6,Tuning Config 2,federated,21,0.001,512,adam,0.0001,5,1.0,FedAvg,False,0.0,1.0,False,,,,,,0.0627177700348432,0.019128586609989374,0.029315960912052116,,,bank_C,0.33612252985541413,0.04244221318722282,0.9361442722885446,0.06153846153846154,0.011049723756906077,0.01873536299765808,0.7802375524075
2026-02-18T10:43:52.313568,6,Tuning Config 2,federated,22,0.001,512,adam,0.0001,5,1.0,FedAvg,False,0.0,1.0,False,0.8128819497568267,0.8128819497568267,0.9577380322432709,0.5493927344191019,0.039642793509918894,0.022304832713754646,0.006376195536663124,0.009917355371900827,,,,,,,,,,
2026-02-18T10:43:52.313568,6,Tuning Config 2,federated,22,0.001,512,adam,0.0001,5,1.0,FedAvg,False,0.0,1.0,False,,,,,,0.022304832713754646,0.006376195536663124,0.009917355371900827,,,bank_A,0.5232655299971908,0.027250886819668273,0.9655529503712388,0.01968503937007874,0.00784313725490196,0.011217049915872126,0.7885327142477035
2026-02-18T10:43:52.313568,6,Tuning Config 2,federated,22,0.001,512,adam,0.0001,5,1.0,FedAvg,False,0.0,1.0,False,,,,,,0.022304832713754646,0.006376195536663124,0.009917355371900827,,,bank_B,0.5236550726555439,0.027160474853075815,0.9659248549266329,0.01972386587771203,0.007955449482895784,0.011337868480725623,0.7806758308410644
2026-02-18T10:43:52.313568,6,Tuning Config 2,federated,22,0.001,512,adam,0.0001,5,1.0,FedAvg,False,0.0,1.0,False,,,,,,0.022304832713754646,0.006376195536663124,0.009917355371900827,,,bank_C,0.515450703452739,0.05638187961535439,0.936245872491745,0.059895833333333336,0.010589318600368325,0.017996870109546165,0.8824612049313335
2026-02-18T10:43:52.401583,6,Tuning Config 2,federated,23,0.001,512,adam,0.0001,5,1.0,FedAvg,False,0.0,1.0,False,0.7844919179167066,0.7844919179167066,0.9583730200726708,0.5514449235539771,0.049051536567944025,0.10819672131147541,0.03506907545164718,0.052969502407704656,,,,,,,,,,
2026-02-18T10:43:52.401583,6,Tuning Config 2,federated,23,0.001,512,adam,0.0001,5,1.0,FedAvg,False,0.0,1.0,False,,,,,,0.10819672131147541,0.03506907545164718,0.052969502407704656,,,bank_A,0.544152147904548,0.030992838091519072,0.9658264947245018,0.04597701149425287,0.018823529411764704,0.02671118530884808,0.7637791103124618
2026-02-18T10:43:52.401583,6,Tuning Config 2,federated,23,0.001,512,adam,0.0001,5,1.0,FedAvg,False,0.0,1.0,False,,,,,,0.10819672131147541,0.03506907545164718,0.052969502407704656,,,bank_B,0.5443810789695486,0.030185263007616814,0.966139778433403,0.03875968992248062,0.015910898965791568,0.022560631697687534,0.7589681255817413
2026-02-18T10:43:52.401583,6,Tuning Config 2,federated,23,0.001,512,adam,0.0001,5,1.0,FedAvg,False,0.0,1.0,False,,,,,,0.10819672131147541,0.03506907545164718,0.052969502407704656,,,bank_C,0.5115456637057558,0.0663515632056837,0.9382778765557531,0.17424242424242425,0.031767955801104975,0.053738317757009345,0.8437692337221914
2026-02-18T10:43:52.472200,6,Tuning Config 2,federated,24,0.001,512,adam,0.0001,5,1.0,FedAvg,False,0.0,1.0,False,0.7854603401252201,0.7854603401252201,0.9575616467351042,0.4527372590672799,0.03380225190602357,0.03873239436619718,0.011689691817215728,0.017959183673469388,,,,,,,,,,
2026-02-18T10:43:52.472200,6,Tuning Config 2,federated,24,0.001,512,adam,0.0001,5,1.0,FedAvg,False,0.0,1.0,False,,,,,,0.03873239436619718,0.011689691817215728,0.017959183673469388,,,bank_A,0.4675685292251356,0.02433310621755099,0.9655138726064869,0.017716535433070866,0.007058823529411765,0.010095344924284913,0.7601347637176513
2026-02-18T10:43:52.472200,6,Tuning Config 2,federated,24,0.001,512,adam,0.0001,5,1.0,FedAvg,False,0.0,1.0,False,,,,,,0.03873239436619718,0.011689691817215728,0.017959183673469388,,,bank_B,0.48246441990393424,0.024618432185364164,0.9658467009241711,0.011928429423459244,0.00477326968973747,0.006818181818181818,0.7583716815710068
2026-02-18T10:43:52.472200,6,Tuning Config 2,federated,24,0.001,512,adam,0.0001,5,1.0,FedAvg,False,0.0,1.0,False,,,,,,0.03873239436619718,0.011689691817215728,0.017959183673469388,,,bank_C,0.39690044772600597,0.04665254451966227,0.9360680721361443,0.058823529411764705,0.010589318600368325,0.01794771751853297,0.8502659170658557
2026-02-18T10:43:52.545886,6,Tuning Config 2,federated,25,0.001,512,adam,0.0001,5,1.0,FedAvg,False,0.0,1.0,False,0.7932322536196027,0.7932322536196027,0.9603838148657706,0.6409624070622852,0.10404069165582719,0.23546511627906977,0.08607863974495218,0.12607003891050583,,,,,,,,,,
2026-02-18T10:43:52.545886,6,Tuning Config 2,federated,25,0.001,512,adam,0.0001,5,1.0,FedAvg,False,0.0,1.0,False,,,,,,0.23546511627906977,0.08607863974495218,0.12607003891050583,,,bank_A,0.5682678343755094,0.052017581036960206,0.9667643610785464,0.12762237762237763,0.05725490196078432,0.07904710341093665,0.7699487721920013
2026-02-18T10:43:52.545886,6,Tuning Config 2,federated,25,0.001,512,adam,0.0001,5,1.0,FedAvg,False,0.0,1.0,False,,,,,,0.23546511627906977,0.08607863974495218,0.12607003891050583,,,bank_B,0.5549266069788051,0.045572206022579574,0.9667845489537132,0.1009009009009009,0.04455051710421639,0.06181015452538632,0.7635207599401475
2026-02-18T10:43:52.545886,6,Tuning Config 2,federated,25,0.001,512,adam,0.0001,5,1.0,FedAvg,False,0.0,1.0,False,,,,,,0.23546511627906977,0.08607863974495218,0.12607003891050583,,,bank_C,0.6501860730942879,0.13663980782184748,0.9401320802641605,0.331511839708561,0.08379373848987108,0.13377434766629914,0.8591102036562833
2026-02-18T10:43:52.628064,6,Tuning Config 2,federated,26,0.001,512,adam,0.0001,5,1.0,FedAvg,False,0.0,1.0,False,0.8263835555740765,0.8263835555740765,0.9595371644265707,0.6239175927639975,0.07908594362887002,0.18404907975460122,0.06376195536663125,0.0947119179163378,,,,,,,,,,
2026-02-18T10:43:52.628064,6,Tuning Config 2,federated,26,0.001,512,adam,0.0001,5,1.0,FedAvg,False,0.0,1.0,False,,,,,,0.18404907975460122,0.06376195536663125,0.0947119179163378,,,bank_A,0.5580595130748423,0.03445719582791622,0.9659828057835091,0.06037735849056604,0.025098039215686273,0.03545706371191136,0.7955180221796035
2026-02-18T10:43:52.628064,6,Tuning Config 2,federated,26,0.001,512,adam,0.0001,5,1.0,FedAvg,False,0.0,1.0,False,,,,,,0.18404907975460122,0.06376195536663125,0.0947119179163378,,,bank_B,0.5406169884190556,0.03195151333381858,0.9663547019401731,0.06049149338374291,0.02545743834526651,0.03583426651735722,0.7890028756856918
2026-02-18T10:43:52.628064,6,Tuning Config 2,federated,26,0.001,512,adam,0.0001,5,1.0,FedAvg,False,0.0,1.0,False,,,,,,0.18404907975460122,0.06376195536663125,0.0947119179163378,,,bank_C,0.6367808728404475,0.11453666158729145,0.938760477520955,0.2595573440643863,0.05939226519337017,0.09666541775946047,0.9102214807039731
2026-02-18T10:43:52.697840,6,Tuning Config 2,federated,27,0.001,512,adam,0.0001,5,1.0,FedAvg,False,0.0,1.0,False,0.7377992847136089,0.7377992847136089,0.9579496948530709,0.4121121618845459,0.03272912734764513,0.040293040293040296,0.011689691817215728,0.018121911037891267,,,,,,,,,,
2026-02-18T10:43:52.697840,6,Tuning Config 2,federated,27,0.001,512,adam,0.0001,5,1.0,FedAvg,False,0.0,1.0,False,,,,,,0.040293040293040296,0.011689691817215728,0.018121911037891267,,,bank_A,0.4359532602140145,0.02370678515958969,0.9660609613130129,0.05232558139534884,0.021176470588235293,0.03015075376884422,0.7148122972249985
2026-02-18T10:43:52.697840,6,Tuning Config 2,federated,27,0.001,512,adam,0.0001,5,1.0,FedAvg,False,0.0,1.0,False,,,,,,0.040293040293040296,0.011689691817215728,0.018121911037891267,,,bank_B,0.4449998604083457,0.023509942108364445,0.966139778433403,0.04230769230769231,0.017501988862370723,0.024760832864378166,0.7154342961311341
2026-02-18T10:43:52.697840,6,Tuning Config 2,federated,27,0.001,512,adam,0.0001,5,1.0,FedAvg,False,0.0,1.0,False,,,,,,0.040293040293040296,0.011689691817215728,0.018121911037891267,,,bank_C,0.36752831173620004,0.04419925487161231,0.9363474726949453,0.0335195530726257,0.0055248618784530384,0.009486166007905139,0.7915984500538219
2026-02-18T10:43:52.787261,6,Tuning Config 2,federated,28,0.001,512,adam,0.0001,5,1.0,FedAvg,False,0.0,1.0,False,0.7469461230295045,0.7469461230295045,0.9591491163086041,0.43066982780208307,0.03350270384317693,0.03829787234042553,0.009564293304994687,0.015306122448979591,,,,,,,,,,
2026-02-18T10:43:52.787261,6,Tuning Config 2,federated,28,0.001,512,adam,0.0001,5,1.0,FedAvg,False,0.0,1.0,False,,,,,,0.03829787234042553,0.009564293304994687,0.015306122448979591,,,bank_A,0.4423845541823583,0.023419923882625968,0.9655334114888628,0.01775147928994083,0.007058823529411765,0.010101010101010102,0.7265258300304412
2026-02-18T10:43:52.787261,6,Tuning Config 2,federated,28,0.001,512,adam,0.0001,5,1.0,FedAvg,False,0.0,1.0,False,,,,,,0.03829787234042553,0.009564293304994687,0.015306122448979591,,,bank_B,0.4638092701224079,0.023795174000919544,0.9658076239229402,0.004024144869215292,0.0015910898965791568,0.002280501710376283,0.724277635216713
2026-02-18T10:43:52.787261,6,Tuning Config 2,federated,28,0.001,512,adam,0.0001,5,1.0,FedAvg,False,0.0,1.0,False,,,,,,0.03829787234042553,0.009564293304994687,0.015306122448979591,,,bank_C,0.41224457155610567,0.04792071282799663,0.9358902717805435,0.04639175257731959,0.008287292817679558,0.0140625,0.7998124763563081
2026-02-18T10:43:52.855816,6,Tuning Config 2,federated,29,0.001,512,adam,0.0001,5,1.0,FedAvg,False,0.0,1.0,False,0.8223591968417168,0.8223591968417168,0.9591843934102374,0.6471749866202883,0.07054486696119039,0.17272727272727273,0.06057385759829968,0.08969315499606609,,,,,,,,,,
2026-02-18T10:43:52.855816,6,Tuning Config 2,federated,29,0.001,512,adam,0.0001,5,1.0,FedAvg,False,0.0,1.0,False,,,,,,0.17272727272727273,0.06057385759829968,0.08969315499606609,,,bank_A,0.5755666039985777,0.037176983738561334,0.9661195779601407,0.06779661016949153,0.02823529411764706,0.03986710963455149,0.7934097355604172
2026-02-18T10:43:52.855816,6,Tuning Config 2,federated,29,0.001,512,adam,0.0001,5,1.0,FedAvg,False,0.0,1.0,False,,,,,,0.17272727272727273,0.06057385759829968,0.08969315499606609,,,bank_B,0.5675196943745903,0.0352408975914624,0.9664914714444813,0.06297709923664122,0.026252983293556086,0.03705783267827063,0.7833884006738663
2026-02-18T10:43:52.855816,6,Tuning Config 2,federated,29,0.001,512,adam,0.0001,5,1.0,FedAvg,False,0.0,1.0,False,,,,,,0.17272727272727273,0.06057385759829968,0.08969315499606609,,,bank_C,0.6538922492020948,0.09856509855034983,0.9385318770637542,0.24796747967479674,0.056169429097605895,0.0915915915915916,0.908977430362206
2026-02-18T10:43:52.947179,6,Tuning Config 2,federated,30,0.001,512,adam,0.0001,5,1.0,FedAvg,False,0.0,1.0,False,0.8084489139063018,0.8084489139063018,0.9589727308004374,0.6560677738912871,0.06849203464722411,0.13725490196078433,0.044633368756641874,0.0673616680032077,,,,,,,,,,
2026-02-18T10:43:52.947179,6,Tuning Config 2,federated,30,0.001,512,adam,0.0001,5,1.0,FedAvg,False,0.0,1.0,False,,,,,,0.13725490196078433,0.044633368756641874,0.0673616680032077,,,bank_A,0.5781707833118219,0.034742499804328496,0.9657874169597499,0.044061302681992334,0.01803921568627451,0.025598219254312743,0.7776817119121552
2026-02-18T10:43:52.947179,6,Tuning Config 2,federated,30,0.001,512,adam,0.0001,5,1.0,FedAvg,False,0.0,1.0,False,,,,,,0.13725490196078433,0.044633368756641874,0.0673616680032077,,,bank_B,0.5694130256988235,0.033149161544730514,0.9662570094370958,0.054924242424242424,0.023070803500397773,0.032492997198879554,0.7700785440206528
2026-02-18T10:43:52.947179,6,Tuning Config 2,federated,30,0.001,512,adam,0.0001,5,1.0,FedAvg,False,0.0,1.0,False,,,,,,0.13725490196078433,0.044633368756641874,0.0673616680032077,,,bank_C,0.673793713240489,0.10111985771120749,0.9376428752857505,0.19172113289760348,0.040515653775322284,0.0668947168377043,0.8968834366117205
2026-02-18T10:43:53.011305,6,Tuning Config 2,federated,31,0.001,512,adam,0.0001,5,1.0,FedAvg,False,0.0,1.0,False,0.8124605151159423,0.8124605151159423,0.9579496948530709,0.5526972188114286,0.045997873244458844,0.07457627118644068,0.023379383634431455,0.03559870550161812,,,,,,,,,,
2026-02-18T10:43:53.011305,6,Tuning Config 2,federated,31,0.001,512,adam,0.0001,5,1.0,FedAvg,False,0.0,1.0,False,,,,,,0.07457627118644068,0.023379383634431455,0.03559870550161812,,,bank_A,0.5055647219913915,0.027832125462417315,0.9659632669011332,0.043052837573385516,0.017254901960784313,0.02463605823068309,0.7824232149124145
2026-02-18T10:43:53.011305,6,Tuning Config 2,federated,31,0.001,512,adam,0.0001,5,1.0,FedAvg,False,0.0,1.0,False,,,,,,0.07457627118644068,0.023379383634431455,0.03559870550161812,,,bank_B,0.5093856584044343,0.027392195060462674,0.9661983939352494,0.046065259117082535,0.01909307875894988,0.02699662542182227,0.774847349524498
2026-02-18T10:43:53.011305,6,Tuning Config 2,federated,31,0.001,512,adam,0.0001,5,1.0,FedAvg,False,0.0,1.0,False,,,,,,0.07457627118644068,0.023379383634431455,0.03559870550161812,,,bank_C,0.54950935375741,0.06644498989260726,0.9365252730505461,0.10602409638554217,0.020257826887661142,0.034016235021260145,0.8960494700964395
2026-02-18T10:43:53.092792,6,Tuning Config 2,federated,32,0.001,512,adam,0.0001,5,1.0,FedAvg,False,0.0,1.0,False,0.7760719912392753,0.7760719912392753,0.9588668994955375,0.6406974883832461,0.06544575500594924,0.14057507987220447,0.04675876726886291,0.07017543859649122,,,,,,,,,,
2026-02-18T10:43:53.092792,6,Tuning Config 2,federated,32,0.001,512,adam,0.0001,5,1.0,FedAvg,False,0.0,1.0,False,,,,,,0.14057507987220447,0.04675876726886291,0.07017543859649122,,,bank_A,0.5688395952309389,0.038217330342587535,0.9663540445486518,0.07909604519774012,0.03294117647058824,0.046511627906976744,0.7521303772926331
2026-02-18T10:43:53.092792,6,Tuning Config 2,federated,32,0.001,512,adam,0.0001,5,1.0,FedAvg,False,0.0,1.0,False,,,,,,0.14057507987220447,0.04675876726886291,0.07017543859649122,,,bank_B,0.5480270026350952,0.03700754964790599,0.9665891639475587,0.08440366972477065,0.03659506762132061,0.051054384017758046,0.7442808830738068
2026-02-18T10:43:53.092792,6,Tuning Config 2,federated,32,0.001,512,adam,0.0001,5,1.0,FedAvg,False,0.0,1.0,False,,,,,,0.14057507987220447,0.04675876726886291,0.07017543859649122,,,bank_C,0.6268142485630379,0.08092908302281172,0.9374396748793498,0.17006802721088435,0.034530386740331494,0.0574052812858783,0.8464763381264426
2026-02-18T10:43:53.159667,6,Tuning Config 2,federated,33,0.001,512,adam,0.0001,5,1.0,FedAvg,False,0.0,1.0,False,0.7823086200015885,0.7823086200015885,0.9575969238367376,0.487216723720606,0.03729117295569324,0.03558718861209965,0.010626992561105207,0.016366612111292964,,,,,,,,,,
2026-02-18T10:43:53.159667,6,Tuning Config 2,federated,33,0.001,512,adam,0.0001,5,1.0,FedAvg,False,0.0,1.0,False,,,,,,0.03558718861209965,0.010626992561105207,0.016366612111292964,,,bank_A,0.4942209570733413,0.02630157792014854,0.9656701836654943,0.027450980392156862,0.010980392156862745,0.01568627450980392,0.7608645641803742
2026-02-18T10:43:53.159667,6,Tuning Config 2,federated,33,0.001,512,adam,0.0001,5,1.0,FedAvg,False,0.0,1.0,False,,,,,,0.03558718861209965,0.010626992561105207,0.016366612111292964,,,bank_B,0.5138228643735773,0.02731363153359416,0.9660030089290947,0.019880715705765408,0.007955449482895784,0.011363636363636364,0.7554545855522156
2026-02-18T10:43:53.159667,6,Tuning Config 2,federated,33,0.001,512,adam,0.0001,5,1.0,FedAvg,False,0.0,1.0,False,,,,,,0.03558718861209965,0.010626992561105207,0.016366612111292964,,,bank_C,0.45385879624610004,0.05313075487549933,0.9360426720853442,0.058673469387755105,0.010589318600368325,0.01794071762870515,0.8423653724905732
2026-02-18T10:43:53.238127,6,Tuning Config 2,federated,34,0.001,512,adam,0.0001,5,1.0,FedAvg,False,0.0,1.0,False,0.7858827114105225,0.7858827114105225,0.9576322009383709,0.58004415905885,0.0448767789608535,0.045454545454545456,0.01381509032943677,0.021189894050529748,,,,,,,,,,
2026-02-18T10:43:53.238127,6,Tuning Config 2,federated,34,0.001,512,adam,0.0001,5,1.0,FedAvg,False,0.0,1.0,False,,,,,,0.045454545454545456,0.01381509032943677,0.021189894050529748,,,bank_A,0.540014537425029,0.029035393755783706,0.9656311059007425,0.025490196078431372,0.01019607843137255,0.014565826330532213,0.7698369914293289
2026-02-18T10:43:53.238127,6,Tuning Config 2,federated,34,0.001,512,adam,0.0001,5,1.0,FedAvg,False,0.0,1.0,False,,,,,,0.045454545454545456,0.01381509032943677,0.021189894050529748,,,bank_B,0.5336493889168178,0.02896765918201718,0.9660225474297103,0.0311284046692607,0.012728719172633254,0.018068887634105024,0.7632641500234604
2026-02-18T10:43:53.238127,6,Tuning Config 2,federated,34,0.001,512,adam,0.0001,5,1.0,FedAvg,False,0.0,1.0,False,,,,,,0.045454545454545456,0.01381509032943677,0.021189894050529748,,,bank_C,0.5382177124515201,0.0612290380853762,0.9360934721869444,0.06345177664974619,0.01151012891344383,0.019485580670303974,0.8358299290979063
2026-02-18T10:43:53.296100,6,Tuning Config 2,federated,35,0.001,512,adam,0.0001,5,1.0,FedAvg,False,0.0,1.0,False,0.7784580503191266,0.7784580503191266,0.9579849719547042,0.5876061099739789,0.043411177900848696,0.037037037037037035,0.010626992561105207,0.016515276630883566,,,,,,,,,,
2026-02-18T10:43:53.296100,6,Tuning Config 2,federated,35,0.001,512,adam,0.0001,5,1.0,FedAvg,False,0.0,1.0,False,,,,,,0.037037037037037035,0.010626992561105207,0.016515276630883566,,,bank_A,0.5389637487697214,0.02831050745841278,0.9656311059007425,0.016,0.006274509803921568,0.009014084507042254,0.7640788322687149
2026-02-18T10:43:53.296100,6,Tuning Config 2,federated,35,0.001,512,adam,0.0001,5,1.0,FedAvg,False,0.0,1.0,False,,,,,,0.037037037037037035,0.010626992561105207,0.016515276630883566,,,bank_B,0.526009877097516,0.027410130528177246,0.966178855434634,0.012345679012345678,0.00477326968973747,0.0068846815834767644,0.7576599764823914
2026-02-18T10:43:53.296100,6,Tuning Config 2,federated,35,0.001,512,adam,0.0001,5,1.0,FedAvg,False,0.0,1.0,False,,,,,,0.037037037037037035,0.010626992561105207,0.016515276630883566,,,bank_C,0.544067455902944,0.05994852454441028,0.9361950723901448,0.075,0.013812154696132596,0.02332814930015552,0.8228945770821015
2026-02-18T10:43:53.378643,6,Tuning Config 2,federated,36,0.001,512,adam,0.0001,5,1.0,FedAvg,False,0.0,1.0,False,0.8026394205433982,0.8026394205433982,0.9576322009383709,0.5726959423004635,0.042896492551266756,0.03571428571428571,0.010626992561105207,0.01638001638001638,,,,,,,,,,
2026-02-18T10:43:53.378643,6,Tuning Config 2,federated,36,0.001,512,adam,0.0001,5,1.0,FedAvg,False,0.0,1.0,False,,,,,,0.03571428571428571,0.010626992561105207,0.01638001638001638,,,bank_A,0.5339908021318936,0.02877360780016499,0.9657092614302462,0.03125,0.012549019607843137,0.01790710688304421,0.7838657450675964
2026-02-18T10:43:53.378643,6,Tuning Config 2,federated,36,0.001,512,adam,0.0001,5,1.0,FedAvg,False,0.0,1.0,False,,,,,,0.03571428571428571,0.010626992561105207,0.01638001638001638,,,bank_B,0.5417716472395241,0.02906549461059094,0.9660225474297103,0.0311284046692607,0.012728719172633254,0.018068887634105024,0.7748147433996201
2026-02-18T10:43:53.378643,6,Tuning Config 2,federated,36,0.001,512,adam,0.0001,5,1.0,FedAvg,False,0.0,1.0,False,,,,,,0.03571428571428571,0.010626992561105207,0.01638001638001638,,,bank_C,0.556588692613724,0.06024942754842472,0.9361696723393447,0.061696658097686374,0.011049723756906077,0.018742678641155797,0.8613353394842768
2026-02-18T10:43:53.444265,6,Tuning Config 2,federated,37,0.001,512,adam,0.0001,5,1.0,FedAvg,False,0.0,1.0,False,0.7890421173402241,0.7890421173402241,0.9578438635481709,0.5967226356492599,0.047591203704008954,0.0528169014084507,0.015940488841657812,0.024489795918367346,,,,,,,,,,
2026-02-18T10:43:53.444265,6,Tuning Config 2,federated,37,0.001,512,adam,0.0001,5,1.0,FedAvg,False,0.0,1.0,False,,,,,,0.0528169014084507,0.015940488841657812,0.024489795918367346,,,bank_A,0.5280173113228861,0.028080792631582707,0.9655529503712388,0.021568627450980392,0.008627450980392156,0.012324929971988795,0.7684676760435104
2026-02-18T10:43:53.444265,6,Tuning Config 2,federated,37,0.001,512,adam,0.0001,5,1.0,FedAvg,False,0.0,1.0,False,,,,,,0.0528169014084507,0.015940488841657812,0.024489795918367346,,,bank_B,0.520752068203335,0.027263396790024902,0.9660811629315567,0.021956087824351298,0.008750994431185362,0.012514220705346985,0.7616906410455704
2026-02-18T10:43:53.444265,6,Tuning Config 2,federated,37,0.001,512,adam,0.0001,5,1.0,FedAvg,False,0.0,1.0,False,,,,,,0.0528169014084507,0.015940488841657812,0.024489795918367346,,,bank_C,0.5899111130155417,0.06906845056936348,0.9362204724409449,0.06649616368286446,0.011970534069981584,0.020288724151385096,0.8479703858301237
2026-02-18T10:43:53.531233,6,Tuning Config 2,federated,38,0.001,512,adam,0.0001,5,1.0,FedAvg,False,0.0,1.0,False,0.8324016779661179,0.8324016779661179,0.9577733093449042,0.523506278595959,0.04031393479074309,0.05555555555555555,0.01700318809776833,0.026037428803905614,,,,,,,,,,
2026-02-18T10:43:53.531233,6,Tuning Config 2,federated,38,0.001,512,adam,0.0001,5,1.0,FedAvg,False,0.0,1.0,False,,,,,,0.05555555555555555,0.01700318809776833,0.026037428803905614,,,bank_A,0.5041760521461365,0.027855561413899554,0.965767878077374,0.036893203883495145,0.014901960784313726,0.021229050279329607,0.8052321779727936
2026-02-18T10:43:53.531233,6,Tuning Config 2,federated,38,0.001,512,adam,0.0001,5,1.0,FedAvg,False,0.0,1.0,False,,,,,,0.05555555555555555,0.01700318809776833,0.026037428803905614,,,bank_B,0.5089972079756935,0.027679941900490265,0.966178855434634,0.04423076923076923,0.018297533810660304,0.025886325267304444,0.7977630078792572
2026-02-18T10:43:53.531233,6,Tuning Config 2,federated,38,0.001,512,adam,0.0001,5,1.0,FedAvg,False,0.0,1.0,False,,,,,,0.05555555555555555,0.01700318809776833,0.026037428803905614,,,bank_C,0.49318597150265603,0.058301594833539507,0.9365506731013462,0.08838383838383838,0.016114180478821363,0.027258566978193146,0.9078177740047504
2026-02-18T10:43:53.591462,6,Tuning Config 2,federated,39,0.001,512,adam,0.0001,5,1.0,FedAvg,False,0.0,1.0,False,0.8231566974094936,0.8231566974094936,0.9583024658694042,0.48766379337956123,0.037555179964136126,0.05204460966542751,0.01487778958554729,0.023140495867768594,,,,,,,,,,
2026-02-18T10:43:53.591462,6,Tuning Config 2,federated,39,0.001,512,adam,0.0001,5,1.0,FedAvg,False,0.0,1.0,False,,,,,,0.05204460966542751,0.01487778958554729,0.023140495867768594,,,bank_A,0.5110752547487284,0.028314968019593212,0.9657092614302462,0.03488372093023256,0.01411764705882353,0.020100502512562814,0.8079412460327149
2026-02-18T10:43:53.591462,6,Tuning Config 2,federated,39,0.001,512,adam,0.0001,5,1.0,FedAvg,False,0.0,1.0,False,,,,,,0.05204460966542751,0.01487778958554729,0.023140495867768594,,,bank_B,0.5218970783084321,0.028365134776223447,0.9661983939352494,0.040776699029126215,0.016706443914081145,0.023702031602708805,0.8000236797332764
2026-02-18T10:43:53.591462,6,Tuning Config 2,federated,39,0.001,512,adam,0.0001,5,1.0,FedAvg,False,0.0,1.0,False,,,,,,0.05204460966542751,0.01487778958554729,0.023140495867768594,,,bank_C,0.44609380670280996,0.05395573624739576,0.936499872999746,0.09,0.016574585635359115,0.027993779160186624,0.86923184023275
2026-02-18T10:43:53.652439,6,Tuning Config 2,federated,40,0.001,512,adam,0.0001,5,1.0,FedAvg,False,0.0,1.0,False,0.7617105575544494,0.7617105575544494,0.9572441528204043,0.4733316812106971,0.033251708610137334,0.010830324909747292,0.003188097768331562,0.0049261083743842365,,,,,,,,,,
2026-02-18T10:43:53.652439,6,Tuning Config 2,federated,40,0.001,512,adam,0.0001,5,1.0,FedAvg,False,0.0,1.0,False,,,,,,0.010830324909747292,0.003188097768331562,0.0049261083743842365,,,bank_A,0.47226253803795837,0.024683325608231624,0.965494333724111,0.00998003992015968,0.00392156862745098,0.00563063063063063,0.7498587399721146
2026-02-18T10:43:53.652439,6,Tuning Config 2,federated,40,0.001,512,adam,0.0001,5,1.0,FedAvg,False,0.0,1.0,False,,,,,,0.010830324909747292,0.003188097768331562,0.0049261083743842365,,,bank_B,0.49498931295218696,0.02515309109955116,0.9657685469217092,0.007952286282306162,0.0031821797931583136,0.004545454545454545,0.7471405935287475
2026-02-18T10:43:53.652439,6,Tuning Config 2,federated,40,0.001,512,adam,0.0001,5,1.0,FedAvg,False,0.0,1.0,False,,,,,,0.010830324909747292,0.003188097768331562,0.0049261083743842365,,,bank_C,0.42261116337568205,0.04687014671341753,0.9358140716281432,0.02666666666666667,0.004604051565377533,0.007852375343541421,0.7915971008214083
2026-02-18T10:43:53.736733,6,Tuning Config 2,federated,41,0.001,512,adam,0.0001,5,1.0,FedAvg,False,0.0,1.0,False,0.7499155019010816,0.7499155019010816,0.9574558154302043,0.4291194408664827,0.029987475667203632,0.014652014652014652,0.004250797024442083,0.006589785831960461,,,,,,,,,,
2026-02-18T10:43:53.736733,6,Tuning Config 2,federated,41,0.001,512,adam,0.0001,5,1.0,FedAvg,False,0.0,1.0,False,,,,,,0.014652014652014652,0.004250797024442083,0.006589785831960461,,,bank_A,0.46242488964326345,0.02381384868458049,0.9656115670183666,0.025440313111545987,0.01019607843137255,0.014557670772676373,0.7485274982452392
2026-02-18T10:43:53.736733,6,Tuning Config 2,federated,41,0.001,512,adam,0.0001,5,1.0,FedAvg,False,0.0,1.0,False,,,,,,0.014652014652014652,0.004250797024442083,0.006589785831960461,,,bank_B,0.47876470723965014,0.024071644688821,0.9660616244309411,0.02,0.007955449482895784,0.011383039271485486,0.7474764984846115
2026-02-18T10:43:53.736733,6,Tuning Config 2,federated,41,0.001,512,adam,0.0001,5,1.0,FedAvg,False,0.0,1.0,False,,,,,,0.014652014652014652,0.004250797024442083,0.006589785831960461,,,bank_C,0.3548436347842222,0.042472065770967994,0.9358394716789433,0.031746031746031744,0.0055248618784530384,0.009411764705882352,0.7520181288966885
2026-02-18T10:43:53.814284,6,Tuning Config 2,federated,42,0.001,512,adam,0.0001,5,1.0,FedAvg,False,0.0,1.0,False,0.7604200265237263,0.7604200265237263,0.9575616467351042,0.4699667447954453,0.03661416428008283,0.04195804195804196,0.012752391073326248,0.019559902200488997,,,,,,,,,,
2026-02-18T10:43:53.814284,6,Tuning Config 2,federated,42,0.001,512,adam,0.0001,5,1.0,FedAvg,False,0.0,1.0,False,,,,,,0.04195804195804196,0.012752391073326248,0.019559902200488997,,,bank_A,0.500634845421988,0.028237821017927933,0.9659437280187573,0.032,0.012549019607843137,0.018028169014084508,0.7461095970869064
2026-02-18T10:43:53.814284,6,Tuning Config 2,federated,42,0.001,512,adam,0.0001,5,1.0,FedAvg,False,0.0,1.0,False,,,,,,0.04195804195804196,0.012752391073326248,0.019559902200488997,,,bank_B,0.5101799683808967,0.027075090274326044,0.9660225474297103,0.029296875,0.011933174224343675,0.016958733747880157,0.744208253622055
2026-02-18T10:43:53.814284,6,Tuning Config 2,federated,42,0.001,512,adam,0.0001,5,1.0,FedAvg,False,0.0,1.0,False,,,,,,0.04195804195804196,0.012752391073326248,0.019559902200488997,,,bank_C,0.4107767903123963,0.05059329293461733,0.9362204724409449,0.0794044665012407,0.014732965009208104,0.024854368932038837,0.7963910071880786
2026-02-18T10:43:53.901302,6,Tuning Config 2,federated,43,0.001,512,adam,0.0001,5,1.0,FedAvg,False,0.0,1.0,False,0.7576658970543316,0.7576658970543316,0.9574205383285709,0.4501536621401195,0.03207847370042939,0.02158273381294964,0.006376195536663124,0.009844134536505332,,,,,,,,,,
2026-02-18T10:43:53.901302,6,Tuning Config 2,federated,43,0.001,512,adam,0.0001,5,1.0,FedAvg,False,0.0,1.0,False,,,,,,0.02158273381294964,0.006376195536663124,0.009844134536505332,,,bank_A,0.4840382216407252,0.02524130999707057,0.9657288003126221,0.021956087824351298,0.008627450980392156,0.012387387387387387,0.7483439701795578
2026-02-18T10:43:53.901302,6,Tuning Config 2,federated,43,0.001,512,adam,0.0001,5,1.0,FedAvg,False,0.0,1.0,False,,,,,,0.02158273381294964,0.006376195536663124,0.009844134536505332,,,bank_B,0.4979092484697663,0.025430517120747714,0.9659248549266329,0.006085192697768763,0.002386634844868735,0.0034285714285714284,0.744924122095108
2026-02-18T10:43:53.901302,6,Tuning Config 2,federated,43,0.001,512,adam,0.0001,5,1.0,FedAvg,False,0.0,1.0,False,,,,,,0.02158273381294964,0.006376195536663124,0.009844134536505332,,,bank_C,0.3762858619203373,0.044084363004397734,0.9358648717297434,0.04155844155844156,0.007366482504604052,0.012514665623777864,0.7834112388747079
2026-02-18T10:43:53.971548,6,Tuning Config 2,federated,44,0.001,512,adam,0.0001,5,1.0,FedAvg,False,0.0,1.0,False,0.7437066787055561,0.7437066787055561,0.9577027551416376,0.4175219975178609,0.0317597067728394,0.029197080291970802,0.008501594048884165,0.01316872427983539,,,,,,,,,,
2026-02-18T10:43:53.971548,6,Tuning Config 2,federated,44,0.001,512,adam,0.0001,5,1.0,FedAvg,False,0.0,1.0,False,,,,,,0.029197080291970802,0.008501594048884165,0.01316872427983539,,,bank_A,0.4467527203647715,0.024221887655482305,0.9660023446658851,0.055449330783938815,0.022745098039215685,0.03225806451612903,0.7329681020975113
2026-02-18T10:43:53.971548,6,Tuning Config 2,federated,44,0.001,512,adam,0.0001,5,1.0,FedAvg,False,0.0,1.0,False,,,,,,0.029197080291970802,0.008501594048884165,0.01316872427983539,,,bank_B,0.46410914518469026,0.024139542859433427,0.966178855434634,0.04597701149425287,0.01909307875894988,0.026981450252951095,0.7313640916347504
2026-02-18T10:43:53.971548,6,Tuning Config 2,federated,44,0.001,512,adam,0.0001,5,1.0,FedAvg,False,0.0,1.0,False,,,,,,0.029197080291970802,0.008501594048884165,0.01316872427983539,,,bank_C,0.3640138514645186,0.0453497919573248,0.9361188722377445,0.061381074168797956,0.011049723756906077,0.01872805306281701,0.7705610061620737
2026-02-18T10:43:54.061628,6,Tuning Config 2,federated,45,0.001,512,adam,0.0001,5,1.0,FedAvg,False,0.0,1.0,False,0.7545797548123768,0.7545797548123768,0.9578791406498042,0.4534138253892758,0.031803154431274336,0.019011406844106463,0.005313496280552604,0.008305647840531562,,,,,,,,,,
2026-02-18T10:43:54.061628,6,Tuning Config 2,federated,45,0.001,512,adam,0.0001,5,1.0,FedAvg,False,0.0,1.0,False,,,,,,0.019011406844106463,0.005313496280552604,0.008305647840531562,,,bank_A,0.49677533981231,0.026025795400749265,0.9657288003126221,0.02385685884691849,0.009411764705882352,0.013498312710911136,0.7506943684816361
2026-02-18T10:43:54.061628,6,Tuning Config 2,federated,45,0.001,512,adam,0.0001,5,1.0,FedAvg,False,0.0,1.0,False,,,,,,0.019011406844106463,0.005313496280552604,0.008305647840531562,,,bank_B,0.5099858706474892,0.025991881314754404,0.9659053164260175,0.017786561264822136,0.007159904534606206,0.01020986954055587,0.7469669628143311
2026-02-18T10:43:54.061628,6,Tuning Config 2,federated,45,0.001,512,adam,0.0001,5,1.0,FedAvg,False,0.0,1.0,False,,,,,,0.019011406844106463,0.005313496280552604,0.008305647840531562,,,bank_C,0.4092466158649096,0.046871620964150845,0.935763271526543,0.03636363636363636,0.006445672191528545,0.010950332420805632,0.7657707449677703
2026-02-18T10:43:54.130029,6,Tuning Config 2,federated,46,0.001,512,adam,0.0001,5,1.0,FedAvg,False,0.0,1.0,False,0.7658963565315519,0.7658963565315519,0.9573499841253043,0.41667929476724347,0.02929986311094201,0.02142857142857143,0.006376195536663124,0.009828009828009828,,,,,,,,,,
2026-02-18T10:43:54.130029,6,Tuning Config 2,federated,46,0.001,512,adam,0.0001,5,1.0,FedAvg,False,0.0,1.0,False,,,,,,0.02142857142857143,0.006376195536663124,0.009828009828009828,,,bank_A,0.4555661482306578,0.02392424078783687,0.9656115670183666,0.02729044834307992,0.010980392156862745,0.015659955257270694,0.7570812040567398
2026-02-18T10:43:54.130029,6,Tuning Config 2,federated,46,0.001,512,adam,0.0001,5,1.0,FedAvg,False,0.0,1.0,False,,,,,,0.02142857142857143,0.006376195536663124,0.009828009828009828,,,bank_B,0.47402025621506344,0.024031438039722932,0.9658467009241711,0.00998003992015968,0.003977724741447892,0.005688282138794084,0.7541270262002945
2026-02-18T10:43:54.130029,6,Tuning Config 2,federated,46,0.001,512,adam,0.0001,5,1.0,FedAvg,False,0.0,1.0,False,,,,,,0.02142857142857143,0.006376195536663124,0.009828009828009828,,,bank_C,0.34462498701637156,0.04246657045043955,0.9357378714757429,0.031413612565445025,0.0055248618784530384,0.009397024275646046,0.7878659460451696
2026-02-18T10:43:54.240524,6,Tuning Config 2,federated,47,0.001,512,adam,0.0001,5,1.0,FedAvg,False,0.0,1.0,False,0.7720840711678777,0.7720840711678777,0.9580908032596042,0.457211755719851,0.033867965160223175,0.05734767025089606,0.01700318809776833,0.02622950819672131,,,,,,,,,,
2026-02-18T10:43:54.240524,6,Tuning Config 2,federated,47,0.001,512,adam,0.0001,5,1.0,FedAvg,False,0.0,1.0,False,,,,,,0.05734767025089606,0.01700318809776833,0.02622950819672131,,,bank_A,0.4985351147572544,0.027447542554253097,0.966041422430637,0.05222437137330754,0.021176470588235293,0.030133928571428572,0.7602685564756393
2026-02-18T10:43:54.240524,6,Tuning Config 2,federated,47,0.001,512,adam,0.0001,5,1.0,FedAvg,False,0.0,1.0,False,,,,,,0.05734767025089606,0.01700318809776833,0.02622950819672131,,,bank_B,0.5105205576756702,0.026616297315562108,0.9659639319278639,0.025440313111545987,0.010342084327764518,0.014705882352941176,0.7574467647075653
2026-02-18T10:43:54.240524,6,Tuning Config 2,federated,47,0.001,512,adam,0.0001,5,1.0,FedAvg,False,0.0,1.0,False,,,,,,0.05734767025089606,0.01700318809776833,0.02622950819672131,,,bank_C,0.3830532780777832,0.046756702221096694,0.9361188722377445,0.06582278481012659,0.011970534069981584,0.02025710946630308,0.8007962835299505
2026-02-18T10:43:54.316888,6,Tuning Config 2,federated,48,0.001,512,adam,0.0001,5,1.0,FedAvg,False,0.0,1.0,False,0.7856205627322197,0.7856205627322197,0.9577027551416376,0.4334452503593968,0.030570952588466573,0.022222222222222223,0.006376195536663124,0.00990916597853014,,,,,,,,,,
2026-02-18T10:43:54.316888,6,Tuning Config 2,federated,48,0.001,512,adam,0.0001,5,1.0,FedAvg,False,0.0,1.0,False,,,,,,0.022222222222222223,0.006376195536663124,0.00990916597853014,,,bank_A,0.4935493987596039,0.02578285554990256,0.9658655724892536,0.028,0.010980392156862745,0.015774647887323943,0.7739291042089462
2026-02-18T10:43:54.316888,6,Tuning Config 2,federated,48,0.001,512,adam,0.0001,5,1.0,FedAvg,False,0.0,1.0,False,,,,,,0.022222222222222223,0.006376195536663124,0.00990916597853014,,,bank_B,0.5061029200343155,0.025781457463726145,0.9659639319278639,0.012072434607645875,0.00477326968973747,0.0068415051311288486,0.7710382181406021
2026-02-18T10:43:54.316888,6,Tuning Config 2,federated,48,0.001,512,adam,0.0001,5,1.0,FedAvg,False,0.0,1.0,False,,,,,,0.022222222222222223,0.006376195536663124,0.00990916597853014,,,bank_C,0.35218254793397186,0.04198621738579156,0.9357886715773431,0.036458333333333336,0.006445672191528545,0.010954616588419406,0.8154477368701588
2026-02-18T10:43:54.415019,6,Tuning Config 2,federated,49,0.001,512,adam,0.0001,5,1.0,FedAvg,False,0.0,1.0,False,0.7676729655691555,0.7676729655691555,0.9572794299220376,0.43339045965484724,0.030560004190175506,0.010869565217391304,0.003188097768331562,0.0049301561216105174,,,,,,,,,,
2026-02-18T10:43:54.415019,6,Tuning Config 2,federated,49,0.001,512,adam,0.0001,5,1.0,FedAvg,False,0.0,1.0,False,,,,,,0.010869565217391304,0.003188097768331562,0.0049301561216105174,,,bank_A,0.46130519359331745,0.024235143997118534,0.9655724892536147,0.021611001964636542,0.008627450980392156,0.01233183856502242,0.7529868417978287
2026-02-18T10:43:54.415019,6,Tuning Config 2,federated,49,0.001,512,adam,0.0001,5,1.0,FedAvg,False,0.0,1.0,False,,,,,,0.010869565217391304,0.003188097768331562,0.0049301561216105174,,,bank_B,0.47466980359071803,0.024049851317369118,0.9658076239229402,0.009940357852882704,0.003977724741447892,0.005681818181818182,0.7523936575651169
2026-02-18T10:43:54.415019,6,Tuning Config 2,federated,49,0.001,512,adam,0.0001,5,1.0,FedAvg,False,0.0,1.0,False,,,,,,0.010869565217391304,0.003188097768331562,0.0049301561216105174,,,bank_C,0.3654164360803968,0.042761350430747476,0.935991871983744,0.03225806451612903,0.0055248618784530384,0.009433962264150943,0.8010466021376771
2026-02-18T10:43:54.490969,6,Tuning Config 2,federated,50,0.001,512,adam,0.0001,5,1.0,FedAvg,False,0.0,1.0,False,0.7731300092169217,0.7731300092169217,0.9577027551416376,0.6352143076560489,0.04959604685274409,0.05517241379310345,0.01700318809776833,0.025995125913891144,,,,,,,,,,
2026-02-18T10:43:54.490969,6,Tuning Config 2,federated,50,0.001,512,adam,0.0001,5,1.0,FedAvg,False,0.0,1.0,False,,,,,,0.05517241379310345,0.01700318809776833,0.025995125913891144,,,bank_A,0.5595099316151668,0.030680692899027626,0.9656701836654943,0.03294573643410853,0.013333333333333334,0.018983807928531545,0.7612600582838058
2026-02-18T10:43:54.490969,6,Tuning Config 2,federated,50,0.001,512,adam,0.0001,5,1.0,FedAvg,False,0.0,1.0,False,,,,,,0.05517241379310345,0.01700318809776833,0.025995125913891144,,,bank_B,0.543866478160567,0.028523183980410816,0.9660616244309411,0.021912350597609563,0.008750994431185362,0.012507106310403639,0.7566025978326798
2026-02-18T10:43:54.490969,6,Tuning Config 2,federated,50,0.001,512,adam,0.0001,5,1.0,FedAvg,False,0.0,1.0,False,,,,,,0.05517241379310345,0.01700318809776833,0.025995125913891144,,,bank_C,0.6278023039219617,0.07393062189460313,0.9365506731013462,0.10628019323671498,0.020257826887661142,0.03402938901778809,0.8049220481476227
2026-02-18T10:48:07.216046,3,Federated (FedAvg) + DP,federated,0,0.001,512,adam,1e-5,5,1.0,FedAvg,True,1.1,1.0,False,1.2672617776053292,1.2672617776053292,0.9574558154302043,0.30836811489653404,0.023396361548293623,0.03180212014134275,0.009564293304994687,0.014705882352941176,,,,,,,,,,
2026-02-18T10:48:07.216046,3,Federated (FedAvg) + DP,federated,0,0.001,512,adam,1e-5,5,1.0,FedAvg,True,1.1,1.0,False,,,,,,0.03180212014134275,0.009564293304994687,0.014705882352941176,,,bank_A,0.408866501254344,0.02198802445187279,0.9661977334896444,0.030927835051546393,0.011764705882352941,0.017045454545454544,0.8858454322814941
2026-02-18T10:48:07.216046,3,Federated (FedAvg) + DP,federated,0,0.001,512,adam,1e-5,5,1.0,FedAvg,True,1.1,1.0,False,,,,,,0.03180212014134275,0.009564293304994687,0.014705882352941176,,,bank_B,0.41338835826000464,0.02040970928377829,0.9668431644555597,0.023809523809523808,0.008750994431185362,0.012798138452588714,0.841880373954773
2026-02-18T10:48:07.216046,3,Federated (FedAvg) + DP,federated,0,0.001,512,adam,1e-5,5,1.0,FedAvg,True,1.1,1.0,False,,,,,,0.03180212014134275,0.009564293304994687,0.014705882352941176,,,bank_C,0.2603036354555588,0.036838888267812286,0.9373634747269495,0.09392265193370165,0.01565377532228361,0.026835043409629045,2.0395497052700486
2026-02-18T10:48:08.554142,3,Federated (FedAvg) + DP,federated,1,0.001,512,adam,1e-5,5,1.0,FedAvg,True,1.1,1.0,False,0.6745237750666482,0.6745237750666482,0.9577380322432709,0.3155205314690586,0.02555066776646165,0.04912280701754386,0.01487778958554729,0.022838499184339316,,,,,,,,,,
2026-02-18T10:48:08.554142,3,Federated (FedAvg) + DP,federated,1,0.001,512,adam,1e-5,5,1.0,FedAvg,True,1.1,1.0,False,,,,,,0.04912280701754386,0.01487778958554729,0.022838499184339316,,,bank_A,0.4185782476902193,0.022844554070572825,0.9658460336068777,0.03718199608610567,0.014901960784313726,0.02127659574468085,0.6481781476736068
2026-02-18T10:48:08.554142,3,Federated (FedAvg) + DP,federated,1,0.001,512,adam,1e-5,5,1.0,FedAvg,True,1.1,1.0,False,,,,,,0.04912280701754386,0.01487778958554729,0.022838499184339316,,,bank_B,0.4339353972373728,0.023422685310022267,0.9665500869463277,0.030927835051546393,0.011933174224343675,0.01722158438576349,0.6569611102342605
2026-02-18T10:48:08.554142,3,Federated (FedAvg) + DP,federated,1,0.001,512,adam,1e-5,5,1.0,FedAvg,True,1.1,1.0,False,,,,,,0.04912280701754386,0.01487778958554729,0.022838499184339316,,,bank_C,0.267230815841205,0.04527856950661481,0.9372872745745492,0.10817941952506596,0.018876611418047883,0.032144257154057235,0.6961518464150367
2026-02-18T10:48:09.383839,3,Federated (FedAvg) + DP,federated,2,0.001,512,adam,1e-5,5,1.0,FedAvg,True,1.1,1.0,False,0.7419606149196625,0.7419606149196625,0.9581613574628709,0.2964295383396501,0.02465721444708874,0.02702702702702703,0.007438894792773645,0.011666666666666667,,,,,,,,,,
2026-02-18T10:48:09.383839,3,Federated (FedAvg) + DP,federated,2,0.001,512,adam,1e-5,5,1.0,FedAvg,True,1.1,1.0,False,,,,,,0.02702702702702703,0.007438894792773645,0.011666666666666667,,,bank_A,0.40843371818219326,0.020943303590149717,0.9656506447831184,0.025540275049115914,0.01019607843137255,0.014573991031390135,0.6859971368312836
2026-02-18T10:48:09.383839,3,Federated (FedAvg) + DP,federated,2,0.001,512,adam,1e-5,5,1.0,FedAvg,True,1.1,1.0,False,,,,,,0.02702702702702703,0.007438894792773645,0.011666666666666667,,,bank_B,0.41782365998226617,0.020858500539529663,0.967194857466638,0.013824884792626729,0.00477326968973747,0.007096392667060911,0.6878497797250748
2026-02-18T10:48:09.383839,3,Federated (FedAvg) + DP,federated,2,0.001,512,adam,1e-5,5,1.0,FedAvg,True,1.1,1.0,False,,,,,,0.02702702702702703,0.007438894792773645,0.011666666666666667,,,bank_C,0.24672326142408296,0.037926398673336165,0.9367792735585471,0.037900874635568516,0.005985267034990792,0.010337972166998012,0.823595313282756
2026-02-18T10:48:10.254348,3,Federated (FedAvg) + DP,federated,3,0.001,512,adam,1e-5,5,1.0,FedAvg,True,1.1,1.0,False,0.9296605097396033,0.9296605097396033,0.9622182241507038,0.5657807582335538,0.14800947432082928,0.3444976076555024,0.153028692879915,0.2119205298013245,,,,,,,,,,
2026-02-18T10:48:10.254348,3,Federated (FedAvg) + DP,federated,3,0.001,512,adam,1e-5,5,1.0,FedAvg,True,1.1,1.0,False,,,,,,0.3444976076555024,0.153028692879915,0.2119205298013245,,,bank_A,0.5433269879437598,0.04630903783161228,0.9666862055490426,0.12014134275618374,0.05333333333333334,0.07387289516567083,0.8717781376838684
2026-02-18T10:48:10.254348,3,Federated (FedAvg) + DP,federated,3,0.001,512,adam,1e-5,5,1.0,FedAvg,True,1.1,1.0,False,,,,,,0.3444976076555024,0.153028692879915,0.2119205298013245,,,bank_B,0.5252467999569369,0.04404477736935709,0.9673511654715617,0.14432989690721648,0.06682577565632458,0.09135399673735727,0.8366005343198776
2026-02-18T10:48:10.254348,3,Federated (FedAvg) + DP,federated,3,0.001,512,adam,1e-5,5,1.0,FedAvg,True,1.1,1.0,False,,,,,,0.3444976076555024,0.153028692879915,0.2119205298013245,,,bank_C,0.6007109173971907,0.23751323204762198,0.9451358902717806,0.5079575596816976,0.17633517495395948,0.2617908407382092,1.105944268115155
2026-02-18T10:48:11.076869,3,Federated (FedAvg) + DP,federated,4,0.001,512,adam,1e-5,5,1.0,FedAvg,True,1.1,1.0,False,0.6646681928208896,0.6646681928208896,0.9588668994955375,0.3236094503069249,0.03892578284351896,0.12121212121212122,0.03825717321997875,0.05815831987075929,,,,,,,,,,
2026-02-18T10:48:11.076869,3,Federated (FedAvg) + DP,federated,4,0.001,512,adam,1e-5,5,1.0,FedAvg,True,1.1,1.0,False,,,,,,0.12121212121212122,0.03825717321997875,0.05815831987075929,,,bank_A,0.4449459934660168,0.029185382623629894,0.9664712778429074,0.0831758034026465,0.034509803921568626,0.04878048780487805,0.6733101367950439
2026-02-18T10:48:11.076869,3,Federated (FedAvg) + DP,federated,4,0.001,512,adam,1e-5,5,1.0,FedAvg,True,1.1,1.0,False,,,,,,0.12121212121212122,0.03825717321997875,0.05815831987075929,,,bank_B,0.4403026012426717,0.031152172600305478,0.9662570094370958,0.053231939163498096,0.022275258552108195,0.03140773976444195,0.6804872089624405
2026-02-18T10:48:11.076869,3,Federated (FedAvg) + DP,federated,4,0.001,512,adam,1e-5,5,1.0,FedAvg,True,1.1,1.0,False,,,,,,0.12121212121212122,0.03825717321997875,0.05815831987075929,,,bank_C,0.2597283951185716,0.05500284108489949,0.9370586741173482,0.14418604651162792,0.0285451197053407,0.04765564950038432,0.6204647855325178
2026-02-18T10:48:11.884988,3,Federated (FedAvg) + DP,federated,5,0.001,512,adam,1e-5,5,1.0,FedAvg,True,1.1,1.0,False,0.6806796842387745,0.6806796842387745,0.9578791406498042,0.30380119528267935,0.026563247643448896,0.06228373702422145,0.019128586609989374,0.02926829268292683,,,,,,,,,,
2026-02-18T10:48:11.884988,3,Federated (FedAvg) + DP,federated,5,0.001,512,adam,1e-5,5,1.0,FedAvg,True,1.1,1.0,False,,,,,,0.06228373702422145,0.019128586609989374,0.02926829268292683,,,bank_A,0.40952600529240857,0.024279496348242374,0.9678976162563502,0.05555555555555555,0.01803921568627451,0.027235050325636473,0.6584883791208267
2026-02-18T10:48:11.884988,3,Federated (FedAvg) + DP,federated,5,0.001,512,adam,1e-5,5,1.0,FedAvg,True,1.1,1.0,False,,,,,,0.06228373702422145,0.019128586609989374,0.02926829268292683,,,bank_B,0.42616845226064215,0.024969319558877892,0.9662765479377112,0.0410958904109589,0.016706443914081145,0.023755656108597284,0.6684311413764954
2026-02-18T10:48:11.884988,3,Federated (FedAvg) + DP,federated,5,0.001,512,adam,1e-5,5,1.0,FedAvg,True,1.1,1.0,False,,,,,,0.06228373702422145,0.019128586609989374,0.02926829268292683,,,bank_C,0.25374543023313495,0.0366935098923012,0.9360426720853442,0.05641025641025641,0.010128913443830571,0.01717408274785324,0.6927551294302011
2026-02-18T10:48:12.769901,3,Federated (FedAvg) + DP,federated,6,0.001,512,adam,1e-5,5,1.0,FedAvg,True,1.1,1.0,False,0.6815171199185508,0.6815171199185508,0.9577027551416376,0.2920609005854656,0.024395223767231376,0.029197080291970802,0.008501594048884165,0.01316872427983539,,,,,,,,,,
2026-02-18T10:48:12.769901,3,Federated (FedAvg) + DP,federated,6,0.001,512,adam,1e-5,5,1.0,FedAvg,True,1.1,1.0,False,,,,,,0.029197080291970802,0.008501594048884165,0.01316872427983539,,,bank_A,0.41459764140101485,0.02202862236730663,0.9656115670183666,0.019801980198019802,0.00784313725490196,0.011235955056179775,0.6838326239585877
2026-02-18T10:48:12.769901,3,Federated (FedAvg) + DP,federated,6,0.001,512,adam,1e-5,5,1.0,FedAvg,True,1.1,1.0,False,,,,,,0.029197080291970802,0.008501594048884165,0.01316872427983539,,,bank_B,0.4338263372737061,0.02395859047923743,0.9659248549266329,0.021611001964636542,0.008750994431185362,0.01245753114382786,0.6952504891157151
2026-02-18T10:48:12.769901,3,Federated (FedAvg) + DP,federated,6,0.001,512,adam,1e-5,5,1.0,FedAvg,True,1.1,1.0,False,,,,,,0.029197080291970802,0.008501594048884165,0.01316872427983539,,,bank_C,0.22768036920933885,0.03541032372713744,0.9358140716281432,0.041343669250646,0.007366482504604052,0.012504884720593983,0.644075870513916
2026-02-18T10:48:13.800850,3,Federated (FedAvg) + DP,federated,7,0.001,512,adam,1e-5,5,1.0,FedAvg,True,1.1,1.0,False,0.6825156062841415,0.6825156062841415,0.9591491163086041,0.343201741545616,0.04526160995706008,0.13712374581939799,0.04357066950053135,0.06612903225806452,,,,,,,,,,
2026-02-18T10:48:13.800850,3,Federated (FedAvg) + DP,federated,7,0.001,512,adam,1e-5,5,1.0,FedAvg,True,1.1,1.0,False,,,,,,0.13712374581939799,0.04357066950053135,0.06612903225806452,,,bank_A,0.45745100003732575,0.03227846623884649,0.9664126611957796,0.09927797833935018,0.043137254901960784,0.06014215418261345,0.697723292708397
2026-02-18T10:48:13.800850,3,Federated (FedAvg) + DP,federated,7,0.001,512,adam,1e-5,5,1.0,FedAvg,True,1.1,1.0,False,,,,,,0.13712374581939799,0.04357066950053135,0.06612903225806452,,,bank_B,0.44449595206511827,0.03419173787009452,0.968503937007874,0.06172839506172839,0.01988862370723946,0.030084235860409144,0.7067164897918701
2026-02-18T10:48:13.800850,3,Federated (FedAvg) + DP,federated,7,0.001,512,adam,1e-5,5,1.0,FedAvg,True,1.1,1.0,False,,,,,,0.13712374581939799,0.04357066950053135,0.06612903225806452,,,bank_C,0.3055929943658231,0.06631793122765275,0.9391160782321565,0.20930232558139536,0.03729281767955801,0.06330597889800703,0.6234693836856198
2026-02-18T10:48:14.545389,3,Federated (FedAvg) + DP,federated,8,0.001,512,adam,1e-5,5,1.0,FedAvg,True,1.1,1.0,False,0.6802029854484967,0.6802029854484967,0.9598546583412707,0.30164801365665095,0.029755076754862796,0.06222222222222222,0.01487778958554729,0.024013722126929673,,,,,,,,,,
2026-02-18T10:48:14.545389,3,Federated (FedAvg) + DP,federated,8,0.001,512,adam,1e-5,5,1.0,FedAvg,True,1.1,1.0,False,,,,,,0.06222222222222222,0.01487778958554729,0.024013722126929673,,,bank_A,0.4034481829200972,0.025449355039318503,0.9685228604923798,0.043478260869565216,0.012549019607843137,0.019476567255021303,0.6730771040916443
2026-02-18T10:48:14.545389,3,Federated (FedAvg) + DP,federated,8,0.001,512,adam,1e-5,5,1.0,FedAvg,True,1.1,1.0,False,,,,,,0.06222222222222222,0.01487778958554729,0.024013722126929673,,,bank_B,0.3963327997617636,0.022614043771948346,0.968757937515875,0.027624309392265192,0.007955449482895784,0.012353304508956145,0.6868198424577713
2026-02-18T10:48:14.545389,3,Federated (FedAvg) + DP,federated,8,0.001,512,adam,1e-5,5,1.0,FedAvg,True,1.1,1.0,False,,,,,,0.06222222222222222,0.01487778958554729,0.024013722126929673,,,bank_C,0.2530724908772992,0.04061650958284682,0.937998475996952,0.07570977917981073,0.011049723756906077,0.019284853354760947,0.6571114187116747
2026-02-18T10:48:15.382379,3,Federated (FedAvg) + DP,federated,9,0.001,512,adam,1e-5,5,1.0,FedAvg,True,1.1,1.0,False,0.6938632311565536,0.6938632311565536,0.9578438635481709,0.3228094013248881,0.030312199597528525,0.04642857142857143,0.01381509032943677,0.021294021294021293,,,,,,,,,,
2026-02-18T10:48:15.382379,3,Federated (FedAvg) + DP,federated,9,0.001,512,adam,1e-5,5,1.0,FedAvg,True,1.1,1.0,False,,,,,,0.04642857142857143,0.01381509032943677,0.021294021294021293,,,bank_A,0.42123904438040116,0.0247116489569265,0.9665885111371629,0.03624733475479744,0.013333333333333334,0.0194954128440367,0.6796273022890091
2026-02-18T10:48:15.382379,3,Federated (FedAvg) + DP,federated,9,0.001,512,adam,1e-5,5,1.0,FedAvg,True,1.1,1.0,False,,,,,,0.04642857142857143,0.01381509032943677,0.021294021294021293,,,bank_B,0.4231758047889116,0.02416429257528051,0.966393778941404,0.020703933747412008,0.007955449482895784,0.011494252873563218,0.6914663118124008
2026-02-18T10:48:15.382379,3,Federated (FedAvg) + DP,federated,9,0.001,512,adam,1e-5,5,1.0,FedAvg,True,1.1,1.0,False,,,,,,0.04642857142857143,0.01381509032943677,0.021294021294021293,,,bank_C,0.2581775137022456,0.0391151488517429,0.9360934721869444,0.04736842105263158,0.008287292817679558,0.014106583072100314,0.691237101307163
2026-02-18T10:48:16.145417,3,Federated (FedAvg) + DP,federated,10,0.001,512,adam,1e-5,5,1.0,FedAvg,True,1.1,1.0,False,0.7150168929781232,0.7150168929781232,0.9588316223939041,0.4407123086290203,0.056118373654083425,0.13782051282051283,0.04569606801275239,0.06863527533918595,,,,,,,,,,
2026-02-18T10:48:16.145417,3,Federated (FedAvg) + DP,federated,10,0.001,512,adam,1e-5,5,1.0,FedAvg,True,1.1,1.0,False,,,,,,0.13782051282051283,0.04569606801275239,0.06863527533918595,,,bank_A,0.47690513937265117,0.03327266494263206,0.9680734661977335,0.09480812641083522,0.03294117647058824,0.048894062863795114,0.7171687430143356
2026-02-18T10:48:16.145417,3,Federated (FedAvg) + DP,federated,10,0.001,512,adam,1e-5,5,1.0,FedAvg,True,1.1,1.0,False,,,,,,0.13782051282051283,0.04569606801275239,0.06863527533918595,,,bank_B,0.4705759835299695,0.030108045191640558,0.9690900920263379,0.0712401055408971,0.021479713603818614,0.03300733496332518,0.7274015402793884
2026-02-18T10:48:16.145417,3,Federated (FedAvg) + DP,federated,10,0.001,512,adam,1e-5,5,1.0,FedAvg,True,1.1,1.0,False,,,,,,0.13782051282051283,0.04569606801275239,0.06863527533918595,,,bank_C,0.4157586110047502,0.08722853653387466,0.9382016764033528,0.2229299363057325,0.04834254143646409,0.07945516458569807,0.6868262422549261
2026-02-18T10:48:16.875414,3,Federated (FedAvg) + DP,federated,11,0.001,512,adam,1e-5,5,1.0,FedAvg,True,1.1,1.0,False,0.7025760763457843,0.7025760763457843,0.9599604896461706,0.3426435006552782,0.03782708033690395,0.10245901639344263,0.026567481402763018,0.04219409282700422,,,,,,,,,,
2026-02-18T10:48:16.875414,3,Federated (FedAvg) + DP,federated,11,0.001,512,adam,1e-5,5,1.0,FedAvg,True,1.1,1.0,False,,,,,,0.10245901639344263,0.026567481402763018,0.04219409282700422,,,bank_A,0.4370584345550663,0.02772284719002154,0.9684251660805002,0.05483028720626632,0.01647058823529412,0.025331724969843185,0.6817376571893692
2026-02-18T10:48:16.875414,3,Federated (FedAvg) + DP,federated,11,0.001,512,adam,1e-5,5,1.0,FedAvg,True,1.1,1.0,False,,,,,,0.10245901639344263,0.026567481402763018,0.04219409282700422,,,bank_B,0.4345426607711821,0.025117184157789657,0.9662960864383268,0.030120481927710843,0.011933174224343675,0.017094017094017096,0.6915756416320801
2026-02-18T10:48:16.875414,3,Federated (FedAvg) + DP,federated,11,0.001,512,adam,1e-5,5,1.0,FedAvg,True,1.1,1.0,False,,,,,,0.10245901639344263,0.026567481402763018,0.04219409282700422,,,bank_C,0.27956036765872977,0.05450867306496988,0.9369570739141478,0.13270142180094788,0.02578268876611418,0.04317656129529684,0.7125611823874635
2026-02-18T10:48:17.605823,3,Federated (FedAvg) + DP,federated,12,0.001,512,adam,1e-5,5,1.0,FedAvg,True,1.1,1.0,False,0.6744672528335026,0.6744672528335026,0.9592196705118707,0.4384228094362234,0.07767419324210711,0.17522658610271905,0.061636556854410204,0.09119496855345911,,,,,,,,,,
2026-02-18T10:48:17.605823,3,Federated (FedAvg) + DP,federated,12,0.001,512,adam,1e-5,5,1.0,FedAvg,True,1.1,1.0,False,,,,,,0.17522658610271905,0.061636556854410204,0.09119496855345911,,,bank_A,0.46068655936475383,0.03852018208905576,0.9667838999609223,0.06365503080082136,0.02431372549019608,0.03518728717366629,0.6736072790622711
2026-02-18T10:48:17.605823,3,Federated (FedAvg) + DP,federated,12,0.001,512,adam,1e-5,5,1.0,FedAvg,True,1.1,1.0,False,,,,,,0.17522658610271905,0.061636556854410204,0.09119496855345911,,,bank_B,0.4554790903493915,0.0328857369098743,0.9667454719524824,0.050505050505050504,0.01988862370723946,0.028538812785388126,0.684146198630333
2026-02-18T10:48:17.605823,3,Federated (FedAvg) + DP,federated,12,0.001,512,adam,1e-5,5,1.0,FedAvg,True,1.1,1.0,False,,,,,,0.17522658610271905,0.061636556854410204,0.09119496855345911,,,bank_C,0.4356631260101609,0.12284173457304448,0.9398780797561596,0.32044198895027626,0.08011049723756906,0.1281767955801105,0.6516283897610454
2026-02-18T10:48:22.096162,3,Federated (FedAvg) + DP,federated,13,0.001,512,adam,1e-5,5,1.0,FedAvg,True,1.1,1.0,False,0.6821075975894928,0.6821075975894928,0.9591843934102374,0.37475707709389483,0.06334485502611334,0.13758389261744966,0.04357066950053135,0.06618240516545601,,,,,,,,,,
2026-02-18T10:48:22.096162,3,Federated (FedAvg) + DP,federated,13,0.001,512,adam,1e-5,5,1.0,FedAvg,True,1.1,1.0,False,,,,,,0.13758389261744966,0.04357066950053135,0.06618240516545601,,,bank_A,0.4634648263072387,0.04087394331120315,0.9670769831965611,0.06932773109243698,0.02588235294117647,0.03769274700171331,0.6949384576082229
2026-02-18T10:48:22.096162,3,Federated (FedAvg) + DP,federated,13,0.001,512,adam,1e-5,5,1.0,FedAvg,True,1.1,1.0,False,,,,,,0.13758389261744966,0.04357066950053135,0.06618240516545601,,,bank_B,0.4667877034667875,0.03439447872491565,0.966432855942635,0.045364891518737675,0.018297533810660304,0.026077097505668934,0.7059883964061737
2026-02-18T10:48:22.096162,3,Federated (FedAvg) + DP,federated,13,0.001,512,adam,1e-5,5,1.0,FedAvg,True,1.1,1.0,False,,,,,,0.13758389261744966,0.04357066950053135,0.06618240516545601,,,bank_C,0.36405441756754975,0.09858479061301637,0.9392176784353569,0.2702702702702703,0.05985267034990792,0.09800226159065209,0.6249330152164806
2026-02-18T10:48:22.814742,3,Federated (FedAvg) + DP,federated,14,0.001,512,adam,1e-5,5,1.0,FedAvg,True,1.1,1.0,False,0.685183476124491,0.685183476124491,0.9616185134229371,0.3918976684907228,0.07923575941298286,0.21176470588235294,0.057385759829968117,0.0903010033444816,,,,,,,,,,
2026-02-18T10:48:22.814742,3,Federated (FedAvg) + DP,federated,14,0.001,512,adam,1e-5,5,1.0,FedAvg,True,1.1,1.0,False,,,,,,0.21176470588235294,0.057385759829968117,0.0903010033444816,,,bank_A,0.4797633700108637,0.05334471668054534,0.9675654552559594,0.09643605870020965,0.03607843137254902,0.05251141552511415,0.6900053304433823
2026-02-18T10:48:22.814742,3,Federated (FedAvg) + DP,federated,14,0.001,512,adam,1e-5,5,1.0,FedAvg,True,1.1,1.0,False,,,,,,0.21176470588235294,0.057385759829968117,0.0903010033444816,,,bank_B,0.48045221258189935,0.046624323015363775,0.9671362419647916,0.0707070707070707,0.02784407319013524,0.03995433789954338,0.7028751790523529
2026-02-18T10:48:22.814742,3,Federated (FedAvg) + DP,federated,14,0.001,512,adam,1e-5,5,1.0,FedAvg,True,1.1,1.0,False,,,,,,0.21176470588235294,0.057385759829968117,0.0903010033444816,,,bank_C,0.35240895691633556,0.11553151745148955,0.9398018796037592,0.3180147058823529,0.07965009208103131,0.12739322533136965,0.648022328878378
2026-02-18T10:48:23.579821,3,Federated (FedAvg) + DP,federated,15,0.001,512,adam,1e-5,5,1.0,FedAvg,True,1.1,1.0,False,0.7002326441662652,0.7002326441662652,0.9633470914029704,0.5118561966192934,0.15174050496533995,0.3689839572192513,0.14665249734325186,0.20988593155893537,,,,,,,,,,
2026-02-18T10:48:23.579821,3,Federated (FedAvg) + DP,federated,15,0.001,512,adam,1e-5,5,1.0,FedAvg,True,1.1,1.0,False,,,,,,0.3689839572192513,0.14665249734325186,0.20988593155893537,,,bank_A,0.47778481860633254,0.04530778028063522,0.9679953106682297,0.0957683741648107,0.03372549019607843,0.04988399071925754,0.6993225193023682
2026-02-18T10:48:23.579821,3,Federated (FedAvg) + DP,federated,15,0.001,512,adam,1e-5,5,1.0,FedAvg,True,1.1,1.0,False,,,,,,0.3689839572192513,0.14665249734325186,0.20988593155893537,,,bank_B,0.46869882635289006,0.039931154643244995,0.9672925499697154,0.05919661733615222,0.022275258552108195,0.03236994219653179,0.7077121019363404
2026-02-18T10:48:23.579821,3,Federated (FedAvg) + DP,federated,15,0.001,512,adam,1e-5,5,1.0,FedAvg,True,1.1,1.0,False,,,,,,0.3689839572192513,0.14665249734325186,0.20988593155893537,,,bank_C,0.5710315744019584,0.2594533291911413,0.9462788925577851,0.5358490566037736,0.19613259668508287,0.2871587462082912,0.6841534422589587
2026-02-18T10:48:24.314395,3,Federated (FedAvg) + DP,federated,16,0.001,512,adam,1e-5,5,1.0,FedAvg,True,1.1,1.0,False,0.7109722441860608,0.7109722441860608,0.9627473806752037,0.5639156640381346,0.16517010559477197,0.3672055427251732,0.1689691817215728,0.2314410480349345,,,,,,,,,,
2026-02-18T10:48:24.314395,3,Federated (FedAvg) + DP,federated,16,0.001,512,adam,1e-5,5,1.0,FedAvg,True,1.1,1.0,False,,,,,,0.3672055427251732,0.1689691817215728,0.2314410480349345,,,bank_A,0.5751665812101816,0.0921974810287417,0.9681516217272372,0.2222222222222222,0.11137254901960784,0.148380355276907,0.7245481389760972
2026-02-18T10:48:24.314395,3,Federated (FedAvg) + DP,federated,16,0.001,512,adam,1e-5,5,1.0,FedAvg,True,1.1,1.0,False,,,,,,0.3672055427251732,0.1689691817215728,0.2314410480349345,,,bank_B,0.5354891862042397,0.07994046024328542,0.9678200894863328,0.1771523178807947,0.08512330946698489,0.11499193981730252,0.7287466049194335
2026-02-18T10:48:24.314395,3,Federated (FedAvg) + DP,federated,16,0.001,512,adam,1e-5,5,1.0,FedAvg,True,1.1,1.0,False,,,,,,0.3672055427251732,0.1689691817215728,0.2314410480349345,,,bank_C,0.5506845887276658,0.2166116588376447,0.9451866903733808,0.5093085106382979,0.17633517495395948,0.26196990424076605,0.6675652675814443
2026-02-18T10:48:25.014088,3,Federated (FedAvg) + DP,federated,17,0.001,512,adam,1e-5,5,1.0,FedAvg,True,1.1,1.0,False,0.7202241058860507,0.7202241058860507,0.9622182241507038,0.5969087030206547,0.16299132136305683,0.3399014778325123,0.14665249734325186,0.20489977728285078,,,,,,,,,,
2026-02-18T10:48:25.014088,3,Federated (FedAvg) + DP,federated,17,0.001,512,adam,1e-5,5,1.0,FedAvg,True,1.1,1.0,False,,,,,,0.3399014778325123,0.14665249734325186,0.20489977728285078,,,bank_A,0.5716811510497396,0.05130082203578294,0.9665885111371629,0.11367673179396093,0.05019607843137255,0.06964091403699674,0.7153377348184585
2026-02-18T10:48:25.014088,3,Federated (FedAvg) + DP,federated,17,0.001,512,adam,1e-5,5,1.0,FedAvg,True,1.1,1.0,False,,,,,,0.3399014778325123,0.14665249734325186,0.20489977728285078,,,bank_B,0.5528016825829837,0.04742512366160387,0.9667650104530978,0.09782608695652174,0.04295942720763723,0.05970149253731343,0.7204447501897812
2026-02-18T10:48:25.014088,3,Federated (FedAvg) + DP,federated,17,0.001,512,adam,1e-5,5,1.0,FedAvg,True,1.1,1.0,False,,,,,,0.3399014778325123,0.14665249734325186,0.20489977728285078,,,bank_C,0.6099386940049154,0.23913418850501988,0.9448056896113792,0.4993215739484396,0.1694290976058932,0.25300790649707805,0.7199537653427619
2026-02-18T10:48:26.002380,3,Federated (FedAvg) + DP,federated,18,0.001,512,adam,1e-5,5,1.0,FedAvg,True,1.1,1.0,False,0.6948327837245805,0.6948327837245805,0.9627121035735704,0.6026681250636413,0.1446307125066313,0.36574074074074076,0.16790648246546228,0.23015294974508377,,,,,,,,,,
2026-02-18T10:48:26.002380,3,Federated (FedAvg) + DP,federated,18,0.001,512,adam,1e-5,5,1.0,FedAvg,True,1.1,1.0,False,,,,,,0.36574074074074076,0.16790648246546228,0.23015294974508377,,,bank_A,0.5751058462058303,0.07340520159402719,0.9687964048456428,0.19038461538461537,0.07764705882352942,0.11030640668523677,0.6928852427005768
2026-02-18T10:48:26.002380,3,Federated (FedAvg) + DP,federated,18,0.001,512,adam,1e-5,5,1.0,FedAvg,True,1.1,1.0,False,,,,,,0.36574074074074076,0.16790648246546228,0.23015294974508377,,,bank_B,0.5618051769636547,0.059041098970191275,0.9684648600066431,0.14653465346534653,0.0588703261734288,0.08399545970488081,0.6974470901489258
2026-02-18T10:48:26.002380,3,Federated (FedAvg) + DP,federated,18,0.001,512,adam,1e-5,5,1.0,FedAvg,True,1.1,1.0,False,,,,,,0.36574074074074076,0.16790648246546228,0.23015294974508377,,,bank_C,0.6104102447833539,0.2141888763378638,0.9437134874269748,0.46829971181556196,0.1496316758747698,0.22679692951849267,0.6892135166502619
2026-02-18T10:48:26.746566,3,Federated (FedAvg) + DP,federated,19,0.001,512,adam,1e-5,5,1.0,FedAvg,True,1.1,1.0,False,0.6984568717224258,0.6984568717224258,0.9578791406498042,0.41816201731541364,0.03314125055559602,0.059233449477351915,0.018065887353878853,0.02768729641693811,,,,,,,,,,
2026-02-18T10:48:26.746566,3,Federated (FedAvg) + DP,federated,19,0.001,512,adam,1e-5,5,1.0,FedAvg,True,1.1,1.0,False,,,,,,0.059233449477351915,0.018065887353878853,0.02768729641693811,,,bank_A,0.5067134614591253,0.02782539399208587,0.965748339194998,0.03501945525291829,0.01411764705882353,0.020122973728339856,0.7015390807390213
2026-02-18T10:48:26.746566,3,Federated (FedAvg) + DP,federated,19,0.001,512,adam,1e-5,5,1.0,FedAvg,True,1.1,1.0,False,,,,,,0.059233449477351915,0.018065887353878853,0.02768729641693811,,,bank_B,0.5019470565824891,0.02840383564570348,0.966178855434634,0.04247104247104247,0.017501988862370723,0.024788732394366197,0.7074605125188828
2026-02-18T10:48:26.746566,3,Federated (FedAvg) + DP,federated,19,0.001,512,adam,1e-5,5,1.0,FedAvg,True,1.1,1.0,False,,,,,,0.059233449477351915,0.018065887353878853,0.02768729641693811,,,bank_C,0.35836615257934323,0.047036869101132986,0.9364490728981458,0.09359605911330049,0.017495395948434623,0.02948021722265322,0.6764973750362149
2026-02-18T10:48:27.447065,3,Federated (FedAvg) + DP,federated,20,0.001,512,adam,1e-5,5,1.0,FedAvg,True,1.1,1.0,False,0.6889427889670644,0.6889427889670644,0.9576322009383709,0.3579745253081483,0.029647137085545713,0.03900709219858156,0.011689691817215728,0.017988552739165987,,,,,,,,,,
2026-02-18T10:48:27.447065,3,Federated (FedAvg) + DP,federated,20,0.001,512,adam,1e-5,5,1.0,FedAvg,True,1.1,1.0,False,,,,,,0.03900709219858156,0.011689691817215728,0.017988552739165987,,,bank_A,0.46185385958811936,0.024671524448048196,0.9656115670183666,0.023575638506876228,0.009411764705882352,0.013452914798206279,0.6953304785490036
2026-02-18T10:48:27.447065,3,Federated (FedAvg) + DP,federated,20,0.001,512,adam,1e-5,5,1.0,FedAvg,True,1.1,1.0,False,,,,,,0.03900709219858156,0.011689691817215728,0.017988552739165987,,,bank_B,0.45560288233182056,0.026315000738036456,0.9677223969832555,0.026378896882494004,0.008750994431185362,0.013142174432497013,0.7017482078075409
2026-02-18T10:48:27.447065,3,Federated (FedAvg) + DP,federated,20,0.001,512,adam,1e-5,5,1.0,FedAvg,True,1.1,1.0,False,,,,,,0.03900709219858156,0.011689691817215728,0.017988552739165987,,,bank_C,0.26633823780303834,0.038620336113590996,0.9362204724409449,0.06201550387596899,0.011049723756906077,0.01875732708089097,0.6568052900301946
2026-02-18T10:48:28.176804,3,Federated (FedAvg) + DP,federated,21,0.001,512,adam,1e-5,5,1.0,FedAvg,True,1.1,1.0,False,0.6583703032561711,0.6583703032561711,0.9589374536988041,0.3435573188709656,0.028556990488106452,0.055776892430278883,0.01487778958554729,0.02348993288590604,,,,,,,,,,
2026-02-18T10:48:28.176804,3,Federated (FedAvg) + DP,federated,21,0.001,512,adam,1e-5,5,1.0,FedAvg,True,1.1,1.0,False,,,,,,0.055776892430278883,0.01487778958554729,0.02348993288590604,,,bank_A,0.44539127872369266,0.024787227147113417,0.9669597499023056,0.03571428571428571,0.012549019607843137,0.01857225769007545,0.658994734287262
2026-02-18T10:48:28.176804,3,Federated (FedAvg) + DP,federated,21,0.001,512,adam,1e-5,5,1.0,FedAvg,True,1.1,1.0,False,,,,,,0.055776892430278883,0.01487778958554729,0.02348993288590604,,,bank_B,0.4364980434540534,0.02539031117795217,0.9678005509857174,0.04428904428904429,0.015115354017501989,0.022538552787663108,0.667491849064827
2026-02-18T10:48:28.176804,3,Federated (FedAvg) + DP,federated,21,0.001,512,adam,1e-5,5,1.0,FedAvg,True,1.1,1.0,False,,,,,,0.055776892430278883,0.01487778958554729,0.02348993288590604,,,bank_C,0.2687389775307233,0.03667018347385313,0.9358648717297434,0.04627249357326478,0.008287292817679558,0.014057008980866849,0.6311516699852882
2026-02-18T10:48:28.908729,3,Federated (FedAvg) + DP,federated,22,0.001,512,adam,1e-5,5,1.0,FedAvg,True,1.1,1.0,False,0.7486027266298022,0.7486027266298022,0.9574910925318376,0.44315788183866905,0.03382521067217815,0.031914893617021274,0.009564293304994687,0.014717906786590351,,,,,,,,,,
2026-02-18T10:48:28.908729,3,Federated (FedAvg) + DP,federated,22,0.001,512,adam,1e-5,5,1.0,FedAvg,True,1.1,1.0,False,,,,,,0.031914893617021274,0.009564293304994687,0.014717906786590351,,,bank_A,0.5108839108030749,0.028029800693123816,0.9655724892536147,0.021611001964636542,0.008627450980392156,0.01233183856502242,0.7415768837928772
2026-02-18T10:48:28.908729,3,Federated (FedAvg) + DP,federated,22,0.001,512,adam,1e-5,5,1.0,FedAvg,True,1.1,1.0,False,,,,,,0.031914893617021274,0.009564293304994687,0.014717906786590351,,,bank_B,0.5063957517734037,0.02806543776932218,0.9659639319278639,0.02729044834307992,0.011137629276054098,0.015819209039548022,0.7422961801290512
2026-02-18T10:48:28.908729,3,Federated (FedAvg) + DP,federated,22,0.001,512,adam,1e-5,5,1.0,FedAvg,True,1.1,1.0,False,,,,,,0.031914893617021274,0.009564293304994687,0.014717906786590351,,,bank_C,0.3798356651385344,0.047824687012478204,0.9360426720853442,0.06091370558375635,0.011049723756906077,0.018706157443491817,0.7597651202957352
2026-02-18T10:48:29.644991,3,Federated (FedAvg) + DP,federated,23,0.001,512,adam,1e-5,5,1.0,FedAvg,True,1.1,1.0,False,0.6753259982381549,0.6753259982381549,0.9584435742759375,0.34452020830859736,0.029884910003927012,0.07220216606498195,0.021253985122210415,0.03284072249589491,,,,,,,,,,
2026-02-18T10:48:29.644991,3,Federated (FedAvg) + DP,federated,23,0.001,512,adam,1e-5,5,1.0,FedAvg,True,1.1,1.0,False,,,,,,0.07220216606498195,0.021253985122210415,0.03284072249589491,,,bank_A,0.44738638707662215,0.02505811425337985,0.9667252833137945,0.034782608695652174,0.012549019607843137,0.018443804034582133,0.673748185634613
2026-02-18T10:48:29.644991,3,Federated (FedAvg) + DP,federated,23,0.001,512,adam,1e-5,5,1.0,FedAvg,True,1.1,1.0,False,,,,,,0.07220216606498195,0.021253985122210415,0.03284072249589491,,,bank_B,0.4593167214802937,0.02681836300671382,0.9675660889783319,0.045146726862302484,0.015910898965791568,0.023529411764705882,0.6817326080799103
2026-02-18T10:48:29.644991,3,Federated (FedAvg) + DP,federated,23,0.001,512,adam,1e-5,5,1.0,FedAvg,True,1.1,1.0,False,,,,,,0.07220216606498195,0.021253985122210415,0.03284072249589491,,,bank_C,0.26824350791350293,0.038118538114130046,0.9369062738125477,0.06906077348066299,0.01151012891344383,0.01973164956590371,0.6593664605896195
2026-02-18T10:48:30.349885,3,Federated (FedAvg) + DP,federated,24,0.001,512,adam,1e-5,5,1.0,FedAvg,True,1.1,1.0,False,0.7129850366285869,0.7129850366285869,0.9575263696334709,0.3528456035170902,0.027287719034541264,0.03202846975088968,0.009564293304994687,0.014729950900163666,,,,,,,,,,
2026-02-18T10:48:30.349885,3,Federated (FedAvg) + DP,federated,24,0.001,512,adam,1e-5,5,1.0,FedAvg,True,1.1,1.0,False,,,,,,0.03202846975088968,0.009564293304994687,0.014729950900163666,,,bank_A,0.47830466906730634,0.02537356237161892,0.9655138726064869,0.015810276679841896,0.006274509803921568,0.008983717012914094,0.7132805424928665
2026-02-18T10:48:30.349885,3,Federated (FedAvg) + DP,federated,24,0.001,512,adam,1e-5,5,1.0,FedAvg,True,1.1,1.0,False,,,,,,0.03202846975088968,0.009564293304994687,0.014729950900163666,,,bank_B,0.4894673475679852,0.026658899900908396,0.9660030089290947,0.023668639053254437,0.00954653937947494,0.013605442176870748,0.7176316457986832
2026-02-18T10:48:30.349885,3,Federated (FedAvg) + DP,federated,24,0.001,512,adam,1e-5,5,1.0,FedAvg,True,1.1,1.0,False,,,,,,0.03202846975088968,0.009564293304994687,0.014729950900163666,,,bank_C,0.24593533217344604,0.03616191237141509,0.9357378714757429,0.033854166666666664,0.005985267034990792,0.010172143974960876,0.7002063873526337
2026-02-18T10:48:31.114281,3,Federated (FedAvg) + DP,federated,25,0.001,512,adam,1e-5,5,1.0,FedAvg,True,1.1,1.0,False,0.6908647066780499,0.6908647066780499,0.9601721522559706,0.3969011688140771,0.03945617660014411,0.12698412698412698,0.03400637619553666,0.053646269907795474,,,,,,,,,,
2026-02-18T10:48:31.114281,3,Federated (FedAvg) + DP,federated,25,0.001,512,adam,1e-5,5,1.0,FedAvg,True,1.1,1.0,False,,,,,,0.12698412698412698,0.03400637619553666,0.053646269907795474,,,bank_A,0.5059025560329333,0.031088130041029872,0.9674091441969519,0.0718954248366013,0.02588235294117647,0.03806228373702422,0.6929935121536255
2026-02-18T10:48:31.114281,3,Federated (FedAvg) + DP,federated,25,0.001,512,adam,1e-5,5,1.0,FedAvg,True,1.1,1.0,False,,,,,,0.12698412698412698,0.03400637619553666,0.053646269907795474,,,bank_B,0.501791505905205,0.03156918671887321,0.967233934467869,0.0625,0.02386634844868735,0.03454231433506045,0.6978590029478073
2026-02-18T10:48:31.114281,3,Federated (FedAvg) + DP,federated,25,0.001,512,adam,1e-5,5,1.0,FedAvg,True,1.1,1.0,False,,,,,,0.12698412698412698,0.03400637619553666,0.053646269907795474,,,bank_C,0.3170951771501607,0.04953903658932109,0.937236474472949,0.13801452784503632,0.026243093922651933,0.044100580270793034,0.6743296005509116
2026-02-18T10:48:31.871870,3,Federated (FedAvg) + DP,federated,26,0.001,512,adam,1e-5,5,1.0,FedAvg,True,1.1,1.0,False,0.694671386054584,0.694671386054584,0.960101598052704,0.3631588388341314,0.0311099862419994,0.08333333333333333,0.020191285866099893,0.032506415739948676,,,,,,,,,,
2026-02-18T10:48:31.871870,3,Federated (FedAvg) + DP,federated,26,0.001,512,adam,1e-5,5,1.0,FedAvg,True,1.1,1.0,False,,,,,,0.08333333333333333,0.020191285866099893,0.032506415739948676,,,bank_A,0.45867719647722827,0.025494353138248153,0.9661391168425166,0.0326530612244898,0.012549019607843137,0.018130311614730877,0.6895395874977112
2026-02-18T10:48:31.871870,3,Federated (FedAvg) + DP,federated,26,0.001,512,adam,1e-5,5,1.0,FedAvg,True,1.1,1.0,False,,,,,,0.08333333333333333,0.020191285866099893,0.032506415739948676,,,bank_B,0.4649823419744392,0.026683343399075604,0.9673120884703308,0.04185022026431718,0.015115354017501989,0.022209234365867914,0.6962556654214859
2026-02-18T10:48:31.871870,3,Federated (FedAvg) + DP,federated,26,0.001,512,adam,1e-5,5,1.0,FedAvg,True,1.1,1.0,False,,,,,,0.08333333333333333,0.020191285866099893,0.032506415739948676,,,bank_C,0.29572628461677924,0.041460745448643956,0.9369570739141478,0.06460674157303371,0.010589318600368325,0.01819620253164557,0.6900536100585739
2026-02-18T10:48:32.516410,3,Federated (FedAvg) + DP,federated,27,0.001,512,adam,1e-5,5,1.0,FedAvg,True,1.1,1.0,False,0.6778241278869765,0.6778241278869765,0.9591843934102374,0.377942538083805,0.039750501625347164,0.09090909090909091,0.025504782146652496,0.03983402489626556,,,,,,,,,,
2026-02-18T10:48:32.516410,3,Federated (FedAvg) + DP,federated,27,0.001,512,adam,1e-5,5,1.0,FedAvg,True,1.1,1.0,False,,,,,,0.09090909090909091,0.025504782146652496,0.03983402489626556,,,bank_A,0.45581381880474864,0.025794401095939792,0.9669206721375537,0.041666666666666664,0.014901960784313726,0.0219526285384171,0.6751811087131501
2026-02-18T10:48:32.516410,3,Federated (FedAvg) + DP,federated,27,0.001,512,adam,1e-5,5,1.0,FedAvg,True,1.1,1.0,False,,,,,,0.09090909090909091,0.025504782146652496,0.03983402489626556,,,bank_B,0.4630149203081444,0.027684809334697066,0.9679177819894101,0.047058823529411764,0.015910898965791568,0.023781212841854936,0.6811709648370743
2026-02-18T10:48:32.516410,3,Federated (FedAvg) + DP,federated,27,0.001,512,adam,1e-5,5,1.0,FedAvg,True,1.1,1.0,False,,,,,,0.09090909090909091,0.025504782146652496,0.03983402489626556,,,bank_C,0.3202340652386606,0.05192276342507157,0.9369570739141478,0.11633663366336634,0.0216390423572744,0.036490683229813664,0.670027156928917
2026-02-18T10:48:33.228241,3,Federated (FedAvg) + DP,federated,28,0.001,512,adam,1e-5,5,1.0,FedAvg,True,1.1,1.0,False,0.7014487907290459,0.7014487907290459,0.9582319116661375,0.3882326240373529,0.03534076562711738,0.09090909090909091,0.028692879914984058,0.04361873990306947,,,,,,,,,,
2026-02-18T10:48:33.228241,3,Federated (FedAvg) + DP,federated,28,0.001,512,adam,1e-5,5,1.0,FedAvg,True,1.1,1.0,False,,,,,,0.09090909090909091,0.028692879914984058,0.04361873990306947,,,bank_A,0.46886457602778603,0.026125819172206903,0.9660609613130129,0.032388663967611336,0.012549019607843137,0.018089315997738834,0.6985446691513062
2026-02-18T10:48:33.228241,3,Federated (FedAvg) + DP,federated,28,0.001,512,adam,1e-5,5,1.0,FedAvg,True,1.1,1.0,False,,,,,,0.09090909090909091,0.028692879914984058,0.04361873990306947,,,bank_B,0.46517684605341575,0.027318581254426603,0.9670385494617143,0.0425531914893617,0.015910898965791568,0.023161551823972205,0.7027478224039078
2026-02-18T10:48:33.228241,3,Federated (FedAvg) + DP,federated,28,0.001,512,adam,1e-5,5,1.0,FedAvg,True,1.1,1.0,False,,,,,,0.09090909090909091,0.028692879914984058,0.04361873990306947,,,bank_C,0.3026910977213473,0.04394756639321891,0.9372110744221488,0.109375,0.019337016574585635,0.03286384976525822,0.6997282303772964
2026-02-18T10:48:33.930466,3,Federated (FedAvg) + DP,federated,29,0.001,512,adam,1e-5,5,1.0,FedAvg,True,1.1,1.0,False,0.6911065418805394,0.6911065418805394,0.9595018873249374,0.39026137298758556,0.03210768741604102,0.08433734939759036,0.022316684378320937,0.03529411764705882,,,,,,,,,,
2026-02-18T10:48:33.930466,3,Federated (FedAvg) + DP,federated,29,0.001,512,adam,1e-5,5,1.0,FedAvg,True,1.1,1.0,False,,,,,,0.08433734939759036,0.022316684378320937,0.03529411764705882,,,bank_A,0.46853022311018394,0.02515129173636068,0.9672137553731927,0.04308390022675737,0.014901960784313726,0.022144522144522144,0.6954562187194824
2026-02-18T10:48:33.930466,3,Federated (FedAvg) + DP,federated,29,0.001,512,adam,1e-5,5,1.0,FedAvg,True,1.1,1.0,False,,,,,,0.08433734939759036,0.022316684378320937,0.03529411764705882,,,bank_B,0.4736964705046978,0.027645285854992017,0.9667454719524824,0.05410821643286573,0.021479713603818614,0.030751708428246014,0.7005596947669983
2026-02-18T10:48:33.930466,3,Federated (FedAvg) + DP,federated,29,0.001,512,adam,1e-5,5,1.0,FedAvg,True,1.1,1.0,False,,,,,,0.08433734939759036,0.022316684378320937,0.03529411764705882,,,bank_C,0.3340758570160161,0.046154947572503414,0.9383032766065532,0.13802816901408452,0.02255985267034991,0.038781163434903045,0.6718200994776441
2026-02-18T10:48:34.775907,3,Federated (FedAvg) + DP,federated,30,0.001,512,adam,1e-5,5,1.0,FedAvg,True,1.1,1.0,False,0.6995901156749044,0.6995901156749044,0.9609129713902705,0.5233187377307404,0.09814554524328759,0.25936599423631124,0.09564293304994687,0.13975155279503104,,,,,,,,,,
2026-02-18T10:48:34.775907,3,Federated (FedAvg) + DP,federated,30,0.001,512,adam,1e-5,5,1.0,FedAvg,True,1.1,1.0,False,,,,,,0.25936599423631124,0.09564293304994687,0.13975155279503104,,,bank_A,0.5656409216727467,0.0621365783034557,0.9686596326690113,0.18785578747628084,0.07764705882352942,0.10987791342952276,0.7004235064983368
2026-02-18T10:48:34.775907,3,Federated (FedAvg) + DP,federated,30,0.001,512,adam,1e-5,5,1.0,FedAvg,True,1.1,1.0,False,,,,,,0.25936599423631124,0.09564293304994687,0.13975155279503104,,,bank_B,0.5399949530286833,0.05253020172843402,0.9676637814814091,0.13686131386861314,0.059665871121718374,0.08310249307479224,0.7053726190328597
2026-02-18T10:48:34.775907,3,Federated (FedAvg) + DP,federated,30,0.001,512,adam,1e-5,5,1.0,FedAvg,True,1.1,1.0,False,,,,,,0.25936599423631124,0.09564293304994687,0.13975155279503104,,,bank_C,0.4879010592066327,0.13411662405172842,0.9412750825501651,0.3825503355704698,0.10497237569060773,0.16473988439306358,0.6895052179113611
2026-02-18T10:48:35.495202,3,Federated (FedAvg) + DP,federated,31,0.001,512,adam,1e-5,5,1.0,FedAvg,True,1.1,1.0,False,0.7660899854132107,0.7660899854132107,0.9591843934102374,0.6484527965865817,0.07116218448146987,0.17272727272727273,0.06057385759829968,0.08969315499606609,,,,,,,,,,
2026-02-18T10:48:35.495202,3,Federated (FedAvg) + DP,federated,31,0.001,512,adam,1e-5,5,1.0,FedAvg,True,1.1,1.0,False,,,,,,0.17272727272727273,0.06057385759829968,0.08969315499606609,,,bank_A,0.5780056067312207,0.03815613859997035,0.966021883548261,0.06554307116104868,0.027450980392156862,0.038695411829740185,0.7607280045747757
2026-02-18T10:48:35.495202,3,Federated (FedAvg) + DP,federated,31,0.001,512,adam,1e-5,5,1.0,FedAvg,True,1.1,1.0,False,,,,,,0.17272727272727273,0.06057385759829968,0.08969315499606609,,,bank_B,0.5549773523695556,0.0353870306738592,0.9665696254469432,0.07330827067669173,0.031026252983293555,0.043599776411403016,0.7565375506877899
2026-02-18T10:48:35.495202,3,Federated (FedAvg) + DP,federated,31,0.001,512,adam,1e-5,5,1.0,FedAvg,True,1.1,1.0,False,,,,,,0.17272727272727273,0.06057385759829968,0.08969315499606609,,,bank_C,0.688876357438968,0.1155226876731014,0.9385318770637542,0.24796747967479674,0.056169429097605895,0.0915915915915916,0.7839003274967145
2026-02-18T10:48:36.214713,3,Federated (FedAvg) + DP,federated,32,0.001,512,adam,1e-5,5,1.0,FedAvg,True,1.1,1.0,False,0.7488567882350513,0.7488567882350513,0.9597488270363707,0.6010945499883943,0.07441959763703213,0.1951219512195122,0.06801275239107332,0.1008668242710796,,,,,,,,,,
2026-02-18T10:48:36.214713,3,Federated (FedAvg) + DP,federated,32,0.001,512,adam,1e-5,5,1.0,FedAvg,True,1.1,1.0,False,,,,,,0.1951219512195122,0.06801275239107332,0.1008668242710796,,,bank_A,0.5751023336496206,0.04076249933455188,0.9664126611957796,0.09782608695652174,0.042352941176470586,0.059113300492610835,0.7446401447057724
2026-02-18T10:48:36.214713,3,Federated (FedAvg) + DP,federated,32,0.001,512,adam,1e-5,5,1.0,FedAvg,True,1.1,1.0,False,,,,,,0.1951219512195122,0.06801275239107332,0.1008668242710796,,,bank_B,0.5626408385774221,0.03742201313636742,0.9667650104530978,0.09636363636363636,0.042163882259347654,0.05866076369673492,0.7427417486906052
2026-02-18T10:48:36.214713,3,Federated (FedAvg) + DP,federated,32,0.001,512,adam,1e-5,5,1.0,FedAvg,True,1.1,1.0,False,,,,,,0.1951219512195122,0.06801275239107332,0.1008668242710796,,,bank_C,0.6330567251135405,0.12103254144885389,0.9386842773685548,0.2540650406504065,0.05755064456721915,0.09384384384384384,0.7588730996305292
2026-02-18T10:48:36.946450,3,Federated (FedAvg) + DP,federated,33,0.001,512,adam,1e-5,5,1.0,FedAvg,True,1.1,1.0,False,0.6980113780924252,0.6980113780924252,0.962359332557237,0.5566176042339837,0.07902571553763238,0.2717391304347826,0.07970244420828905,0.12325390304026294,,,,,,,,,,
2026-02-18T10:48:36.946450,3,Federated (FedAvg) + DP,federated,33,0.001,512,adam,1e-5,5,1.0,FedAvg,True,1.1,1.0,False,,,,,,0.2717391304347826,0.07970244420828905,0.12325390304026294,,,bank_A,0.5518246079315405,0.035478977324149154,0.9666666666666667,0.06464646464646465,0.025098039215686273,0.03615819209039548,0.6975284874439239
2026-02-18T10:48:36.946450,3,Federated (FedAvg) + DP,federated,33,0.001,512,adam,1e-5,5,1.0,FedAvg,True,1.1,1.0,False,,,,,,0.2717391304347826,0.07970244420828905,0.12325390304026294,,,bank_B,0.5218970544057516,0.032605157550418894,0.9669799339598679,0.060851926977687626,0.02386634844868735,0.03428571428571429,0.703393856883049
2026-02-18T10:48:36.946450,3,Federated (FedAvg) + DP,federated,33,0.001,512,adam,1e-5,5,1.0,FedAvg,True,1.1,1.0,False,,,,,,0.2717391304347826,0.07970244420828905,0.12325390304026294,,,bank_C,0.5418741757438195,0.12470737889762781,0.940513081026162,0.3498233215547703,0.09116022099447514,0.1446311176040906,0.689157268443665
2026-02-18T10:48:37.680374,3,Federated (FedAvg) + DP,federated,34,0.001,512,adam,1e-5,5,1.0,FedAvg,True,1.1,1.0,False,0.6994203456810543,0.6994203456810543,0.9589374536988041,0.5338921610361236,0.0620958809545025,0.1526479750778816,0.052072263549415514,0.07765451664025357,,,,,,,,,,
2026-02-18T10:48:37.680374,3,Federated (FedAvg) + DP,federated,34,0.001,512,adam,1e-5,5,1.0,FedAvg,True,1.1,1.0,False,,,,,,0.1526479750778816,0.052072263549415514,0.07765451664025357,,,bank_A,0.511435515715153,0.027813296708473746,0.967663149667839,0.0297029702970297,0.009411764705882352,0.01429422275163788,0.6977994120121003
2026-02-18T10:48:37.680374,3,Federated (FedAvg) + DP,federated,34,0.001,512,adam,1e-5,5,1.0,FedAvg,True,1.1,1.0,False,,,,,,0.1526479750778816,0.052072263549415514,0.07765451664025357,,,bank_B,0.4867061497517596,0.026517783846016697,0.9676833199820246,0.028503562945368172,0.00954653937947494,0.014302741358760428,0.7027634644508362
2026-02-18T10:48:37.680374,3,Federated (FedAvg) + DP,federated,34,0.001,512,adam,1e-5,5,1.0,FedAvg,True,1.1,1.0,False,,,,,,0.1526479750778816,0.052072263549415514,0.07765451664025357,,,bank_C,0.551097694612584,0.09973313139159468,0.9401066802133604,0.26515151515151514,0.04834254143646409,0.08177570093457943,0.6958605964462479
2026-02-18T10:48:38.382907,3,Federated (FedAvg) + DP,federated,35,0.001,512,adam,1e-5,5,1.0,FedAvg,True,1.1,1.0,False,0.70581851793187,0.70581851793187,0.9619712844392705,0.5842765955747258,0.1248214181414532,0.32917705735660846,0.14027630180658873,0.19672131147540983,,,,,,,,,,
2026-02-18T10:48:38.382907,3,Federated (FedAvg) + DP,federated,35,0.001,512,adam,1e-5,5,1.0,FedAvg,True,1.1,1.0,False,,,,,,0.32917705735660846,0.14027630180658873,0.19672131147540983,,,bank_A,0.49693797037901427,0.029819521521842175,0.9678780773739742,0.08908685968819599,0.03137254901960784,0.04640371229698376,0.7000076931715011
2026-02-18T10:48:38.382907,3,Federated (FedAvg) + DP,federated,35,0.001,512,adam,1e-5,5,1.0,FedAvg,True,1.1,1.0,False,,,,,,0.32917705735660846,0.14027630180658873,0.19672131147540983,,,bank_B,0.47568277528860575,0.02853985266742628,0.9687774760164904,0.0891566265060241,0.0294351630867144,0.04425837320574163,0.7044736641645432
2026-02-18T10:48:38.382907,3,Federated (FedAvg) + DP,federated,35,0.001,512,adam,1e-5,5,1.0,FedAvg,True,1.1,1.0,False,,,,,,0.32917705735660846,0.14027630180658873,0.19672131147540983,,,bank_C,0.6471021952406995,0.21943212266073125,0.944754889509779,0.49794238683127573,0.1671270718232044,0.250258531540848,0.7131792964873376
2026-02-18T10:48:39.128132,3,Federated (FedAvg) + DP,federated,36,0.001,512,adam,1e-5,5,1.0,FedAvg,True,1.1,1.0,False,0.7162419408559799,0.7162419408559799,0.9589727308004374,0.5844773978843576,0.07665889248159823,0.15950920245398773,0.05526036131774708,0.08208366219415943,,,,,,,,,,
2026-02-18T10:48:39.128132,3,Federated (FedAvg) + DP,federated,36,0.001,512,adam,1e-5,5,1.0,FedAvg,True,1.1,1.0,False,,,,,,0.15950920245398773,0.05526036131774708,0.08208366219415943,,,bank_A,0.5478754024803989,0.03396115185533333,0.9659241891363815,0.05502846299810247,0.022745098039215685,0.03218645948945616,0.7163320505619049
2026-02-18T10:48:39.128132,3,Federated (FedAvg) + DP,federated,36,0.001,512,adam,1e-5,5,1.0,FedAvg,True,1.1,1.0,False,,,,,,0.15950920245398773,0.05526036131774708,0.08208366219415943,,,bank_B,0.5295637913781692,0.0322940887554099,0.9664133174420195,0.06578947368421052,0.02784407319013524,0.03912800447177194,0.720581004023552
2026-02-18T10:48:39.128132,3,Federated (FedAvg) + DP,federated,36,0.001,512,adam,1e-5,5,1.0,FedAvg,True,1.1,1.0,False,,,,,,0.15950920245398773,0.05526036131774708,0.08208366219415943,,,bank_C,0.6226823666335057,0.14280827758667308,0.9389382778765557,0.2707509881422925,0.0630755064456722,0.10231516056758776,0.7080170225787472
2026-02-18T10:48:39.957195,3,Federated (FedAvg) + DP,federated,37,0.001,512,adam,1e-5,5,1.0,FedAvg,True,1.1,1.0,False,0.6920499024646622,0.6920499024646622,0.9587610681906374,0.46533615473794576,0.06298302653276211,0.14375,0.048884165781083955,0.07295796986518636,,,,,,,,,,
2026-02-18T10:48:39.957195,3,Federated (FedAvg) + DP,federated,37,0.001,512,adam,1e-5,5,1.0,FedAvg,True,1.1,1.0,False,,,,,,0.14375,0.048884165781083955,0.07295796986518636,,,bank_A,0.5095416035565614,0.030848174337281906,0.9662368112543962,0.04790419161676647,0.018823529411764704,0.02702702702702703,0.692568154335022
2026-02-18T10:48:39.957195,3,Federated (FedAvg) + DP,federated,37,0.001,512,adam,1e-5,5,1.0,FedAvg,True,1.1,1.0,False,,,,,,0.14375,0.048884165781083955,0.07295796986518636,,,bank_B,0.4827614585147946,0.030158274403444804,0.9664914714444813,0.050980392156862744,0.020684168655529037,0.02942840973401245,0.6991533327102661
2026-02-18T10:48:39.957195,3,Federated (FedAvg) + DP,federated,37,0.001,512,adam,1e-5,5,1.0,FedAvg,True,1.1,1.0,False,,,,,,0.14375,0.048884165781083955,0.07295796986518636,,,bank_C,0.4340008440719946,0.10096560296162922,0.9393192786385572,0.29333333333333333,0.070902394106814,0.11420096403411198,0.6800071016534582
2026-02-18T10:48:40.602193,3,Federated (FedAvg) + DP,federated,38,0.001,512,adam,1e-5,5,1.0,FedAvg,True,1.1,1.0,False,0.6767241997378213,0.6767241997378213,0.9583377429710375,0.49074120461842596,0.05419966360325258,0.11038961038961038,0.036131774707757705,0.0544435548438751,,,,,,,,,,
2026-02-18T10:48:40.602193,3,Federated (FedAvg) + DP,federated,38,0.001,512,adam,1e-5,5,1.0,FedAvg,True,1.1,1.0,False,,,,,,0.11038961038961038,0.036131774707757705,0.0544435548438751,,,bank_A,0.47814073406138335,0.026599400450063548,0.9666275889019148,0.040339702760084924,0.014901960784313726,0.021764032073310423,0.6746263378858566
2026-02-18T10:48:40.602193,3,Federated (FedAvg) + DP,federated,38,0.001,512,adam,1e-5,5,1.0,FedAvg,True,1.1,1.0,False,,,,,,0.11038961038961038,0.036131774707757705,0.0544435548438751,,,bank_B,0.4669876334542426,0.02735621480325707,0.9672925499697154,0.04772234273318872,0.017501988862370723,0.025611175785797437,0.6810828840732575
2026-02-18T10:48:40.602193,3,Federated (FedAvg) + DP,federated,38,0.001,512,adam,1e-5,5,1.0,FedAvg,True,1.1,1.0,False,,,,,,0.11038961038961038,0.036131774707757705,0.0544435548438751,,,bank_C,0.5363313422462661,0.09620280881452883,0.9389128778257556,0.2567849686847599,0.05662983425414365,0.09279517163334591,0.6707096154039557
2026-02-18T10:48:41.270903,3,Federated (FedAvg) + DP,federated,39,0.001,512,adam,1e-5,5,1.0,FedAvg,True,1.1,1.0,False,0.6830962332231658,0.6830962332231658,0.9615832363213038,0.4777230999549189,0.054380858054213714,0.1782608695652174,0.04357066950053135,0.07002561912894961,,,,,,,,,,
2026-02-18T10:48:41.270903,3,Federated (FedAvg) + DP,federated,39,0.001,512,adam,1e-5,5,1.0,FedAvg,True,1.1,1.0,False,,,,,,0.1782608695652174,0.04357066950053135,0.07002561912894961,,,bank_A,0.4954449296801178,0.029455275231731328,0.9668620554904259,0.04535637149028078,0.01647058823529412,0.024165707710011506,0.680592388510704
2026-02-18T10:48:41.270903,3,Federated (FedAvg) + DP,federated,39,0.001,512,adam,1e-5,5,1.0,FedAvg,True,1.1,1.0,False,,,,,,0.1782608695652174,0.04357066950053135,0.07002561912894961,,,bank_B,0.4925332965933198,0.030578591645573812,0.9668040874543288,0.04338842975206612,0.016706443914081145,0.024124066628374498,0.6851516717672348
2026-02-18T10:48:41.270903,3,Federated (FedAvg) + DP,federated,39,0.001,512,adam,1e-5,5,1.0,FedAvg,True,1.1,1.0,False,,,,,,0.1782608695652174,0.04357066950053135,0.07002561912894961,,,bank_C,0.44340234633102216,0.0748512048490107,0.938252476504953,0.2318840579710145,0.05156537753222836,0.08436911487758945,0.682702974839644
2026-02-18T10:48:42.057782,3,Federated (FedAvg) + DP,federated,40,0.001,512,adam,1e-5,5,1.0,FedAvg,True,1.1,1.0,False,0.6759147718548775,0.6759147718548775,0.960313260662504,0.5401861317398092,0.11826448428168262,0.24444444444444444,0.09351753453772582,0.13528055342044581,,,,,,,,,,
2026-02-18T10:48:42.057782,3,Federated (FedAvg) + DP,federated,40,0.001,512,adam,1e-5,5,1.0,FedAvg,True,1.1,1.0,False,,,,,,0.24444444444444444,0.09351753453772582,0.13528055342044581,,,bank_A,0.5066732753015042,0.05210498752049894,0.9665885111371629,0.09193245778611632,0.038431372549019606,0.05420353982300885,0.6766044872999192
2026-02-18T10:48:42.057782,3,Federated (FedAvg) + DP,federated,40,0.001,512,adam,1e-5,5,1.0,FedAvg,True,1.1,1.0,False,,,,,,0.24444444444444444,0.09351753453772582,0.13528055342044581,,,bank_B,0.4869750628752044,0.052834113041971185,0.9667063949512514,0.08067542213883677,0.03420843277645187,0.048044692737430165,0.6816798388957978
2026-02-18T10:48:42.057782,3,Federated (FedAvg) + DP,federated,40,0.001,512,adam,1e-5,5,1.0,FedAvg,True,1.1,1.0,False,,,,,,0.24444444444444444,0.09351753453772582,0.13528055342044581,,,bank_C,0.544185057376003,0.17465881891799334,0.9440690881381762,0.47440273037542663,0.1279926335174954,0.20159535895576505,0.6667180727054547
2026-02-18T10:48:42.723324,3,Federated (FedAvg) + DP,federated,41,0.001,512,adam,1e-5,5,1.0,FedAvg,True,1.1,1.0,False,0.6840167152030128,0.6840167152030128,0.9605602003739373,0.39527730106805814,0.032940051303370944,0.046153846153846156,0.009564293304994687,0.01584507042253521,,,,,,,,,,
2026-02-18T10:48:42.723324,3,Federated (FedAvg) + DP,federated,41,0.001,512,adam,1e-5,5,1.0,FedAvg,True,1.1,1.0,False,,,,,,0.046153846153846156,0.009564293304994687,0.01584507042253521,,,bank_A,0.43020451799595705,0.022490547589217792,0.9658264947245018,0.014344262295081968,0.005490196078431373,0.007941009642654566,0.6815282922983169
2026-02-18T10:48:42.723324,3,Federated (FedAvg) + DP,federated,41,0.001,512,adam,1e-5,5,1.0,FedAvg,True,1.1,1.0,False,,,,,,0.046153846153846156,0.009564293304994687,0.01584507042253521,,,bank_B,0.442767031345083,0.02391610016278494,0.9660225474297103,0.018,0.007159904534606206,0.010244735344336939,0.6872096747159958
2026-02-18T10:48:42.723324,3,Federated (FedAvg) + DP,federated,41,0.001,512,adam,1e-5,5,1.0,FedAvg,True,1.1,1.0,False,,,,,,0.046153846153846156,0.009564293304994687,0.01584507042253521,,,bank_C,0.38449556239632277,0.05039029086624891,0.9367030734061468,0.08549222797927461,0.015193370165745856,0.02580140734949179,0.6803849494302427
2026-02-18T10:48:43.443574,3,Federated (FedAvg) + DP,federated,42,0.001,512,adam,1e-5,5,1.0,FedAvg,True,1.1,1.0,False,0.6791941044586045,0.6791941044586045,0.9605954774755706,0.36840701668452563,0.02943414170491697,0.04639175257731959,0.009564293304994687,0.015859030837004406,,,,,,,,,,
2026-02-18T10:48:43.443574,3,Federated (FedAvg) + DP,federated,42,0.001,512,adam,1e-5,5,1.0,FedAvg,True,1.1,1.0,False,,,,,,0.04639175257731959,0.009564293304994687,0.015859030837004406,,,bank_A,0.4236275197384836,0.022362796044008076,0.9663540445486518,0.015184381778741865,0.005490196078431373,0.008064516129032258,0.6770718044042587
2026-02-18T10:48:43.443574,3,Federated (FedAvg) + DP,federated,42,0.001,512,adam,1e-5,5,1.0,FedAvg,True,1.1,1.0,False,,,,,,0.04639175257731959,0.009564293304994687,0.015859030837004406,,,bank_B,0.4247960639232891,0.023261873362595692,0.9663156249389422,0.016563146997929608,0.006364359586316627,0.009195402298850575,0.6834679585695267
2026-02-18T10:48:43.443574,3,Federated (FedAvg) + DP,federated,42,0.001,512,adam,1e-5,5,1.0,FedAvg,True,1.1,1.0,False,,,,,,0.04639175257731959,0.009564293304994687,0.015859030837004406,,,bank_C,0.3125271678401688,0.04284031393341863,0.9387096774193548,0.12225705329153605,0.017955801104972375,0.03131272581292654,0.6730815303790105
2026-02-18T10:48:44.108266,3,Federated (FedAvg) + DP,federated,43,0.001,512,adam,1e-5,5,1.0,FedAvg,True,1.1,1.0,False,0.6838442246828761,0.6838442246828761,0.9600663209510707,0.39467900441140785,0.03202267932346007,0.05581395348837209,0.012752391073326248,0.020761245674740483,,,,,,,,,,
2026-02-18T10:48:44.108266,3,Federated (FedAvg) + DP,federated,43,0.001,512,adam,1e-5,5,1.0,FedAvg,True,1.1,1.0,False,,,,,,0.05581395348837209,0.012752391073326248,0.020761245674740483,,,bank_A,0.43565841766022106,0.023189041522067806,0.9661000390777648,0.014767932489451477,0.005490196078431373,0.008004574042309892,0.6794086128473282
2026-02-18T10:48:44.108266,3,Federated (FedAvg) + DP,federated,43,0.001,512,adam,1e-5,5,1.0,FedAvg,True,1.1,1.0,False,,,,,,0.05581395348837209,0.012752391073326248,0.020761245674740483,,,bank_B,0.44906016891100087,0.02369077858581473,0.9659834704284793,0.016,0.006364359586316627,0.00910643141718839,0.6842826443910599
2026-02-18T10:48:44.108266,3,Federated (FedAvg) + DP,federated,43,0.001,512,adam,1e-5,5,1.0,FedAvg,True,1.1,1.0,False,,,,,,0.05581395348837209,0.012752391073326248,0.020761245674740483,,,bank_C,0.3479803204829821,0.04587455829018027,0.9372110744221488,0.11538461538461539,0.020718232044198894,0.0351288056206089,0.686603823265472
2026-02-18T10:48:44.985774,3,Federated (FedAvg) + DP,federated,44,0.001,512,adam,1e-5,5,1.0,FedAvg,True,1.1,1.0,False,0.6929299118263381,0.6929299118263381,0.960736585882104,0.408126380479526,0.033120729611761664,0.07425742574257425,0.015940488841657812,0.026246719160104987,,,,,,,,,,
2026-02-18T10:48:44.985774,3,Federated (FedAvg) + DP,federated,44,0.001,512,adam,1e-5,5,1.0,FedAvg,True,1.1,1.0,False,,,,,,0.07425742574257425,0.015940488841657812,0.026246719160104987,,,bank_A,0.4430296700986777,0.023654729541734018,0.9666471277842907,0.02631578947368421,0.009411764705882352,0.01386481802426343,0.6864854061603546
2026-02-18T10:48:44.985774,3,Federated (FedAvg) + DP,federated,44,0.001,512,adam,1e-5,5,1.0,FedAvg,True,1.1,1.0,False,,,,,,0.07425742574257425,0.015940488841657812,0.026246719160104987,,,bank_B,0.4501430639169788,0.02371823247590511,0.9670580879623297,0.030634573304157548,0.011137629276054098,0.01633605600933489,0.6917381435632706
2026-02-18T10:48:44.985774,3,Federated (FedAvg) + DP,federated,44,0.001,512,adam,1e-5,5,1.0,FedAvg,True,1.1,1.0,False,,,,,,0.07425742574257425,0.015940488841657812,0.026246719160104987,,,bank_C,0.3836654394476742,0.04996672227652306,0.9369824739649479,0.12408759124087591,0.023480662983425413,0.03948896631823461,0.6993523596169112
2026-02-18T10:48:45.711224,3,Federated (FedAvg) + DP,federated,45,0.001,512,adam,1e-5,5,1.0,FedAvg,True,1.1,1.0,False,0.698890395462513,0.698890395462513,0.9577380322432709,0.42235631748456304,0.032448524015042,0.05226480836236934,0.015940488841657812,0.024429967426710098,,,,,,,,,,
2026-02-18T10:48:45.711224,3,Federated (FedAvg) + DP,federated,45,0.001,512,adam,1e-5,5,1.0,FedAvg,True,1.1,1.0,False,,,,,,0.05226480836236934,0.015940488841657812,0.024429967426710098,,,bank_A,0.4517815221469813,0.02383989399778366,0.9676240719030872,0.010256410256410256,0.003137254901960784,0.004804804804804805,0.6905522727966309
2026-02-18T10:48:45.711224,3,Federated (FedAvg) + DP,federated,45,0.001,512,adam,1e-5,5,1.0,FedAvg,True,1.1,1.0,False,,,,,,0.05226480836236934,0.015940488841657812,0.024429967426710098,,,bank_B,0.4680213287761439,0.02425406512527089,0.9676051659795627,0.021479713603818614,0.007159904534606206,0.010739856801909307,0.6945317840576172
2026-02-18T10:48:45.711224,3,Federated (FedAvg) + DP,federated,45,0.001,512,adam,1e-5,5,1.0,FedAvg,True,1.1,1.0,False,,,,,,0.05226480836236934,0.015940488841657812,0.024429967426710098,,,bank_C,0.3950382872225155,0.05079628414128174,0.9365760731521463,0.09273182957393483,0.01703499079189687,0.028782574873590042,0.7121970150377843
2026-02-18T10:48:46.389840,3,Federated (FedAvg) + DP,federated,46,0.001,512,adam,1e-5,5,1.0,FedAvg,True,1.1,1.0,False,0.7016097658446857,0.7016097658446857,0.9591843934102374,0.508418884513991,0.060794080753963184,0.17272727272727273,0.06057385759829968,0.08969315499606609,,,,,,,,,,
2026-02-18T10:48:46.389840,3,Federated (FedAvg) + DP,federated,46,0.001,512,adam,1e-5,5,1.0,FedAvg,True,1.1,1.0,False,,,,,,0.17272727272727273,0.06057385759829968,0.08969315499606609,,,bank_A,0.5054887344778609,0.03583730488866089,0.9663540445486518,0.08990825688073395,0.038431372549019606,0.05384615384615385,0.6984728479385376
2026-02-18T10:48:46.389840,3,Federated (FedAvg) + DP,federated,46,0.001,512,adam,1e-5,5,1.0,FedAvg,True,1.1,1.0,False,,,,,,0.17272727272727273,0.06057385759829968,0.08969315499606609,,,bank_B,0.4912346161551398,0.03094241275630323,0.9671167034641761,0.0888030888030888,0.03659506762132061,0.051830985915492955,0.7000843173265457
2026-02-18T10:48:46.389840,3,Federated (FedAvg) + DP,federated,46,0.001,512,adam,1e-5,5,1.0,FedAvg,True,1.1,1.0,False,,,,,,0.17272727272727273,0.06057385759829968,0.08969315499606609,,,bank_C,0.5475201294511072,0.10091472778322949,0.9383032766065532,0.23505154639175257,0.052486187845303865,0.08581106511102747,0.7046302765994877
2026-02-18T10:48:47.119638,3,Federated (FedAvg) + DP,federated,47,0.001,512,adam,1e-5,5,1.0,FedAvg,True,1.1,1.0,False,0.6958408834678786,0.6958408834678786,0.9583024658694042,0.4413059715353565,0.03631097720092677,0.0859106529209622,0.026567481402763018,0.040584415584415584,,,,,,,,,,
2026-02-18T10:48:47.119638,3,Federated (FedAvg) + DP,federated,47,0.001,512,adam,1e-5,5,1.0,FedAvg,True,1.1,1.0,False,,,,,,0.0859106529209622,0.026567481402763018,0.040584415584415584,,,bank_A,0.4490413825484106,0.02358234028753537,0.9683470105509965,0.01680672268907563,0.004705882352941176,0.007352941176470588,0.6924957966804505
2026-02-18T10:48:47.119638,3,Federated (FedAvg) + DP,federated,47,0.001,512,adam,1e-5,5,1.0,FedAvg,True,1.1,1.0,False,,,,,,0.0859106529209622,0.026567481402763018,0.040584415584415584,,,bank_B,0.45790103742095295,0.023785448872144052,0.9661983939352494,0.018329938900203666,0.007159904534606206,0.010297482837528604,0.6953243172168732
2026-02-18T10:48:47.119638,3,Federated (FedAvg) + DP,federated,47,0.001,512,adam,1e-5,5,1.0,FedAvg,True,1.1,1.0,False,,,,,,0.0859106529209622,0.026567481402763018,0.040584415584415584,,,bank_C,0.4202934186148546,0.05942597157564215,0.937007874015748,0.14186046511627906,0.028084714548802948,0.04688700999231361,0.6981123414906588
2026-02-18T10:48:47.891402,3,Federated (FedAvg) + DP,federated,48,0.001,512,adam,1e-5,5,1.0,FedAvg,True,1.1,1.0,False,0.7234987808125359,0.7234987808125359,0.9572794299220376,0.5020956184265211,0.03683123949431456,0.014388489208633094,0.004250797024442083,0.006562756357670222,,,,,,,,,,
2026-02-18T10:48:47.891402,3,Federated (FedAvg) + DP,federated,48,0.001,512,adam,1e-5,5,1.0,FedAvg,True,1.1,1.0,False,,,,,,0.014388489208633094,0.004250797024442083,0.006562756357670222,,,bank_A,0.528387669906155,0.02833783457718672,0.9654357170769832,0.00992063492063492,0.00392156862745098,0.005621135469364812,0.7166123056411743
2026-02-18T10:48:47.891402,3,Federated (FedAvg) + DP,federated,48,0.001,512,adam,1e-5,5,1.0,FedAvg,True,1.1,1.0,False,,,,,,0.014388489208633094,0.004250797024442083,0.006562756357670222,,,bank_B,0.5172861157870066,0.027308865031381687,0.9659248549266329,0.013972055888223553,0.005568814638027049,0.007963594994311717,0.7173916727304459
2026-02-18T10:48:47.891402,3,Federated (FedAvg) + DP,federated,48,0.001,512,adam,1e-5,5,1.0,FedAvg,True,1.1,1.0,False,,,,,,0.014388489208633094,0.004250797024442083,0.006562756357670222,,,bank_C,0.4507732165346421,0.05345261581445551,0.9358140716281432,0.03896103896103896,0.006906077348066298,0.011732499022291749,0.7391428227548476
2026-02-18T10:48:48.577906,3,Federated (FedAvg) + DP,federated,49,0.001,512,adam,1e-5,5,1.0,FedAvg,True,1.1,1.0,False,0.7021992238504546,0.7021992238504546,0.9620418386425371,0.5761109968937974,0.08998712925825937,0.2711864406779661,0.08501594048884166,0.12944983818770225,,,,,,,,,,
2026-02-18T10:48:48.577906,3,Federated (FedAvg) + DP,federated,49,0.001,512,adam,1e-5,5,1.0,FedAvg,True,1.1,1.0,False,,,,,,0.2711864406779661,0.08501594048884166,0.12944983818770225,,,bank_A,0.517578874371109,0.02938276712094205,0.9672137553731927,0.04100227790432802,0.01411764705882353,0.021003500583430573,0.6968949091434479
2026-02-18T10:48:48.577906,3,Federated (FedAvg) + DP,federated,49,0.001,512,adam,1e-5,5,1.0,FedAvg,True,1.1,1.0,False,,,,,,0.2711864406779661,0.08501594048884166,0.12944983818770225,,,bank_B,0.49701957476557684,0.027131714957557996,0.967233934467869,0.03333333333333333,0.011933174224343675,0.01757469244288225,0.7001359218358993
2026-02-18T10:48:48.577906,3,Federated (FedAvg) + DP,federated,49,0.001,512,adam,1e-5,5,1.0,FedAvg,True,1.1,1.0,False,,,,,,0.2711864406779661,0.08501594048884166,0.12944983818770225,,,bank_C,0.5971352088079351,0.15432755857446132,0.9418338836677673,0.40544871794871795,0.11648250460405156,0.18097281831187412,0.7103103035456174
2026-02-18T10:48:49.343802,3,Federated (FedAvg) + DP,federated,50,0.001,512,adam,1e-5,5,1.0,FedAvg,True,1.1,1.0,False,0.6974215411714145,0.6974215411714145,0.9597135499347373,0.3736447637496943,0.03001706373953078,0.04932735426008968,0.011689691817215728,0.018900343642611683,,,,,,,,,,
2026-02-18T10:48:49.343802,3,Federated (FedAvg) + DP,federated,50,0.001,512,adam,1e-5,5,1.0,FedAvg,True,1.1,1.0,False,,,,,,0.04932735426008968,0.011689691817215728,0.018900343642611683,,,bank_A,0.4577901463761539,0.024079719587241942,0.9659046502540055,0.024291497975708502,0.009411764705882352,0.013566986998304126,0.6972159725427628
2026-02-18T10:48:49.343802,3,Federated (FedAvg) + DP,federated,50,0.001,512,adam,1e-5,5,1.0,FedAvg,True,1.1,1.0,False,,,,,,0.04932735426008968,0.011689691817215728,0.018900343642611683,,,bank_B,0.4597921457958978,0.024462985330671122,0.9686993220140286,0.02997275204359673,0.008750994431185362,0.013546798029556651,0.7002208298444748
2026-02-18T10:48:49.343802,3,Federated (FedAvg) + DP,federated,50,0.001,512,adam,1e-5,5,1.0,FedAvg,True,1.1,1.0,False,,,,,,0.04932735426008968,0.011689691817215728,0.018900343642611683,,,bank_C,0.34144749460282076,0.049005598214755586,0.9379476758953518,0.11174785100286533,0.017955801104972375,0.03094010313367711,0.6911969904775743
2026-02-18T11:02:42.415547,9,Tuning Config 5,federated,0,0.0005,512,adam,1e-05,5,1.0,FedProx,False,0.0,1.0,False,1.2669665621859687,1.2669665621859687,0.9643701273503369,0.2909389707552579,0.023065585130056,0.04,0.003188097768331562,0.005905511811023622,,,,,,,,,,
2026-02-18T11:02:42.415547,9,Tuning Config 5,federated,0,0.0005,512,adam,1e-05,5,1.0,FedProx,False,0.0,1.0,False,,,,,,0.04,0.003188097768331562,0.005905511811023622,,,bank_A,0.3825873473324808,0.019469648404687026,0.9727627979679563,0.024,0.002352941176470588,0.004285714285714286,0.9026137751340866
2026-02-18T11:02:42.415547,9,Tuning Config 5,federated,0,0.0005,512,adam,1e-05,5,1.0,FedProx,False,0.0,1.0,False,,,,,,0.04,0.003188097768331562,0.005905511811023622,,,bank_B,0.3816722978194956,0.01889292198270673,0.9730173306500459,0.023076923076923078,0.002386634844868735,0.004325883201153569,0.8553978180885315
2026-02-18T11:02:42.415547,9,Tuning Config 5,federated,0,0.0005,512,adam,1e-05,5,1.0,FedProx,False,0.0,1.0,False,,,,,,0.04,0.003188097768331562,0.005905511811023622,,,bank_C,0.23673577546348212,0.033788338899623384,0.9413766827533655,0.05844155844155844,0.004143646408839779,0.007738607050730868,1.9949849085374312
2026-02-18T11:02:42.678644,9,Tuning Config 5,federated,1,0.0005,512,adam,1e-05,5,1.0,FedProx,False,0.0,1.0,False,1.0051194982869285,1.0051194982869285,0.9593255018167708,0.2912540270004559,0.022484179166869036,0.02252252252252252,0.005313496280552604,0.008598452278589854,,,,,,,,,,
2026-02-18T11:02:42.678644,9,Tuning Config 5,federated,1,0.0005,512,adam,1e-05,5,1.0,FedProx,False,0.0,1.0,False,,,,,,0.02252252252252252,0.005313496280552604,0.008598452278589854,,,bank_A,0.397605748962244,0.020799312083176688,0.9681516217272372,0.0215633423180593,0.006274509803921568,0.009720534629404616,0.7812692213058472
2026-02-18T11:02:42.678644,9,Tuning Config 5,federated,1,0.0005,512,adam,1e-05,5,1.0,FedProx,False,0.0,1.0,False,,,,,,0.02252252252252252,0.005313496280552604,0.008598452278589854,,,bank_B,0.40509522764179917,0.020355952283310667,0.9679177819894101,0.010178117048346057,0.0031821797931583136,0.0048484848484848485,0.7618959760665893
2026-02-18T11:02:42.678644,9,Tuning Config 5,federated,1,0.0005,512,adam,1e-05,5,1.0,FedProx,False,0.0,1.0,False,,,,,,0.02252252252252252,0.005313496280552604,0.008598452278589854,,,bank_C,0.23721084754056662,0.03387117694315881,0.9357886715773431,0.026595744680851064,0.004604051565377533,0.007849293563579277,1.4394265808068312
2026-02-18T11:02:42.747436,9,Tuning Config 5,federated,2,0.0005,512,adam,1e-05,5,1.0,FedProx,False,0.0,1.0,False,0.8218453771301678,0.8218453771301678,0.9572794299220376,0.27666011763288956,0.021315349148623104,0.014388489208633094,0.004250797024442083,0.006562756357670222,,,,,,,,,,
2026-02-18T11:02:42.747436,9,Tuning Config 5,federated,2,0.0005,512,adam,1e-05,5,1.0,FedProx,False,0.0,1.0,False,,,,,,0.014388489208633094,0.004250797024442083,0.006562756357670222,,,bank_A,0.3835379456261013,0.019992430136043467,0.9655138726064869,0.017716535433070866,0.007058823529411765,0.010095344924284913,0.7017806208133698
2026-02-18T11:02:42.747436,9,Tuning Config 5,federated,2,0.0005,512,adam,1e-05,5,1.0,FedProx,False,0.0,1.0,False,,,,,,0.014388489208633094,0.004250797024442083,0.006562756357670222,,,bank_B,0.39032898820845713,0.019599311343455526,0.9659053164260175,0.015873015873015872,0.006364359586316627,0.009085746734809767,0.6971431523561478
2026-02-18T11:02:42.747436,9,Tuning Config 5,federated,2,0.0005,512,adam,1e-05,5,1.0,FedProx,False,0.0,1.0,False,,,,,,0.014388489208633094,0.004250797024442083,0.006562756357670222,,,bank_C,0.22326457406718137,0.032831803858887565,0.9360680721361443,0.0113314447592068,0.001841620626151013,0.0031683168316831685,1.0443769352776664
2026-02-18T11:02:42.836416,9,Tuning Config 5,federated,3,0.0005,512,adam,1e-05,5,1.0,FedProx,False,0.0,1.0,False,0.7283462850110871,0.7283462850110871,0.9573499841253043,0.27245050088320444,0.021219554533207598,0.017985611510791366,0.005313496280552604,0.008203445447087777,,,,,,,,,,
2026-02-18T11:02:42.836416,9,Tuning Config 5,federated,3,0.0005,512,adam,1e-05,5,1.0,FedProx,False,0.0,1.0,False,,,,,,0.017985611510791366,0.005313496280552604,0.008203445447087777,,,bank_A,0.3733289249574191,0.019262585165112284,0.9655334114888628,0.019646365422396856,0.00784313725490196,0.011210762331838564,0.6574215090274811
2026-02-18T11:02:42.836416,9,Tuning Config 5,federated,3,0.0005,512,adam,1e-05,5,1.0,FedProx,False,0.0,1.0,False,,,,,,0.017985611510791366,0.005313496280552604,0.008203445447087777,,,bank_B,0.3679265434932856,0.0186982469352696,0.9658271624235556,0.011904761904761904,0.00477326968973747,0.0068143100511073255,0.6627718496322632
2026-02-18T11:02:42.836416,9,Tuning Config 5,federated,3,0.0005,512,adam,1e-05,5,1.0,FedProx,False,0.0,1.0,False,,,,,,0.017985611510791366,0.005313496280552604,0.008203445447087777,,,bank_C,0.218654203967678,0.032685254987668284,0.9362204724409449,0.022535211267605635,0.003683241252302026,0.006331618519984171,0.8420804893815672
2026-02-18T11:02:42.902497,9,Tuning Config 5,federated,4,0.0005,512,adam,1e-05,5,1.0,FedProx,False,0.0,1.0,False,0.7171223163604736,0.7171223163604736,0.9574910925318376,0.2672072088281203,0.020930219542706595,0.01824817518248175,0.005313496280552604,0.00823045267489712,,,,,,,,,,
2026-02-18T11:02:42.902497,9,Tuning Config 5,federated,4,0.0005,512,adam,1e-05,5,1.0,FedProx,False,0.0,1.0,False,,,,,,0.01824817518248175,0.005313496280552604,0.00823045267489712,,,bank_A,0.372417428408093,0.019108033130917683,0.9656311059007425,0.01984126984126984,0.00784313725490196,0.011242270938729624,0.6661709314584732
2026-02-18T11:02:42.902497,9,Tuning Config 5,federated,4,0.0005,512,adam,1e-05,5,1.0,FedProx,False,0.0,1.0,False,,,,,,0.01824817518248175,0.005313496280552604,0.00823045267489712,,,bank_B,0.37402655536813734,0.019008317026024332,0.9658662394247866,0.01195219123505976,0.00477326968973747,0.006822057987492893,0.6729599416255951
2026-02-18T11:02:42.902497,9,Tuning Config 5,federated,4,0.0005,512,adam,1e-05,5,1.0,FedProx,False,0.0,1.0,False,,,,,,0.01824817518248175,0.005313496280552604,0.00823045267489712,,,bank_C,0.22323166323027527,0.03283506026770855,0.9358648717297434,0.01643835616438356,0.0027624309392265192,0.004729996058336618,0.7925742965239984
2026-02-18T11:37:43.784481,4,PrivFed (DP + Personalization),federated,0,0.001,512,adam,1e-5,5,1.0,FedAvg,True,1.1,1.0,True,1.7264278254338674,1.7264278254338674,0.9668042473630366,0.6593920922860039,0.09572477796875427,0.0,0.0,0.0,,,,,,,,,,
2026-02-18T11:37:43.784481,4,PrivFed (DP + Personalization),federated,0,0.001,512,adam,1e-5,5,1.0,FedAvg,True,1.1,1.0,True,,,,,,0.0,0.0,0.0,,,bank_A,0.5489999783903141,0.0421884267982781,0.9669597499023056,0.1104868913857678,0.04627450980392157,0.0652294085129906,1.5205251109600066
2026-02-18T11:37:43.784481,4,PrivFed (DP + Personalization),federated,0,0.001,512,adam,1e-5,5,1.0,FedAvg,True,1.1,1.0,True,,,,,,0.0,0.0,0.0,,,bank_B,0.5303667859952219,0.039451767230866096,0.9670971649635607,0.1111111111111111,0.04852824184566428,0.06755260243632337,1.3959469139575957
2026-02-18T11:37:43.784481,4,PrivFed (DP + Personalization),federated,0,0.001,512,adam,1e-5,5,1.0,FedAvg,True,1.1,1.0,True,,,,,,0.0,0.0,0.0,,,bank_C,0.7453570470580164,0.1541532386154385,0.9448310896621793,0.0,0.0,0.0,2.3979962321070882
2026-02-18T11:37:45.004402,4,PrivFed (DP + Personalization),federated,1,0.001,512,adam,1e-5,5,1.0,FedAvg,True,1.1,1.0,True,1.7639608489615577,1.7639608489615577,0.9610188026951706,0.6637485349399895,0.11257802677374865,0.27595628415300544,0.1073326248671626,0.1545524100994644,,,,,,,,,,
2026-02-18T11:37:45.004402,4,PrivFed (DP + Personalization),federated,1,0.001,512,adam,1e-5,5,1.0,FedAvg,True,1.1,1.0,True,,,,,,0.27595628415300544,0.1073326248671626,0.1545524100994644,,,bank_A,0.5567157599438934,0.043796468419867396,0.9666080500195389,0.10256410256410256,0.04392156862745098,0.061504667764964306,1.5246075701713562
2026-02-18T11:37:45.004402,4,PrivFed (DP + Personalization),federated,1,0.001,512,adam,1e-5,5,1.0,FedAvg,True,1.1,1.0,True,,,,,,0.27595628415300544,0.1073326248671626,0.1545524100994644,,,bank_B,0.5503767476763567,0.043065500109686766,0.967233934467869,0.13414634146341464,0.061256961018297536,0.08410704533042053,1.3538042986392975
2026-02-18T11:37:45.004402,4,PrivFed (DP + Personalization),federated,1,0.001,512,adam,1e-5,5,1.0,FedAvg,True,1.1,1.0,True,,,,,,0.27595628415300544,0.1073326248671626,0.1545524100994644,,,bank_C,0.7632697633103108,0.18851816730913373,0.9448310896621793,0.0,0.0,0.0,2.572737857892916
2026-02-18T11:37:46.036484,4,PrivFed (DP + Personalization),federated,2,0.001,512,adam,1e-5,5,1.0,FedAvg,True,1.1,1.0,True,2.0151011730943407,2.0151011730943407,0.9668042473630366,0.6674162355598574,0.09290170273943414,0.0,0.0,0.0,,,,,,,,,,
2026-02-18T11:37:46.036484,4,PrivFed (DP + Personalization),federated,2,0.001,512,adam,1e-5,5,1.0,FedAvg,True,1.1,1.0,True,,,,,,0.0,0.0,0.0,,,bank_A,0.5609224821278075,0.040194872542194594,0.9750879249706916,0.0,0.0,0.0,1.754883427619934
2026-02-18T11:37:46.036484,4,PrivFed (DP + Personalization),federated,2,0.001,512,adam,1e-5,5,1.0,FedAvg,True,1.1,1.0,True,,,,,,0.0,0.0,0.0,,,bank_B,0.5704370643377934,0.040634910024531956,0.9673707039721772,0.10964083175803403,0.046141607000795545,0.06494960806270997,1.5601862370967865
2026-02-18T11:37:46.036484,4,PrivFed (DP + Personalization),federated,2,0.001,512,adam,1e-5,5,1.0,FedAvg,True,1.1,1.0,True,,,,,,0.0,0.0,0.0,,,bank_C,0.7451559369664521,0.15749502306875166,0.9448310896621793,0.0,0.0,0.0,2.907784335024945
2026-02-18T11:37:46.983496,4,PrivFed (DP + Personalization),federated,3,0.001,512,adam,1e-5,5,1.0,FedAvg,True,1.1,1.0,True,1.009627137865339,1.009627137865339,0.9622182241507038,0.6573283478574586,0.13955511915112828,0.34375,0.15196599362380447,0.210759027266028,,,,,,,,,,
2026-02-18T11:37:46.983496,4,PrivFed (DP + Personalization),federated,3,0.001,512,adam,1e-5,5,1.0,FedAvg,True,1.1,1.0,True,,,,,,0.34375,0.15196599362380447,0.210759027266028,,,bank_A,0.5344438747345446,0.04485728517908537,0.9666275889019148,0.10990990990990991,0.04784313725490196,0.06666666666666667,0.929899115562439
2026-02-18T11:37:46.983496,4,PrivFed (DP + Personalization),federated,3,0.001,512,adam,1e-5,5,1.0,FedAvg,True,1.1,1.0,True,,,,,,0.34375,0.15196599362380447,0.210759027266028,,,bank_B,0.5257111015585376,0.042798312659612384,0.9672730114690998,0.1384083044982699,0.06364359586316627,0.08719346049046321,0.866324520111084
2026-02-18T11:37:46.983496,4,PrivFed (DP + Personalization),federated,3,0.001,512,adam,1e-5,5,1.0,FedAvg,True,1.1,1.0,True,,,,,,0.34375,0.15196599362380447,0.210759027266028,,,bank_C,0.7476147688389354,0.24466762299904324,0.9449580899161798,0.5033738191632928,0.17173112338858196,0.25609337452797803,1.3005131560486634
2026-02-18T11:37:47.711530,4,PrivFed (DP + Personalization),federated,4,0.001,512,adam,1e-5,5,1.0,FedAvg,True,1.1,1.0,True,1.3184234595724516,1.3184234595724516,0.960207429357604,0.6393969555911452,0.09723803999124132,0.23054755043227665,0.08501594048884166,0.12422360248447205,,,,,,,,,,
2026-02-18T11:37:47.711530,4,PrivFed (DP + Personalization),federated,4,0.001,512,adam,1e-5,5,1.0,FedAvg,True,1.1,1.0,True,,,,,,0.23054755043227665,0.08501594048884166,0.12422360248447205,,,bank_A,0.533235539682259,0.03814308384996612,0.9662758890191481,0.08007448789571694,0.03372549019607843,0.04746136865342163,1.1699210846424102
2026-02-18T11:37:47.711530,4,PrivFed (DP + Personalization),federated,4,0.001,512,adam,1e-5,5,1.0,FedAvg,True,1.1,1.0,True,,,,,,0.23054755043227665,0.08501594048884166,0.12422360248447205,,,bank_B,0.5313991188643332,0.03699940207836751,0.9668040874543288,0.10108303249097472,0.04455051710421639,0.06184428492545555,1.066750689148903
2026-02-18T11:37:47.711530,4,PrivFed (DP + Personalization),federated,4,0.001,512,adam,1e-5,5,1.0,FedAvg,True,1.1,1.0,True,,,,,,0.23054755043227665,0.08501594048884166,0.12422360248447205,,,bank_C,0.7305125268126159,0.15869773447527635,0.9390398780797562,0.2782101167315175,0.06583793738489871,0.10647803425167536,1.8209538413332653
2026-02-18T11:37:48.543417,4,PrivFed (DP + Personalization),federated,5,0.001,512,adam,1e-5,5,1.0,FedAvg,True,1.1,1.0,True,0.7746727030192103,0.7746727030192103,0.9619007302360039,0.5415090383723384,0.10197854427531708,0.2750809061488673,0.09032943676939426,0.136,,,,,,,,,,
2026-02-18T11:37:48.543417,4,PrivFed (DP + Personalization),federated,5,0.001,512,adam,1e-5,5,1.0,FedAvg,True,1.1,1.0,True,,,,,,0.2750809061488673,0.09032943676939426,0.136,,,bank_A,0.42393044038575256,0.026917585442479637,0.9660805001953888,0.07076350093109869,0.02980392156862745,0.04194260485651214,0.6854969626665115
2026-02-18T11:37:48.543417,4,PrivFed (DP + Personalization),federated,5,0.001,512,adam,1e-5,5,1.0,FedAvg,True,1.1,1.0,True,,,,,,0.2750809061488673,0.09032943676939426,0.136,,,bank_B,0.45281687353321204,0.03886942552773984,0.9671362419647916,0.12914485165794065,0.0588703261734288,0.08087431693989071,0.6656204956769943
2026-02-18T11:37:48.543417,4,PrivFed (DP + Personalization),federated,5,0.001,512,adam,1e-5,5,1.0,FedAvg,True,1.1,1.0,True,,,,,,0.2750809061488673,0.09032943676939426,0.136,,,bank_C,0.6528724650239122,0.17257291229386282,0.9420624841249683,0.41390205371248023,0.12062615101289134,0.18680926916221033,1.0337406605869144
2026-02-18T11:37:49.258860,4,PrivFed (DP + Personalization),federated,6,0.001,512,adam,1e-5,5,1.0,FedAvg,True,1.1,1.0,True,1.1039289555379324,1.1039289555379324,0.9596077186298374,0.6262974597819554,0.0850609964092009,0.20175438596491227,0.07332624867162593,0.10756040530007795,,,,,,,,,,
2026-02-18T11:37:49.258860,4,PrivFed (DP + Personalization),federated,6,0.001,512,adam,1e-5,5,1.0,FedAvg,True,1.1,1.0,True,,,,,,0.20175438596491227,0.07332624867162593,0.10756040530007795,,,bank_A,0.5363255754561117,0.037996650631842745,0.9663149667838999,0.07561436672967864,0.03137254901960784,0.04434589800443459,1.0190452116727828
2026-02-18T11:37:49.258860,4,PrivFed (DP + Personalization),federated,6,0.001,512,adam,1e-5,5,1.0,FedAvg,True,1.1,1.0,True,,,,,,0.20175438596491227,0.07332624867162593,0.10756040530007795,,,bank_B,0.540334833210601,0.03754008939185302,0.9667845489537132,0.09800362976406533,0.04295942720763723,0.059734513274336286,0.9431802082061768
2026-02-18T11:37:49.258860,4,PrivFed (DP + Personalization),federated,6,0.001,512,adam,1e-5,5,1.0,FedAvg,True,1.1,1.0,True,,,,,,0.20175438596491227,0.07332624867162593,0.10756040530007795,,,bank_C,0.6636914973051977,0.12433114717434354,0.938760477520955,0.2585858585858586,0.058931860036832415,0.09598800149981253,1.4113759932579932
2026-02-18T11:37:50.113504,4,PrivFed (DP + Personalization),federated,7,0.001,512,adam,1e-5,5,1.0,FedAvg,True,1.1,1.0,True,0.7045913849558149,0.7045913849558149,0.9589727308004374,0.48867864286255497,0.05182759463899533,0.14193548387096774,0.04675876726886291,0.07034372501998401,,,,,,,,,,
2026-02-18T11:37:50.113504,4,PrivFed (DP + Personalization),federated,7,0.001,512,adam,1e-5,5,1.0,FedAvg,True,1.1,1.0,True,,,,,,0.14193548387096774,0.04675876726886291,0.07034372501998401,,,bank_A,0.4175244886853649,0.022392840727595106,0.9654357170769832,0.006,0.002352941176470588,0.0033802816901408453,0.6819205915927887
2026-02-18T11:37:50.113504,4,PrivFed (DP + Personalization),federated,7,0.001,512,adam,1e-5,5,1.0,FedAvg,True,1.1,1.0,True,,,,,,0.14193548387096774,0.04675876726886291,0.07034372501998401,,,bank_B,0.44159634976110385,0.033563938298982056,0.9668822414567906,0.10752688172043011,0.0477326968973747,0.06611570247933884,0.6638525068759918
2026-02-18T11:37:50.113504,4,PrivFed (DP + Personalization),federated,7,0.001,512,adam,1e-5,5,1.0,FedAvg,True,1.1,1.0,True,,,,,,0.14193548387096774,0.04675876726886291,0.07034372501998401,,,bank_C,0.5072201846135809,0.07975410215650561,0.9378206756413513,0.2012987012987013,0.04281767955801105,0.07061503416856492,0.7877638231624257
2026-02-18T11:37:50.826775,4,PrivFed (DP + Personalization),federated,8,0.001,512,adam,1e-5,5,1.0,FedAvg,True,1.1,1.0,True,0.6858749229993139,0.6858749229993139,0.9584788513775708,0.3776201337575651,0.03528180341779398,0.11688311688311688,0.03825717321997875,0.057646116893514815,,,,,,,,,,
2026-02-18T11:37:50.826775,4,PrivFed (DP + Personalization),federated,8,0.001,512,adam,1e-5,5,1.0,FedAvg,True,1.1,1.0,True,,,,,,0.11688311688311688,0.03825717321997875,0.057646116893514815,,,bank_A,0.40314417000143415,0.021745143847762625,0.9653966393122313,0.004,0.001568627450980392,0.0022535211267605635,0.6624368500709533
2026-02-18T11:37:50.826775,4,PrivFed (DP + Personalization),federated,8,0.001,512,adam,1e-5,5,1.0,FedAvg,True,1.1,1.0,True,,,,,,0.11688311688311688,0.03825717321997875,0.057646116893514815,,,bank_B,0.42257272422419384,0.03269899064034744,0.9669017799574061,0.1063063063063063,0.046937151949085126,0.06512141280353201,0.6557376897335052
2026-02-18T11:37:50.826775,4,PrivFed (DP + Personalization),federated,8,0.001,512,adam,1e-5,5,1.0,FedAvg,True,1.1,1.0,True,,,,,,0.11688311688311688,0.03825717321997875,0.057646116893514815,,,bank_C,0.3188656229859286,0.044668801359274826,0.9364490728981458,0.0975609756097561,0.01841620626151013,0.030983733539891558,0.7395862720229409
2026-02-18T11:37:51.532266,4,PrivFed (DP + Personalization),federated,9,0.001,512,adam,1e-5,5,1.0,FedAvg,True,1.1,1.0,True,0.6734340127025332,0.6734340127025332,0.9587963452922708,0.33646033280951926,0.03236404615082089,0.13268608414239483,0.04357066950053135,0.0656,,,,,,,,,,
2026-02-18T11:37:51.532266,4,PrivFed (DP + Personalization),federated,9,0.001,512,adam,1e-5,5,1.0,FedAvg,True,1.1,1.0,True,,,,,,0.13268608414239483,0.04357066950053135,0.0656,,,bank_A,0.40788293050914387,0.022151669307069553,0.965748339194998,0.04038461538461539,0.01647058823529412,0.0233983286908078,0.6499706715345382
2026-02-18T11:37:51.532266,4,PrivFed (DP + Personalization),federated,9,0.001,512,adam,1e-5,5,1.0,FedAvg,True,1.1,1.0,True,,,,,,0.13268608414239483,0.04357066950053135,0.0656,,,bank_B,0.43488920183340574,0.033129258415648746,0.9670580879623297,0.11351351351351352,0.050119331742243436,0.0695364238410596,0.6492321592569351
2026-02-18T11:37:51.532266,4,PrivFed (DP + Personalization),federated,9,0.001,512,adam,1e-5,5,1.0,FedAvg,True,1.1,1.0,True,,,,,,0.13268608414239483,0.04357066950053135,0.0656,,,bank_C,0.26524386274158585,0.043367134215946054,0.9369824739649479,0.14153132250580047,0.028084714548802948,0.04686899731079524,0.7167354868603991
2026-02-18T11:37:52.294320,4,PrivFed (DP + Personalization),federated,10,0.001,512,adam,1e-5,5,1.0,FedAvg,True,1.1,1.0,True,0.6568966295037951,0.6568966295037951,0.959889935442904,0.41949347408973564,0.05584631538533783,0.20658682634730538,0.07332624867162593,0.10823529411764705,,,,,,,,,,
2026-02-18T11:37:52.294320,4,PrivFed (DP + Personalization),federated,10,0.001,512,adam,1e-5,5,1.0,FedAvg,True,1.1,1.0,True,,,,,,0.20658682634730538,0.07332624867162593,0.10823529411764705,,,bank_A,0.41403079183782526,0.02283858607956529,0.9661781946072685,0.0546875,0.02196078431372549,0.03133743704532736,0.6559675943851471
2026-02-18T11:37:52.294320,4,PrivFed (DP + Personalization),federated,10,0.001,512,adam,1e-5,5,1.0,FedAvg,True,1.1,1.0,True,,,,,,0.20658682634730538,0.07332624867162593,0.10823529411764705,,,bank_B,0.4454114565993931,0.03546633525800448,0.9669799339598679,0.1140819964349376,0.05091487669053302,0.0704070407040704,0.654310542345047
2026-02-18T11:37:52.294320,4,PrivFed (DP + Personalization),federated,10,0.001,512,adam,1e-5,5,1.0,FedAvg,True,1.1,1.0,True,,,,,,0.20658682634730538,0.07332624867162593,0.10823529411764705,,,bank_C,0.4172712655990436,0.11318214792137804,0.9405892811785623,0.35168738898756663,0.09116022099447514,0.14478976234003657,0.6600650301227322
2026-02-18T11:37:53.141443,4,PrivFed (DP + Personalization),federated,11,0.001,512,adam,1e-5,5,1.0,FedAvg,True,1.1,1.0,True,0.6846759649259704,0.6846759649259704,0.9588668994955375,0.3940237455856258,0.043654752534919856,0.14057507987220447,0.04675876726886291,0.07017543859649122,,,,,,,,,,
2026-02-18T11:37:53.141443,4,PrivFed (DP + Personalization),federated,11,0.001,512,adam,1e-5,5,1.0,FedAvg,True,1.1,1.0,True,,,,,,0.14057507987220447,0.04675876726886291,0.07017543859649122,,,bank_A,0.4109042631981156,0.022785418341693498,0.9658655724892536,0.04789272030651341,0.0196078431372549,0.027824151363383415,0.6609402030706406
2026-02-18T11:37:53.141443,4,PrivFed (DP + Personalization),federated,11,0.001,512,adam,1e-5,5,1.0,FedAvg,True,1.1,1.0,True,,,,,,0.14057507987220447,0.04675876726886291,0.07017543859649122,,,bank_B,0.4326228930822902,0.03694204444046139,0.967233934467869,0.1276595744680851,0.057279236276849645,0.07907742998352553,0.6557732772827148
2026-02-18T11:37:53.141443,4,PrivFed (DP + Personalization),federated,11,0.001,512,adam,1e-5,5,1.0,FedAvg,True,1.1,1.0,True,,,,,,0.14057507987220447,0.04675876726886291,0.07017543859649122,,,bank_C,0.35112388713347925,0.06189666121565984,0.9379730759461519,0.20394736842105263,0.04281767955801105,0.07077625570776255,0.7437550038486332
2026-02-18T11:37:53.927409,4,PrivFed (DP + Personalization),federated,12,0.001,512,adam,1e-5,5,1.0,FedAvg,True,1.1,1.0,True,0.6876884209258216,0.6876884209258216,0.9584788513775708,0.43751306271662777,0.0426650784013812,0.11437908496732026,0.03719447396386823,0.056134723336006415,,,,,,,,,,
2026-02-18T11:37:53.927409,4,PrivFed (DP + Personalization),federated,12,0.001,512,adam,1e-5,5,1.0,FedAvg,True,1.1,1.0,True,,,,,,0.11437908496732026,0.03719447396386823,0.056134723336006415,,,bank_A,0.4377257730865114,0.02441912604257286,0.9655529503712388,0.01968503937007874,0.00784313725490196,0.011217049915872126,0.6776144969463348
2026-02-18T11:37:53.927409,4,PrivFed (DP + Personalization),federated,12,0.001,512,adam,1e-5,5,1.0,FedAvg,True,1.1,1.0,True,,,,,,0.11437908496732026,0.03719447396386823,0.056134723336006415,,,bank_B,0.4511856510360346,0.03462429984471907,0.9670971649635607,0.12478031634446397,0.056483691328560064,0.07776560788608981,0.6704499822854996
2026-02-18T11:37:53.927409,4,PrivFed (DP + Personalization),federated,12,0.001,512,adam,1e-5,5,1.0,FedAvg,True,1.1,1.0,True,,,,,,0.11437908496732026,0.03719447396386823,0.056134723336006415,,,bank_C,0.39017682810725585,0.053771108536008,0.9365252730505461,0.10024449877750612,0.018876611418047883,0.0317706315381635,0.7230763574699303
2026-02-18T11:37:54.658317,4,PrivFed (DP + Personalization),federated,13,0.001,512,adam,1e-5,5,1.0,FedAvg,True,1.1,1.0,True,0.9509380832314491,0.9509380832314491,0.9593607789184041,0.6402516789492717,0.0791944137631276,0.17737003058103976,0.061636556854410204,0.0914826498422713,,,,,,,,,,
2026-02-18T11:37:54.658317,4,PrivFed (DP + Personalization),federated,13,0.001,512,adam,1e-5,5,1.0,FedAvg,True,1.1,1.0,True,,,,,,0.17737003058103976,0.061636556854410204,0.0914826498422713,,,bank_A,0.5399671297032991,0.03833246049711248,0.9661586557248926,0.074487895716946,0.03137254901960784,0.04415011037527594,0.8855615133047103
2026-02-18T11:37:54.658317,4,PrivFed (DP + Personalization),federated,13,0.001,512,adam,1e-5,5,1.0,FedAvg,True,1.1,1.0,True,,,,,,0.17737003058103976,0.061636556854410204,0.0914826498422713,,,bank_B,0.5278468140308353,0.035930823595966055,0.9666087024481741,0.08455882352941177,0.03659506762132061,0.05108273181565797,0.846594272851944
2026-02-18T11:37:54.658317,4,PrivFed (DP + Personalization),federated,13,0.001,512,adam,1e-5,5,1.0,FedAvg,True,1.1,1.0,True,,,,,,0.17737003058103976,0.061636556854410204,0.0914826498422713,,,bank_C,0.6789125675284825,0.11822037695264015,0.9381508763017526,0.22431865828092243,0.049263351749539594,0.08078520196300491,1.1654212227115384
2026-02-18T11:37:55.448788,4,PrivFed (DP + Personalization),federated,14,0.001,512,adam,1e-5,5,1.0,FedAvg,True,1.1,1.0,True,0.9038425737193653,0.9038425737193653,0.959254947613504,0.625965400193555,0.0764693741736727,0.17964071856287425,0.06376195536663125,0.09411764705882353,,,,,,,,,,
2026-02-18T11:37:55.448788,4,PrivFed (DP + Personalization),federated,14,0.001,512,adam,1e-5,5,1.0,FedAvg,True,1.1,1.0,True,,,,,,0.17964071856287425,0.06376195536663125,0.09411764705882353,,,bank_A,0.542655327475144,0.037846656759020325,0.9662172723720204,0.0749063670411985,0.03137254901960784,0.04422332780541736,0.8468038660287857
2026-02-18T11:37:55.448788,4,PrivFed (DP + Personalization),federated,14,0.001,512,adam,1e-5,5,1.0,FedAvg,True,1.1,1.0,True,,,,,,0.17964071856287425,0.06376195536663125,0.09411764705882353,,,bank_B,0.5402025079712253,0.03649125558988091,0.9665500869463277,0.08103130755064457,0.035003977724741446,0.04888888888888889,0.8162654733657837
2026-02-18T11:37:55.448788,4,PrivFed (DP + Personalization),federated,14,0.001,512,adam,1e-5,5,1.0,FedAvg,True,1.1,1.0,True,,,,,,0.17964071856287425,0.06376195536663125,0.09411764705882353,,,bank_C,0.6312677321212837,0.10948657620603278,0.9381254762509526,0.22268907563025211,0.04880294659300184,0.08006042296072508,1.0854068653924125
2026-02-18T11:37:56.231715,4,PrivFed (DP + Personalization),federated,15,0.001,512,adam,1e-5,5,1.0,FedAvg,True,1.1,1.0,True,0.8147806184632438,0.8147806184632438,0.9591843934102374,0.6020734152011672,0.0681682810320885,0.16666666666666666,0.057385759829968117,0.08537549407114625,,,,,,,,,,
2026-02-18T11:37:56.231715,4,PrivFed (DP + Personalization),federated,15,0.001,512,adam,1e-5,5,1.0,FedAvg,True,1.1,1.0,True,,,,,,0.16666666666666666,0.057385759829968117,0.08537549407114625,,,bank_A,0.5247489445632978,0.03268277603439677,0.9659828057835091,0.06037735849056604,0.025098039215686273,0.03545706371191136,0.7884671127796173
2026-02-18T11:37:56.231715,4,PrivFed (DP + Personalization),federated,15,0.001,512,adam,1e-5,5,1.0,FedAvg,True,1.1,1.0,True,,,,,,0.16666666666666666,0.057385759829968117,0.08537549407114625,,,bank_B,0.5208398069759751,0.03217480480622835,0.966432855942635,0.06427221172022685,0.027048528241845664,0.03807390817469205,0.7701555347442627
2026-02-18T11:37:56.231715,4,PrivFed (DP + Personalization),federated,15,0.001,512,adam,1e-5,5,1.0,FedAvg,True,1.1,1.0,True,,,,,,0.16666666666666666,0.057385759829968117,0.08537549407114625,,,bank_C,0.5977983330852952,0.09831266276532863,0.9381254762509526,0.22151898734177214,0.04834254143646409,0.07936507936507936,0.90748353205718
2026-02-18T11:37:56.987895,4,PrivFed (DP + Personalization),federated,16,0.001,512,adam,1e-5,5,1.0,FedAvg,True,1.1,1.0,True,0.7496106848120689,0.7496106848120689,0.9584435742759375,0.4495519725700594,0.03973956379054697,0.052830188679245285,0.01487778958554729,0.02321724709784411,,,,,,,,,,
2026-02-18T11:37:56.987895,4,PrivFed (DP + Personalization),federated,16,0.001,512,adam,1e-5,5,1.0,FedAvg,True,1.1,1.0,True,,,,,,0.052830188679245285,0.01487778958554729,0.02321724709784411,,,bank_A,0.4503750616367176,0.025393436980188464,0.9656701836654943,0.0311284046692607,0.012549019607843137,0.017887087758524316,0.723022745847702
2026-02-18T11:37:56.987895,4,PrivFed (DP + Personalization),federated,16,0.001,512,adam,1e-5,5,1.0,FedAvg,True,1.1,1.0,True,,,,,,0.052830188679245285,0.01487778958554729,0.02321724709784411,,,bank_B,0.45191165511912246,0.03016996142518269,0.966686856450636,0.08052434456928839,0.03420843277645187,0.0480178671133445,0.7085705953836441
2026-02-18T11:37:56.987895,4,PrivFed (DP + Personalization),federated,16,0.001,512,adam,1e-5,5,1.0,FedAvg,True,1.1,1.0,True,,,,,,0.052830188679245285,0.01487778958554729,0.02321724709784411,,,bank_C,0.4236610425895687,0.05611437294959166,0.9361696723393447,0.07268170426065163,0.013351749539594844,0.022559315441462467,0.835459608536262
2026-02-18T11:37:57.701079,4,PrivFed (DP + Personalization),federated,17,0.001,512,adam,1e-5,5,1.0,FedAvg,True,1.1,1.0,True,0.7715259620121547,0.7715259620121547,0.9583377429710375,0.5028209457612351,0.04710820676865774,0.11038961038961038,0.036131774707757705,0.0544435548438751,,,,,,,,,,
2026-02-18T11:37:57.701079,4,PrivFed (DP + Personalization),federated,17,0.001,512,adam,1e-5,5,1.0,FedAvg,True,1.1,1.0,True,,,,,,0.11038961038961038,0.036131774707757705,0.0544435548438751,,,bank_A,0.5252941058599575,0.0325470379725179,0.9661000390777648,0.06439393939393939,0.02666666666666667,0.03771491957848031,0.7502066433429718
2026-02-18T11:37:57.701079,4,PrivFed (DP + Personalization),federated,17,0.001,512,adam,1e-5,5,1.0,FedAvg,True,1.1,1.0,True,,,,,,0.11038961038961038,0.036131774707757705,0.0544435548438751,,,bank_B,0.5281077356914252,0.032452045627002234,0.9663351634395576,0.06037735849056604,0.02545743834526651,0.03581421376608842,0.7388750356435776
2026-02-18T11:37:57.701079,4,PrivFed (DP + Personalization),federated,17,0.001,512,adam,1e-5,5,1.0,FedAvg,True,1.1,1.0,True,,,,,,0.11038961038961038,0.036131774707757705,0.0544435548438751,,,bank_C,0.45525311292702025,0.06058038505214345,0.9372618745237491,0.1598173515981735,0.03222836095764273,0.05363984674329502,0.8440918388304772
2026-02-18T11:37:58.373518,4,PrivFed (DP + Personalization),federated,18,0.001,512,adam,1e-5,5,1.0,FedAvg,True,1.1,1.0,True,0.7717916592955589,0.7717916592955589,0.9587610681906374,0.4691691387110636,0.043715943286497,0.1174496644295302,0.03719447396386823,0.05649717514124294,,,,,,,,,,
2026-02-18T11:37:58.373518,4,PrivFed (DP + Personalization),federated,18,0.001,512,adam,1e-5,5,1.0,FedAvg,True,1.1,1.0,True,,,,,,0.1174496644295302,0.03719447396386823,0.05649717514124294,,,bank_A,0.48530168889517533,0.031217138348686342,0.9661586557248926,0.06805293005671077,0.02823529411764706,0.03991130820399113,0.7436160135269165
2026-02-18T11:37:58.373518,4,PrivFed (DP + Personalization),federated,18,0.001,512,adam,1e-5,5,1.0,FedAvg,True,1.1,1.0,True,,,,,,0.1174496644295302,0.03719447396386823,0.05649717514124294,,,bank_B,0.49527020131857385,0.03056514890170999,0.9664133174420195,0.06902985074626866,0.0294351630867144,0.04127161182375906,0.7295381879806518
2026-02-18T11:37:58.373518,4,PrivFed (DP + Personalization),federated,18,0.001,512,adam,1e-5,5,1.0,FedAvg,True,1.1,1.0,True,,,,,,0.1174496644295302,0.03719447396386823,0.05649717514124294,,,bank_C,0.42215198974538437,0.05893931954931809,0.9368300736601474,0.12941176470588237,0.02532228360957643,0.04235656526761648,0.8590662347805964
2026-02-18T11:37:59.121637,4,PrivFed (DP + Personalization),federated,19,0.001,512,adam,1e-5,5,1.0,FedAvg,True,1.1,1.0,True,0.7620738446712494,0.7620738446712494,0.9587963452922708,0.5705104019745438,0.06793629626897651,0.13738019169329074,0.04569606801275239,0.0685805422647528,,,,,,,,,,
2026-02-18T11:37:59.121637,4,PrivFed (DP + Personalization),federated,19,0.001,512,adam,1e-5,5,1.0,FedAvg,True,1.1,1.0,True,,,,,,0.13738019169329074,0.04569606801275239,0.0685805422647528,,,bank_A,0.5533160220104474,0.0407764359347391,0.9661977334896444,0.07635009310986965,0.03215686274509804,0.04525386313465784,0.7328263956308365
2026-02-18T11:37:59.121637,4,PrivFed (DP + Personalization),federated,19,0.001,512,adam,1e-5,5,1.0,FedAvg,True,1.1,1.0,True,,,,,,0.13738019169329074,0.04569606801275239,0.0685805422647528,,,bank_B,0.5458651326627451,0.041918830288587026,0.9671362419647916,0.12784588441331,0.05807478122513922,0.07986870897155361,0.715875329375267
2026-02-18T11:37:59.121637,4,PrivFed (DP + Personalization),federated,19,0.001,512,adam,1e-5,5,1.0,FedAvg,True,1.1,1.0,True,,,,,,0.13738019169329074,0.04569606801275239,0.0685805422647528,,,bank_C,0.5512092250944797,0.08437040573122838,0.9371856743713487,0.15560640732265446,0.03130755064456722,0.052127251820620925,0.8584681284892095
2026-02-18T11:38:00.028723,4,PrivFed (DP + Personalization),federated,20,0.001,512,adam,1e-5,5,1.0,FedAvg,True,1.1,1.0,True,0.7582110624228205,0.7582110624228205,0.9593255018167708,0.5416759309359486,0.06850418200605704,0.18072289156626506,0.06376195536663125,0.09426551453260015,,,,,,,,,,
2026-02-18T11:38:00.028723,4,PrivFed (DP + Personalization),federated,20,0.001,512,adam,1e-5,5,1.0,FedAvg,True,1.1,1.0,True,,,,,,0.18072289156626506,0.06376195536663125,0.09426551453260015,,,bank_A,0.5287907887731788,0.0397104021872055,0.9664712778429074,0.09836065573770492,0.042352941176470586,0.05921052631578947,0.7456915575265884
2026-02-18T11:38:00.028723,4,PrivFed (DP + Personalization),federated,20,0.001,512,adam,1e-5,5,1.0,FedAvg,True,1.1,1.0,True,,,,,,0.18072289156626506,0.06376195536663125,0.09426551453260015,,,bank_B,0.5276374026467725,0.0366252911843548,0.9668431644555597,0.09558823529411764,0.04136833731105807,0.05774569683509161,0.7387702828645706
2026-02-18T11:38:00.028723,4,PrivFed (DP + Personalization),federated,20,0.001,512,adam,1e-5,5,1.0,FedAvg,True,1.1,1.0,True,,,,,,0.18072289156626506,0.06376195536663125,0.09426551453260015,,,bank_C,0.4937862693760542,0.0913616183973942,0.9386080772161545,0.2535211267605634,0.058011049723756904,0.09441738478831023,0.801227893922236
2026-02-18T11:38:00.863571,4,PrivFed (DP + Personalization),federated,21,0.001,512,adam,1e-5,5,1.0,FedAvg,True,1.1,1.0,True,0.6977946534752846,0.6977946534752846,0.9578438635481709,0.3887373150600453,0.03590920739580885,0.06206896551724138,0.019128586609989374,0.02924451665312754,,,,,,,,,,
2026-02-18T11:38:00.863571,4,PrivFed (DP + Personalization),federated,21,0.001,512,adam,1e-5,5,1.0,FedAvg,True,1.1,1.0,True,,,,,,0.06206896551724138,0.019128586609989374,0.02924451665312754,,,bank_A,0.41519689763491807,0.022844169720143852,0.9656897225478702,0.02186878727634195,0.008627450980392156,0.012373453318335208,0.6896923810243607
2026-02-18T11:38:00.863571,4,PrivFed (DP + Personalization),federated,21,0.001,512,adam,1e-5,5,1.0,FedAvg,True,1.1,1.0,True,,,,,,0.06206896551724138,0.019128586609989374,0.02924451665312754,,,bank_B,0.41428278859761825,0.029098078868918343,0.9664914714444813,0.07434944237918216,0.031821797931583136,0.04456824512534819,0.6860999059677124
2026-02-18T11:38:00.863571,4,PrivFed (DP + Personalization),federated,21,0.001,512,adam,1e-5,5,1.0,FedAvg,True,1.1,1.0,True,,,,,,0.06206896551724138,0.019128586609989374,0.02924451665312754,,,bank_C,0.3529324174540761,0.05517630472592302,0.9367284734569469,0.11750599520383694,0.02255985267034991,0.03785245268443414,0.720936208576351
2026-02-18T11:38:01.642128,4,PrivFed (DP + Personalization),federated,22,0.001,512,adam,1e-5,5,1.0,FedAvg,True,1.1,1.0,True,0.6861330441066197,0.6861330441066197,0.9580555261579708,0.30371877656893553,0.027827187661918495,0.08389261744966443,0.026567481402763018,0.04035512510088781,,,,,,,,,,
2026-02-18T11:38:01.642128,4,PrivFed (DP + Personalization),federated,22,0.001,512,adam,1e-5,5,1.0,FedAvg,True,1.1,1.0,True,,,,,,0.08389261744966443,0.026567481402763018,0.04035512510088781,,,bank_A,0.3981718127186753,0.02209298861008748,0.9658460336068777,0.04780114722753346,0.0196078431372549,0.027808676307007785,0.6832061094045639
2026-02-18T11:38:01.642128,4,PrivFed (DP + Personalization),federated,22,0.001,512,adam,1e-5,5,1.0,FedAvg,True,1.1,1.0,True,,,,,,0.08389261744966443,0.026567481402763018,0.04035512510088781,,,bank_B,0.41503668710887653,0.027664219788128185,0.9663742404407886,0.06390977443609022,0.027048528241845664,0.03801006148686417,0.6831695038080215
2026-02-18T11:38:01.642128,4,PrivFed (DP + Personalization),federated,22,0.001,512,adam,1e-5,5,1.0,FedAvg,True,1.1,1.0,True,,,,,,0.08389261744966443,0.026567481402763018,0.04035512510088781,,,bank_C,0.21019761032915588,0.03528569893343483,0.9360680721361443,0.06329113924050633,0.01151012891344383,0.019477989871445268,0.6906045984912228
2026-02-18T11:38:02.435088,4,PrivFed (DP + Personalization),federated,23,0.001,512,adam,1e-5,5,1.0,FedAvg,True,1.1,1.0,True,0.7045047687632697,0.7045047687632697,0.9584435742759375,0.3456462290229736,0.03235435224153536,0.10631229235880399,0.03400637619553666,0.05152979066022544,,,,,,,,,,
2026-02-18T11:38:02.435088,4,PrivFed (DP + Personalization),federated,23,0.001,512,adam,1e-5,5,1.0,FedAvg,True,1.1,1.0,True,,,,,,0.10631229235880399,0.03400637619553666,0.05152979066022544,,,bank_A,0.40867650103824715,0.022955391554041287,0.9658851113716296,0.0497131931166348,0.0203921568627451,0.028921023359288096,0.7002135133743286
2026-02-18T11:38:02.435088,4,PrivFed (DP + Personalization),federated,23,0.001,512,adam,1e-5,5,1.0,FedAvg,True,1.1,1.0,True,,,,,,0.10631229235880399,0.03400637619553666,0.05152979066022544,,,bank_B,0.42879837655543507,0.028897720376195094,0.9665305484457123,0.07777777777777778,0.03341288782816229,0.04674457429048414,0.6979638123512268
2026-02-18T11:38:02.435088,4,PrivFed (DP + Personalization),federated,23,0.001,512,adam,1e-5,5,1.0,FedAvg,True,1.1,1.0,True,,,,,,0.10631229235880399,0.03400637619553666,0.05152979066022544,,,bank_C,0.2823705867669275,0.043099432372004004,0.936499872999746,0.0960591133004926,0.017955801104972375,0.030256012412723042,0.7137103963207889
2026-02-18T11:38:03.133412,4,PrivFed (DP + Personalization),federated,24,0.001,512,adam,1e-5,5,1.0,FedAvg,True,1.1,1.0,True,0.717201500066689,0.717201500066689,0.9574558154302043,0.3387432594443393,0.02671944492522728,0.03180212014134275,0.009564293304994687,0.014705882352941176,,,,,,,,,,
2026-02-18T11:38:03.133412,4,PrivFed (DP + Personalization),federated,24,0.001,512,adam,1e-5,5,1.0,FedAvg,True,1.1,1.0,True,,,,,,0.03180212014134275,0.009564293304994687,0.014705882352941176,,,bank_A,0.41901413469906545,0.022832908702139155,0.9658264947245018,0.03529411764705882,0.01411764705882353,0.020168067226890758,0.7154354166984558
2026-02-18T11:38:03.133412,4,PrivFed (DP + Personalization),federated,24,0.001,512,adam,1e-5,5,1.0,FedAvg,True,1.1,1.0,True,,,,,,0.03180212014134275,0.009564293304994687,0.014705882352941176,,,bank_B,0.4199698179259522,0.02236859682686013,0.9659443934272484,0.025390625,0.010342084327764518,0.014697569248162803,0.7130791276693345
2026-02-18T11:38:03.133412,4,PrivFed (DP + Personalization),federated,24,0.001,512,adam,1e-5,5,1.0,FedAvg,True,1.1,1.0,True,,,,,,0.03180212014134275,0.009564293304994687,0.014705882352941176,,,bank_C,0.2397688884439717,0.03624385881020854,0.9358648717297434,0.03674540682414698,0.006445672191528545,0.010967489228358794,0.7212838731802903
2026-02-18T11:38:03.829294,4,PrivFed (DP + Personalization),federated,25,0.001,512,adam,1e-5,5,1.0,FedAvg,True,1.1,1.0,True,0.6886321838412967,0.6886321838412967,0.9584788513775708,0.3503353904599651,0.03264928168636198,0.11688311688311688,0.03825717321997875,0.057646116893514815,,,,,,,,,,
2026-02-18T11:38:03.829294,4,PrivFed (DP + Personalization),federated,25,0.001,512,adam,1e-5,5,1.0,FedAvg,True,1.1,1.0,True,,,,,,0.11688311688311688,0.03825717321997875,0.057646116893514815,,,bank_A,0.3969827849384419,0.021734434642412953,0.9659828057835091,0.058712121212121215,0.02431372549019608,0.03438713255684969,0.6846445035934449
2026-02-18T11:38:03.829294,4,PrivFed (DP + Personalization),federated,25,0.001,512,adam,1e-5,5,1.0,FedAvg,True,1.1,1.0,True,,,,,,0.11688311688311688,0.03825717321997875,0.057646116893514815,,,bank_B,0.41479811445457554,0.02548472502260172,0.9664133174420195,0.0625,0.026252983293556086,0.03697478991596639,0.6850562834739685
2026-02-18T11:38:03.829294,4,PrivFed (DP + Personalization),federated,25,0.001,512,adam,1e-5,5,1.0,FedAvg,True,1.1,1.0,True,,,,,,0.11688311688311688,0.03825717321997875,0.057646116893514815,,,bank_C,0.30125498959972996,0.04597604866112627,0.9366776733553467,0.1187648456057007,0.02302025782688766,0.03856536829926726,0.6942549154355928
2026-02-18T11:38:04.625503,4,PrivFed (DP + Personalization),federated,26,0.001,512,adam,1e-5,5,1.0,FedAvg,True,1.1,1.0,True,0.6973096707037517,0.6973096707037517,0.9575969238367376,0.3443235550473639,0.029033163496669,0.03558718861209965,0.010626992561105207,0.016366612111292964,,,,,,,,,,
2026-02-18T11:38:04.625503,4,PrivFed (DP + Personalization),federated,26,0.001,512,adam,1e-5,5,1.0,FedAvg,True,1.1,1.0,True,,,,,,0.03558718861209965,0.010626992561105207,0.016366612111292964,,,bank_A,0.3983246285589679,0.021421021590034936,0.9657288003126221,0.018108651911468814,0.007058823529411765,0.010158013544018058,0.6933091312646866
2026-02-18T11:38:04.625503,4,PrivFed (DP + Personalization),federated,26,0.001,512,adam,1e-5,5,1.0,FedAvg,True,1.1,1.0,True,,,,,,0.03558718861209965,0.010626992561105207,0.016366612111292964,,,bank_B,0.40763748487199347,0.021357500341206877,0.9658662394247866,0.01195219123505976,0.00477326968973747,0.006822057987492893,0.6943801236152649
2026-02-18T11:38:04.625503,4,PrivFed (DP + Personalization),federated,26,0.001,512,adam,1e-5,5,1.0,FedAvg,True,1.1,1.0,True,,,,,,0.03558718861209965,0.010626992561105207,0.016366612111292964,,,bank_C,0.3034868617067572,0.04811729589745728,0.9363728727457455,0.08478802992518704,0.01565377532228361,0.026428293820443063,0.7016332312063738
2026-02-18T11:38:05.544520,4,PrivFed (DP + Personalization),federated,27,0.001,512,adam,1e-5,5,1.0,FedAvg,True,1.1,1.0,True,0.6919790123190198,0.6919790123190198,0.9582671887677708,0.35315579335505465,0.032768622847886425,0.10197368421052631,0.03294367693942614,0.04979919678714859,,,,,,,,,,
2026-02-18T11:38:05.544520,4,PrivFed (DP + Personalization),federated,27,0.001,512,adam,1e-5,5,1.0,FedAvg,True,1.1,1.0,True,,,,,,0.10197368421052631,0.03294367693942614,0.04979919678714859,,,bank_A,0.399166612642452,0.021906374624974054,0.9661195779601407,0.05263157894736842,0.021176470588235293,0.030201342281879196,0.6881402599811554
2026-02-18T11:38:05.544520,4,PrivFed (DP + Personalization),federated,27,0.001,512,adam,1e-5,5,1.0,FedAvg,True,1.1,1.0,True,,,,,,0.10197368421052631,0.03294367693942614,0.04979919678714859,,,bank_B,0.4049880161520929,0.024376201067213783,0.9663156249389422,0.05860113421550094,0.024661893396976928,0.03471444568868981,0.6886413031816483
2026-02-18T11:38:05.544520,4,PrivFed (DP + Personalization),federated,27,0.001,512,adam,1e-5,5,1.0,FedAvg,True,1.1,1.0,True,,,,,,0.10197368421052631,0.03294367693942614,0.04979919678714859,,,bank_C,0.3069564857592989,0.05073001213626261,0.9368808737617476,0.1351981351981352,0.026703499079189688,0.04459823144944252,0.6959469473207152
2026-02-18T11:38:06.282049,4,PrivFed (DP + Personalization),federated,28,0.001,512,adam,1e-5,5,1.0,FedAvg,True,1.1,1.0,True,0.7040063068270683,0.7040063068270683,0.9584435742759375,0.40035907105675805,0.038803033542568297,0.11400651465798045,0.03719447396386823,0.05608974358974359,,,,,,,,,,
2026-02-18T11:38:06.282049,4,PrivFed (DP + Personalization),federated,28,0.001,512,adam,1e-5,5,1.0,FedAvg,True,1.1,1.0,True,,,,,,0.11400651465798045,0.03719447396386823,0.05608974358974359,,,bank_A,0.437175401891044,0.024121249999930913,0.965748339194998,0.04038461538461539,0.01647058823529412,0.0233983286908078,0.703356471657753
2026-02-18T11:38:06.282049,4,PrivFed (DP + Personalization),federated,28,0.001,512,adam,1e-5,5,1.0,FedAvg,True,1.1,1.0,True,,,,,,0.11400651465798045,0.03719447396386823,0.05608974358974359,,,bank_B,0.4386732750248158,0.02641072767465548,0.9664133174420195,0.06415094339622641,0.027048528241845664,0.038052602126468944,0.6993791460990906
2026-02-18T11:38:06.282049,4,PrivFed (DP + Personalization),federated,28,0.001,512,adam,1e-5,5,1.0,FedAvg,True,1.1,1.0,True,,,,,,0.11400651465798045,0.03719447396386823,0.05608974358974359,,,bank_C,0.3659449898145972,0.06408356241781221,0.9374142748285497,0.1726457399103139,0.035451197053407,0.058823529411764705,0.7098759977848499
2026-02-18T11:38:07.374889,4,PrivFed (DP + Personalization),federated,29,0.001,512,adam,1e-5,5,1.0,FedAvg,True,1.1,1.0,True,0.6872403004339763,0.6872403004339763,0.9589021765971708,0.3834318454432165,0.04018679880305605,0.14102564102564102,0.04675876726886291,0.07023144453312051,,,,,,,,,,
2026-02-18T11:38:07.374889,4,PrivFed (DP + Personalization),federated,29,0.001,512,adam,1e-5,5,1.0,FedAvg,True,1.1,1.0,True,,,,,,0.14102564102564102,0.04675876726886291,0.07023144453312051,,,bank_A,0.42096360339547106,0.022970202062789,0.9653966393122313,0.004,0.001568627450980392,0.0022535211267605635,0.6835301262140274
2026-02-18T11:38:07.374889,4,PrivFed (DP + Personalization),federated,29,0.001,512,adam,1e-5,5,1.0,FedAvg,True,1.1,1.0,True,,,,,,0.14102564102564102,0.04675876726886291,0.07023144453312051,,,bank_B,0.4403351009206229,0.02998321935987774,0.966432855942635,0.06261859582542695,0.026252983293556086,0.03699551569506727,0.681269000172615
2026-02-18T11:38:07.374889,4,PrivFed (DP + Personalization),federated,29,0.001,512,adam,1e-5,5,1.0,FedAvg,True,1.1,1.0,True,,,,,,0.14102564102564102,0.04675876726886291,0.07023144453312051,,,bank_C,0.3654449158982686,0.0696081748297792,0.9383032766065532,0.23395445134575568,0.05202578268876611,0.08512241054613937,0.69619503655991
2026-02-18T11:38:08.071287,4,PrivFed (DP + Personalization),federated,30,0.001,512,adam,1e-5,5,1.0,FedAvg,True,1.1,1.0,True,0.702174781688622,0.702174781688622,0.9579849719547042,0.45513420698074675,0.04572012414278568,0.08053691275167785,0.025504782146652496,0.0387409200968523,,,,,,,,,,
2026-02-18T11:38:08.071287,4,PrivFed (DP + Personalization),federated,30,0.001,512,adam,1e-5,5,1.0,FedAvg,True,1.1,1.0,True,,,,,,0.08053691275167785,0.025504782146652496,0.0387409200968523,,,bank_A,0.45148590164449715,0.025271489463481855,0.9655529503712388,0.017786561264822136,0.007058823529411765,0.010106681639528355,0.6994964987039566
2026-02-18T11:38:08.071287,4,PrivFed (DP + Personalization),federated,30,0.001,512,adam,1e-5,5,1.0,FedAvg,True,1.1,1.0,True,,,,,,0.08053691275167785,0.025504782146652496,0.0387409200968523,,,bank_B,0.44084300101149765,0.026147917523978114,0.9663351634395576,0.05534351145038168,0.023070803500397773,0.03256597417181359,0.6949493426084519
2026-02-18T11:38:08.071287,4,PrivFed (DP + Personalization),federated,30,0.001,512,adam,1e-5,5,1.0,FedAvg,True,1.1,1.0,True,,,,,,0.08053691275167785,0.025504782146652496,0.0387409200968523,,,bank_C,0.46555293003237774,0.07981431917476474,0.9370840741681483,0.14942528735632185,0.02992633517495396,0.04986574606827771,0.7127938820170118
2026-02-18T11:38:08.962759,4,PrivFed (DP + Personalization),federated,31,0.001,512,adam,1e-5,5,1.0,FedAvg,True,1.1,1.0,True,0.6934737499271121,0.6934737499271121,0.9584435742759375,0.3853190420459912,0.03647329104355582,0.11650485436893204,0.03825717321997875,0.0576,,,,,,,,,,
2026-02-18T11:38:08.962759,4,PrivFed (DP + Personalization),federated,31,0.001,512,adam,1e-5,5,1.0,FedAvg,True,1.1,1.0,True,,,,,,0.11650485436893204,0.03825717321997875,0.0576,,,bank_A,0.41579818125025786,0.02277669269905573,0.965748339194998,0.04038461538461539,0.01647058823529412,0.0233983286908078,0.6876427811384201
2026-02-18T11:38:08.962759,4,PrivFed (DP + Personalization),federated,31,0.001,512,adam,1e-5,5,1.0,FedAvg,True,1.1,1.0,True,,,,,,0.11650485436893204,0.03825717321997875,0.0576,,,bank_B,0.41579221896997043,0.02686166365054979,0.9663742404407886,0.05725190839694656,0.02386634844868735,0.033688938798427846,0.6859946119785308
2026-02-18T11:38:08.962759,4,PrivFed (DP + Personalization),federated,31,0.001,512,adam,1e-5,5,1.0,FedAvg,True,1.1,1.0,True,,,,,,0.11650485436893204,0.03825717321997875,0.0576,,,bank_C,0.3538269696473711,0.04892146169869011,0.9364744729489459,0.09975669099756691,0.018876611418047883,0.031746031746031744,0.7090340821773975
2026-02-18T11:38:09.680063,4,PrivFed (DP + Personalization),federated,32,0.001,512,adam,1e-5,5,1.0,FedAvg,True,1.1,1.0,True,0.7010707014373371,0.7010707014373371,0.9586905139873708,0.3956393540110015,0.03825628030642306,0.11666666666666667,0.03719447396386823,0.05640612409347301,,,,,,,,,,
2026-02-18T11:38:09.680063,4,PrivFed (DP + Personalization),federated,32,0.001,512,adam,1e-5,5,1.0,FedAvg,True,1.1,1.0,True,,,,,,0.11666666666666667,0.03719447396386823,0.05640612409347301,,,bank_A,0.4156260502798454,0.022424326956044887,0.965748339194998,0.03861003861003861,0.01568627450980392,0.022308979364194088,0.6940724915266037
2026-02-18T11:38:09.680063,4,PrivFed (DP + Personalization),federated,32,0.001,512,adam,1e-5,5,1.0,FedAvg,True,1.1,1.0,True,,,,,,0.11666666666666667,0.03719447396386823,0.05640612409347301,,,bank_B,0.4249805049737655,0.02820887021719646,0.9663351634395576,0.058712121212121215,0.024661893396976928,0.03473389355742297,0.691984172463417
2026-02-18T11:38:09.680063,4,PrivFed (DP + Personalization),federated,32,0.001,512,adam,1e-5,5,1.0,FedAvg,True,1.1,1.0,True,,,,,,0.11666666666666667,0.03719447396386823,0.05640612409347301,,,bank_C,0.3692317538805082,0.05512175645017017,0.9369062738125477,0.1372093023255814,0.02716390423572744,0.045349730976172176,0.7196755734356967
2026-02-18T11:38:10.389916,4,PrivFed (DP + Personalization),federated,33,0.001,512,adam,1e-5,5,1.0,FedAvg,True,1.1,1.0,True,0.7007033995219639,0.7007033995219639,0.9580908032596042,0.35032687909432547,0.028859699854685644,0.08417508417508418,0.026567481402763018,0.04038772213247173,,,,,,,,,,
2026-02-18T11:38:10.389916,4,PrivFed (DP + Personalization),federated,33,0.001,512,adam,1e-5,5,1.0,FedAvg,True,1.1,1.0,True,,,,,,0.08417508417508418,0.026567481402763018,0.04038772213247173,,,bank_A,0.4245400221204602,0.02242769100006871,0.9655334114888628,0.01002004008016032,0.00392156862745098,0.005636978579481398,0.6997575879096984
2026-02-18T11:38:10.389916,4,PrivFed (DP + Personalization),federated,33,0.001,512,adam,1e-5,5,1.0,FedAvg,True,1.1,1.0,True,,,,,,0.08417508417508418,0.026567481402763018,0.04038772213247173,,,bank_B,0.43613814876097745,0.02372341375726783,0.9663156249389422,0.05353728489483748,0.022275258552108195,0.03146067415730337,0.6970648139715194
2026-02-18T11:38:10.389916,4,PrivFed (DP + Personalization),federated,33,0.001,512,adam,1e-5,5,1.0,FedAvg,True,1.1,1.0,True,,,,,,0.08417508417508418,0.026567481402763018,0.04038772213247173,,,bank_C,0.3094769248866525,0.04495478480720934,0.935991871983744,0.05612244897959184,0.010128913443830571,0.0171606864274571,0.7028091766617515
2026-02-18T11:38:11.189604,4,PrivFed (DP + Personalization),federated,34,0.001,512,adam,1e-5,5,1.0,FedAvg,True,1.1,1.0,True,0.6988799242036683,0.6988799242036683,0.9580555261579708,0.3619252336825488,0.03166603698275608,0.08108108108108109,0.025504782146652496,0.038803556992724336,,,,,,,,,,
2026-02-18T11:38:11.189604,4,PrivFed (DP + Personalization),federated,34,0.001,512,adam,1e-5,5,1.0,FedAvg,True,1.1,1.0,True,,,,,,0.08108108108108109,0.025504782146652496,0.038803556992724336,,,bank_A,0.41862012333237075,0.022207031971476665,0.9653966393122313,0.004,0.001568627450980392,0.0022535211267605635,0.693290433883667
2026-02-18T11:38:11.189604,4,PrivFed (DP + Personalization),federated,34,0.001,512,adam,1e-5,5,1.0,FedAvg,True,1.1,1.0,True,,,,,,0.08108108108108109,0.025504782146652496,0.038803556992724336,,,bank_B,0.4379672296799648,0.025034713073691373,0.9663351634395576,0.058712121212121215,0.024661893396976928,0.03473389355742297,0.6920345163345337
2026-02-18T11:38:11.189604,4,PrivFed (DP + Personalization),federated,34,0.001,512,adam,1e-5,5,1.0,FedAvg,True,1.1,1.0,True,,,,,,0.08108108108108109,0.025504782146652496,0.038803556992724336,,,bank_C,0.32407232408285086,0.04616830257088133,0.9363220726441452,0.08020050125313283,0.014732965009208104,0.024893037728510307,0.7088395016533988
2026-02-18T11:38:12.015118,4,PrivFed (DP + Personalization),federated,35,0.001,512,adam,1e-5,5,1.0,FedAvg,True,1.1,1.0,True,0.6983794122934341,0.6983794122934341,0.9584435742759375,0.4089912244136523,0.036289278729482344,0.11400651465798045,0.03719447396386823,0.05608974358974359,,,,,,,,,,
2026-02-18T11:38:12.015118,4,PrivFed (DP + Personalization),federated,35,0.001,512,adam,1e-5,5,1.0,FedAvg,True,1.1,1.0,True,,,,,,0.11400651465798045,0.03719447396386823,0.05608974358974359,,,bank_A,0.4562241906681518,0.025712297767211317,0.9657288003126221,0.038535645472061654,0.01568627450980392,0.022296544035674472,0.6956426221132278
2026-02-18T11:38:12.015118,4,PrivFed (DP + Personalization),federated,35,0.001,512,adam,1e-5,5,1.0,FedAvg,True,1.1,1.0,True,,,,,,0.11400651465798045,0.03719447396386823,0.05608974358974359,,,bank_B,0.4519959758084476,0.02735952305004515,0.9663547019401731,0.062146892655367235,0.026252983293556086,0.03691275167785235,0.6921800100803375
2026-02-18T11:38:12.015118,4,PrivFed (DP + Personalization),federated,35,0.001,512,adam,1e-5,5,1.0,FedAvg,True,1.1,1.0,True,,,,,,0.11400651465798045,0.03719447396386823,0.05608974358974359,,,bank_C,0.3499604352082534,0.046438232197332875,0.9364744729489459,0.1016949152542373,0.019337016574585635,0.03249516441005803,0.7106247652660717
2026-02-18T11:38:12.742169,4,PrivFed (DP + Personalization),federated,36,0.001,512,adam,1e-5,5,1.0,FedAvg,True,1.1,1.0,True,0.7255326988441604,0.7255326988441604,0.9583377429710375,0.5215469389600532,0.04917438589356982,0.10784313725490197,0.03506907545164718,0.05292702485966319,,,,,,,,,,
2026-02-18T11:38:12.742169,4,PrivFed (DP + Personalization),federated,36,0.001,512,adam,1e-5,5,1.0,FedAvg,True,1.1,1.0,True,,,,,,0.10784313725490197,0.03506907545164718,0.05292702485966319,,,bank_A,0.4975857030318389,0.028923518717459767,0.9658069558421258,0.045889101338432124,0.018823529411764704,0.026696329254727477,0.7178117197751999
2026-02-18T11:38:12.742169,4,PrivFed (DP + Personalization),federated,36,0.001,512,adam,1e-5,5,1.0,FedAvg,True,1.1,1.0,True,,,,,,0.10784313725490197,0.03506907545164718,0.05292702485966319,,,bank_B,0.49405900469110825,0.029185455846768266,0.9665305484457123,0.05813953488372093,0.02386634844868735,0.0338409475465313,0.71208731174469
2026-02-18T11:38:12.742169,4,PrivFed (DP + Personalization),federated,36,0.001,512,adam,1e-5,5,1.0,FedAvg,True,1.1,1.0,True,,,,,,0.10784313725490197,0.03506907545164718,0.05292702485966319,,,bank_C,0.5036836682639129,0.07039695006057956,0.93749047498095,0.15676959619952494,0.03038674033149171,0.05090628615503278,0.7521989453922618
2026-02-18T11:38:13.597057,4,PrivFed (DP + Personalization),federated,37,0.001,512,adam,1e-5,5,1.0,FedAvg,True,1.1,1.0,True,0.7184983938932419,0.7184983938932419,0.9577733093449042,0.40869427663202423,0.03224915601468525,0.04285714285714286,0.012752391073326248,0.019656019656019656,,,,,,,,,,
2026-02-18T11:38:13.597057,4,PrivFed (DP + Personalization),federated,37,0.001,512,adam,1e-5,5,1.0,FedAvg,True,1.1,1.0,True,,,,,,0.04285714285714286,0.012752391073326248,0.019656019656019656,,,bank_A,0.45899489029155394,0.025371020028546746,0.9659828057835091,0.04133858267716536,0.01647058823529412,0.023555804823331465,0.7100805622339249
2026-02-18T11:38:13.597057,4,PrivFed (DP + Personalization),federated,37,0.001,512,adam,1e-5,5,1.0,FedAvg,True,1.1,1.0,True,,,,,,0.04285714285714286,0.012752391073326248,0.019656019656019656,,,bank_B,0.4618657112988353,0.024514088561421954,0.9658271624235556,0.0099601593625498,0.003977724741447892,0.005685048322910745,0.7062539672851562
2026-02-18T11:38:13.597057,4,PrivFed (DP + Personalization),federated,37,0.001,512,adam,1e-5,5,1.0,FedAvg,True,1.1,1.0,True,,,,,,0.04285714285714286,0.012752391073326248,0.019656019656019656,,,bank_C,0.3485042637295001,0.04493827253475745,0.9357886715773431,0.036458333333333336,0.006445672191528545,0.010954616588419406,0.7415452955605147
2026-02-18T11:38:14.490352,4,PrivFed (DP + Personalization),federated,38,0.001,512,adam,1e-5,5,1.0,FedAvg,True,1.1,1.0,True,0.6954327119248254,0.6954327119248254,0.9580908032596042,0.3909316963489072,0.03604086372567859,0.08970099667774087,0.028692879914984058,0.043478260869565216,,,,,,,,,,
2026-02-18T11:38:14.490352,4,PrivFed (DP + Personalization),federated,38,0.001,512,adam,1e-5,5,1.0,FedAvg,True,1.1,1.0,True,,,,,,0.08970099667774087,0.028692879914984058,0.043478260869565216,,,bank_A,0.4415542236131002,0.02450404940947076,0.9657874169597499,0.044061302681992334,0.01803921568627451,0.025598219254312743,0.6899606466293335
2026-02-18T11:38:14.490352,4,PrivFed (DP + Personalization),federated,38,0.001,512,adam,1e-5,5,1.0,FedAvg,True,1.1,1.0,True,,,,,,0.08970099667774087,0.028692879914984058,0.043478260869565216,,,bank_B,0.45688599415742004,0.029004489895723833,0.9662570094370958,0.054924242424242424,0.023070803500397773,0.032492997198879554,0.6867925709486008
2026-02-18T11:38:14.490352,4,PrivFed (DP + Personalization),federated,38,0.001,512,adam,1e-5,5,1.0,FedAvg,True,1.1,1.0,True,,,,,,0.08970099667774087,0.028692879914984058,0.043478260869565216,,,bank_C,0.34239946438634056,0.04737452615946352,0.9364236728473457,0.08728179551122195,0.016114180478821363,0.027205596579867857,0.7129078174566293
2026-02-18T11:38:15.242295,4,PrivFed (DP + Personalization),federated,39,0.001,512,adam,1e-5,5,1.0,FedAvg,True,1.1,1.0,True,0.7003088189022881,0.7003088189022881,0.9583024658694042,0.4193335418456347,0.040099259580129804,0.09698996655518395,0.030818278427205102,0.0467741935483871,,,,,,,,,,
2026-02-18T11:38:15.242295,4,PrivFed (DP + Personalization),federated,39,0.001,512,adam,1e-5,5,1.0,FedAvg,True,1.1,1.0,True,,,,,,0.09698996655518395,0.030818278427205102,0.0467741935483871,,,bank_A,0.4183372721897094,0.023090302947195454,0.9657874169597499,0.018218623481781375,0.007058823529411765,0.010175240248728096,0.699338698387146
2026-02-18T11:38:15.242295,4,PrivFed (DP + Personalization),federated,39,0.001,512,adam,1e-5,5,1.0,FedAvg,True,1.1,1.0,True,,,,,,0.09698996655518395,0.030818278427205102,0.0467741935483871,,,bank_B,0.4338094858839374,0.026714443737779557,0.9665110099450969,0.058027079303675046,0.02386634844868735,0.033821871476888386,0.6945350950956345
2026-02-18T11:38:15.242295,4,PrivFed (DP + Personalization),federated,39,0.001,512,adam,1e-5,5,1.0,FedAvg,True,1.1,1.0,True,,,,,,0.09698996655518395,0.030818278427205102,0.0467741935483871,,,bank_C,0.39604478453216907,0.05908748781022009,0.9366014732029464,0.11057692307692307,0.02117863720073665,0.03554868624420402,0.7090157193022889
2026-02-18T11:38:16.011078,4,PrivFed (DP + Personalization),federated,40,0.001,512,adam,1e-5,5,1.0,FedAvg,True,1.1,1.0,True,0.7008373886346817,0.7008373886346817,0.9584788513775708,0.49201397368479627,0.049102644550473466,0.12179487179487179,0.040382571732199786,0.060654429369513166,,,,,,,,,,
2026-02-18T11:38:16.011078,4,PrivFed (DP + Personalization),federated,40,0.001,512,adam,1e-5,5,1.0,FedAvg,True,1.1,1.0,True,,,,,,0.12179487179487179,0.040382571732199786,0.060654429369513166,,,bank_A,0.4403521671568136,0.02494085533547139,0.9660023446658851,0.05714285714285714,0.023529411764705882,0.03333333333333333,0.6946340525150299
2026-02-18T11:38:16.011078,4,PrivFed (DP + Personalization),federated,40,0.001,512,adam,1e-5,5,1.0,FedAvg,True,1.1,1.0,True,,,,,,0.12179487179487179,0.040382571732199786,0.060654429369513166,,,bank_B,0.47282007872331894,0.031035615451263942,0.9664133174420195,0.05747126436781609,0.02386634844868735,0.03372681281618887,0.6903384613990784
2026-02-18T11:38:16.011078,4,PrivFed (DP + Personalization),federated,40,0.001,512,adam,1e-5,5,1.0,FedAvg,True,1.1,1.0,True,,,,,,0.12179487179487179,0.040382571732199786,0.060654429369513166,,,bank_C,0.4908885562076497,0.07295743763828608,0.9364744729489459,0.09382716049382717,0.017495395948434623,0.029491656965463717,0.7225700996138833
2026-02-18T11:38:16.735935,4,PrivFed (DP + Personalization),federated,41,0.001,512,adam,1e-5,5,1.0,FedAvg,True,1.1,1.0,True,0.7050300485321453,0.7050300485321453,0.9584082971743042,0.44669566295705554,0.043147548852217485,0.11612903225806452,0.03825717321997875,0.05755395683453238,,,,,,,,,,
2026-02-18T11:38:16.735935,4,PrivFed (DP + Personalization),federated,41,0.001,512,adam,1e-5,5,1.0,FedAvg,True,1.1,1.0,True,,,,,,0.11612903225806452,0.03825717321997875,0.05755395683453238,,,bank_A,0.4401345379750939,0.025237697708262896,0.9661586557248926,0.06309751434034416,0.02588235294117647,0.03670745272525028,0.6938239097595215
2026-02-18T11:38:16.735935,4,PrivFed (DP + Personalization),federated,41,0.001,512,adam,1e-5,5,1.0,FedAvg,True,1.1,1.0,True,,,,,,0.11612903225806452,0.03825717321997875,0.05755395683453238,,,bank_B,0.469113920302854,0.031589984341214655,0.9662570094370958,0.054924242424242424,0.023070803500397773,0.032492997198879554,0.6883556765317916
2026-02-18T11:38:16.735935,4,PrivFed (DP + Personalization),federated,41,0.001,512,adam,1e-5,5,1.0,FedAvg,True,1.1,1.0,True,,,,,,0.11612903225806452,0.03825717321997875,0.05755395683453238,,,bank_C,0.4379844353896528,0.05860438057779404,0.9364490728981458,0.09951456310679611,0.018876611418047883,0.03173374613003096,0.7406610180805255
2026-02-18T11:38:17.569099,4,PrivFed (DP + Personalization),federated,42,0.001,512,adam,1e-5,5,1.0,FedAvg,True,1.1,1.0,True,0.7175594451172012,0.7175594451172012,0.9585141284792041,0.48614878968380604,0.04692642969702651,0.07272727272727272,0.021253985122210415,0.03289473684210526,,,,,,,,,,
2026-02-18T11:38:17.569099,4,PrivFed (DP + Personalization),federated,42,0.001,512,adam,1e-5,5,1.0,FedAvg,True,1.1,1.0,True,,,,,,0.07272727272727272,0.021253985122210415,0.03289473684210526,,,bank_A,0.4550907980064082,0.026293081736293966,0.9664712778429074,0.061630218687872766,0.02431372549019608,0.03487064116985377,0.7028951299190521
2026-02-18T11:38:17.569099,4,PrivFed (DP + Personalization),federated,42,0.001,512,adam,1e-5,5,1.0,FedAvg,True,1.1,1.0,True,,,,,,0.07272727272727272,0.021253985122210415,0.03289473684210526,,,bank_B,0.46876535548034604,0.03107675388650086,0.9667454719524824,0.0745697896749522,0.031026252983293555,0.043820224719101124,0.6963077920675278
2026-02-18T11:38:17.569099,4,PrivFed (DP + Personalization),federated,42,0.001,512,adam,1e-5,5,1.0,FedAvg,True,1.1,1.0,True,,,,,,0.07272727272727272,0.021253985122210415,0.03289473684210526,,,bank_C,0.5043265682812111,0.0659862210481603,0.9363220726441452,0.08641975308641975,0.016114180478821363,0.02716336825766395,0.7628136362348285
2026-02-18T11:38:18.371075,4,PrivFed (DP + Personalization),federated,43,0.001,512,adam,1e-5,5,1.0,FedAvg,True,1.1,1.0,True,0.7150132943476949,0.7150132943476949,0.9601721522559706,0.6022133777263416,0.09841641550559202,0.23743016759776536,0.09032943676939426,0.1308698999230177,,,,,,,,,,
2026-02-18T11:38:18.371075,4,PrivFed (DP + Personalization),federated,43,0.001,512,adam,1e-5,5,1.0,FedAvg,True,1.1,1.0,True,,,,,,0.23743016759776536,0.09032943676939426,0.1308698999230177,,,bank_A,0.4874710263225619,0.029268335120093882,0.9659632669011332,0.056925996204933584,0.023529411764705882,0.033296337402885685,0.7065458977222443
2026-02-18T11:38:18.371075,4,PrivFed (DP + Personalization),federated,43,0.001,512,adam,1e-5,5,1.0,FedAvg,True,1.1,1.0,True,,,,,,0.23743016759776536,0.09032943676939426,0.1308698999230177,,,bank_B,0.4973015467201474,0.0343758003267694,0.9667650104530978,0.09191176470588236,0.03977724741447892,0.0555247084952804,0.6988709104061127
2026-02-18T11:38:18.371075,4,PrivFed (DP + Personalization),federated,43,0.001,512,adam,1e-5,5,1.0,FedAvg,True,1.1,1.0,True,,,,,,0.23743016759776536,0.09032943676939426,0.1308698999230177,,,bank_C,0.6567434242934901,0.16317576854099233,0.940741681483363,0.36048526863084923,0.09576427255985268,0.1513277555474718,0.7467994620273639
2026-02-18T11:38:19.002672,4,PrivFed (DP + Personalization),federated,44,0.001,512,adam,1e-5,5,1.0,FedAvg,True,1.1,1.0,True,0.7178960506405149,0.7178960506405149,0.9611246340000705,0.6074169823885691,0.10419402883469603,0.2653061224489796,0.09670563230605739,0.14174454828660435,,,,,,,,,,
2026-02-18T11:38:19.002672,4,PrivFed (DP + Personalization),federated,44,0.001,512,adam,1e-5,5,1.0,FedAvg,True,1.1,1.0,True,,,,,,0.2653061224489796,0.09670563230605739,0.14174454828660435,,,bank_A,0.5216994171278371,0.03934091322727677,0.9664908167252834,0.10431654676258993,0.04549019607843137,0.06335335882031677,0.70893688082695
2026-02-18T11:38:19.002672,4,PrivFed (DP + Personalization),federated,44,0.001,512,adam,1e-5,5,1.0,FedAvg,True,1.1,1.0,True,,,,,,0.2653061224489796,0.09670563230605739,0.14174454828660435,,,bank_B,0.5238786981669576,0.04339471849757609,0.9673316269709462,0.14038128249566725,0.06443914081145585,0.08833151581243184,0.7018317776918411
2026-02-18T11:38:19.002672,4,PrivFed (DP + Personalization),federated,44,0.001,512,adam,1e-5,5,1.0,FedAvg,True,1.1,1.0,True,,,,,,0.2653061224489796,0.09670563230605739,0.14174454828660435,,,bank_C,0.623969534342972,0.1483430365811673,0.9402082804165608,0.3363309352517986,0.08609576427255985,0.13709677419354838,0.7515009138491247
2026-02-18T11:38:19.778162,4,PrivFed (DP + Personalization),federated,45,0.001,512,adam,1e-5,5,1.0,FedAvg,True,1.1,1.0,True,0.69366497865745,0.69366497865745,0.9585141284792041,0.40739599285681216,0.038671065996997024,0.10963455149501661,0.03506907545164718,0.05314009661835749,,,,,,,,,,
2026-02-18T11:38:19.778162,4,PrivFed (DP + Personalization),federated,45,0.001,512,adam,1e-5,5,1.0,FedAvg,True,1.1,1.0,True,,,,,,0.10963455149501661,0.03506907545164718,0.05314009661835749,,,bank_A,0.4243874027318572,0.023648629708304406,0.9659632669011332,0.05353728489483748,0.02196078431372549,0.03114571746384872,0.6896373867988587
2026-02-18T11:38:19.778162,4,PrivFed (DP + Personalization),federated,45,0.001,512,adam,1e-5,5,1.0,FedAvg,True,1.1,1.0,True,,,,,,0.10963455149501661,0.03506907545164718,0.05314009661835749,,,bank_B,0.4549804963688005,0.028063891500149152,0.9662960864383268,0.056818181818181816,0.02386634844868735,0.03361344537815126,0.686536099910736
2026-02-18T11:38:19.778162,4,PrivFed (DP + Personalization),federated,45,0.001,512,adam,1e-5,5,1.0,FedAvg,True,1.1,1.0,True,,,,,,0.10963455149501661,0.03506907545164718,0.05314009661835749,,,bank_C,0.39106157141064923,0.058645129340461066,0.9363728727457455,0.09090909090909091,0.01703499079189687,0.02869329197363319,0.7072245919859255
2026-02-18T11:38:20.472478,4,PrivFed (DP + Personalization),federated,46,0.001,512,adam,1e-5,5,1.0,FedAvg,True,1.1,1.0,True,0.7001192058835711,0.7001192058835711,0.9602779835608707,0.5621543929930561,0.08567004510569967,0.24089635854341737,0.09139213602550478,0.1325115562403698,,,,,,,,,,
2026-02-18T11:38:20.472478,4,PrivFed (DP + Personalization),federated,46,0.001,512,adam,1e-5,5,1.0,FedAvg,True,1.1,1.0,True,,,,,,0.24089635854341737,0.09139213602550478,0.1325115562403698,,,bank_A,0.4946324447823413,0.03202288009442246,0.9661977334896444,0.07476635514018691,0.03137254901960784,0.04419889502762431,0.6939467358589172
2026-02-18T11:38:20.472478,4,PrivFed (DP + Personalization),federated,46,0.001,512,adam,1e-5,5,1.0,FedAvg,True,1.1,1.0,True,,,,,,0.24089635854341737,0.09139213602550478,0.1325115562403698,,,bank_B,0.506240129388078,0.04258518987223087,0.9671557804654071,0.12937062937062938,0.0588703261734288,0.08091853471842538,0.6880836862325669
2026-02-18T11:38:20.472478,4,PrivFed (DP + Personalization),federated,46,0.001,512,adam,1e-5,5,1.0,FedAvg,True,1.1,1.0,True,,,,,,0.24089635854341737,0.09139213602550478,0.1325115562403698,,,bank_C,0.5810635623986993,0.12132893780323456,0.9392938785877571,0.2903846153846154,0.06952117863720074,0.11218424962852898,0.7246522771847712
2026-02-18T11:38:21.258026,4,PrivFed (DP + Personalization),federated,47,0.001,512,adam,1e-5,5,1.0,FedAvg,True,1.1,1.0,True,0.7040243744850159,0.7040243744850159,0.9590785621053374,0.5718835625016917,0.07314550250436945,0.1609907120743034,0.05526036131774708,0.08227848101265822,,,,,,,,,,
2026-02-18T11:38:21.258026,4,PrivFed (DP + Personalization),federated,47,0.001,512,adam,1e-5,5,1.0,FedAvg,True,1.1,1.0,True,,,,,,0.1609907120743034,0.05526036131774708,0.08227848101265822,,,bank_A,0.5150134589052533,0.03421162621636582,0.9669206721375537,0.06276150627615062,0.023529411764705882,0.034227039361095266,0.6981159460544586
2026-02-18T11:38:21.258026,4,PrivFed (DP + Personalization),federated,47,0.001,512,adam,1e-5,5,1.0,FedAvg,True,1.1,1.0,True,,,,,,0.1609907120743034,0.05526036131774708,0.08227848101265822,,,bank_B,0.5230855912920813,0.03925919099438105,0.9671557804654071,0.1267605633802817,0.057279236276849645,0.0789041095890411,0.6927264386415481
2026-02-18T11:38:21.258026,4,PrivFed (DP + Personalization),federated,47,0.001,512,adam,1e-5,5,1.0,FedAvg,True,1.1,1.0,True,,,,,,0.1609907120743034,0.05526036131774708,0.08227848101265822,,,bank_C,0.6053812300251394,0.10965434665491465,0.93751587503175,0.17272727272727273,0.034990791896869246,0.05819295558958652,0.7259591802374109
2026-02-18T11:38:21.973059,4,PrivFed (DP + Personalization),federated,48,0.001,512,adam,1e-5,5,1.0,FedAvg,True,1.1,1.0,True,0.7027678266167641,0.7027678266167641,0.9610540797968039,0.6216870333241485,0.11600636708917172,0.2849604221635884,0.11477151965993623,0.16363636363636364,,,,,,,,,,
2026-02-18T11:38:21.973059,4,PrivFed (DP + Personalization),federated,48,0.001,512,adam,1e-5,5,1.0,FedAvg,True,1.1,1.0,True,,,,,,0.2849604221635884,0.11477151965993623,0.16363636363636364,,,bank_A,0.5442407711907526,0.04121442719255597,0.9667643610785464,0.09962406015037593,0.04156862745098039,0.05866076369673492,0.7027216839790345
2026-02-18T11:38:21.973059,4,PrivFed (DP + Personalization),federated,48,0.001,512,adam,1e-5,5,1.0,FedAvg,True,1.1,1.0,True,,,,,,0.2849604221635884,0.11477151965993623,0.16363636363636364,,,bank_B,0.5529717581224655,0.04584225304116984,0.9672143959672534,0.13391304347826086,0.061256961018297536,0.08406113537117904,0.6967884278297425
2026-02-18T11:38:21.973059,4,PrivFed (DP + Personalization),federated,48,0.001,512,adam,1e-5,5,1.0,FedAvg,True,1.1,1.0,True,,,,,,0.2849604221635884,0.11477151965993623,0.16363636363636364,,,bank_C,0.6620690759726187,0.18568104698233437,0.9422148844297689,0.4178628389154705,0.12062615101289134,0.18720971775634154,0.7124895151559408
2026-02-18T11:38:22.778552,4,PrivFed (DP + Personalization),federated,49,0.001,512,adam,1e-5,5,1.0,FedAvg,True,1.1,1.0,True,0.6997858190110752,0.6997858190110752,0.9591843934102374,0.5549336528384958,0.0588095627045778,0.068,0.018065887353878853,0.028547439126784216,,,,,,,,,,
2026-02-18T11:38:22.778552,4,PrivFed (DP + Personalization),federated,49,0.001,512,adam,1e-5,5,1.0,FedAvg,True,1.1,1.0,True,,,,,,0.068,0.018065887353878853,0.028547439126784216,,,bank_A,0.4886009221442309,0.02947160267657606,0.9659241891363815,0.03564356435643564,0.01411764705882353,0.020224719101123594,0.6939214980602264
2026-02-18T11:38:22.778552,4,PrivFed (DP + Personalization),federated,49,0.001,512,adam,1e-5,5,1.0,FedAvg,True,1.1,1.0,True,,,,,,0.068,0.018065887353878853,0.028547439126784216,,,bank_B,0.50315392682478,0.03471500416277566,0.9667259334518669,0.09601449275362318,0.042163882259347654,0.058595909342177996,0.6901357823610306
2026-02-18T11:38:22.778552,4,PrivFed (DP + Personalization),federated,49,0.001,512,adam,1e-5,5,1.0,FedAvg,True,1.1,1.0,True,,,,,,0.068,0.018065887353878853,0.028547439126784216,,,bank_C,0.5913965007524811,0.08140615890913926,0.9362966725933451,0.06476683937823834,0.01151012891344383,0.019546520719311962,0.7205817784581866
2026-02-18T11:38:23.514099,4,PrivFed (DP + Personalization),federated,50,0.001,512,adam,1e-5,5,1.0,FedAvg,True,1.1,1.0,True,0.6857600722994123,0.6857600722994123,0.9587963452922708,0.4314094053731185,0.04478266802530155,0.13268608414239483,0.04357066950053135,0.0656,,,,,,,,,,
2026-02-18T11:38:23.514099,4,PrivFed (DP + Personalization),federated,50,0.001,512,adam,1e-5,5,1.0,FedAvg,True,1.1,1.0,True,,,,,,0.13268608414239483,0.04357066950053135,0.0656,,,bank_A,0.4395447664287637,0.02625795251818932,0.9659828057835091,0.058712121212121215,0.02431372549019608,0.03438713255684969,0.6811512637138367
2026-02-18T11:38:23.514099,4,PrivFed (DP + Personalization),federated,50,0.001,512,adam,1e-5,5,1.0,FedAvg,True,1.1,1.0,True,,,,,,0.13268608414239483,0.04357066950053135,0.0656,,,bank_B,0.47006503186354787,0.03528828731144999,0.9666282409487896,0.06382978723404255,0.026252983293556086,0.03720405862457723,0.6791130471229553
2026-02-18T11:38:23.514099,4,PrivFed (DP + Personalization),federated,50,0.001,512,adam,1e-5,5,1.0,FedAvg,True,1.1,1.0,True,,,,,,0.13268608414239483,0.04357066950053135,0.0656,,,bank_C,0.41196554731699564,0.05901975393579471,0.9401066802133604,0.1702127659574468,0.022099447513812154,0.039119804400977995,0.7003471448824004
2026-02-18T11:40:32.940192,7,Tuning Config 3,federated,0,0.002,512,adamw,0.0001,5,1.0,FedAvg,False,0.0,1.0,False,5.113723503691809,5.113723503691809,0.9668042473630366,0.7116852441924374,0.08155026103137193,0.0,0.0,0.0,,,,,,,,,,
2026-02-18T11:40:32.940192,7,Tuning Config 3,federated,0,0.002,512,adamw,0.0001,5,1.0,FedAvg,False,0.0,1.0,False,,,,,,0.0,0.0,0.0,,,bank_A,0.6221888018607904,0.041549308858057334,0.9750879249706916,0.0,0.0,0.0,4.325474696159363
2026-02-18T11:40:32.940192,7,Tuning Config 3,federated,0,0.002,512,adamw,0.0001,5,1.0,FedAvg,False,0.0,1.0,False,,,,,,0.0,0.0,0.0,,,bank_B,0.6172805974548298,0.03949049505145386,0.9754401047263633,0.0,0.0,0.0,3.7279859137535096
2026-02-18T11:40:32.940192,7,Tuning Config 3,federated,0,0.002,512,adamw,0.0001,5,1.0,FedAvg,False,0.0,1.0,False,,,,,,0.0,0.0,0.0,,,bank_C,0.7615897263531366,0.1390341687336657,0.9448310896621793,0.0,0.0,0.0,7.842866414553159
2026-02-18T11:40:33.191910,7,Tuning Config 3,federated,1,0.002,512,adamw,0.0001,5,1.0,FedAvg,False,0.0,1.0,False,2.2334178473268236,2.2334178473268236,0.9668042473630366,0.6949543810189799,0.08680371602692699,0.0,0.0,0.0,,,,,,,,,,
2026-02-18T11:40:33.191910,7,Tuning Config 3,federated,1,0.002,512,adamw,0.0001,5,1.0,FedAvg,False,0.0,1.0,False,,,,,,0.0,0.0,0.0,,,bank_A,0.5932162009779365,0.041682180105858335,0.9750879249706916,0.0,0.0,0.0,1.9477324390411377
2026-02-18T11:40:33.191910,7,Tuning Config 3,federated,1,0.002,512,adamw,0.0001,5,1.0,FedAvg,False,0.0,1.0,False,,,,,,0.0,0.0,0.0,,,bank_B,0.5751563856775903,0.03843270597963183,0.9754401047263633,0.0,0.0,0.0,1.7449413859844207
2026-02-18T11:40:33.191910,7,Tuning Config 3,federated,1,0.002,512,adamw,0.0001,5,1.0,FedAvg,False,0.0,1.0,False,,,,,,0.0,0.0,0.0,,,bank_C,0.7580449420685107,0.14125878706761436,0.9448310896621793,0.0,0.0,0.0,3.1968633075813195
2026-02-18T11:40:33.247882,7,Tuning Config 3,federated,2,0.002,512,adamw,0.0001,5,1.0,FedAvg,False,0.0,1.0,False,1.4097237374101366,1.4097237374101366,0.9595724415282041,0.6051095492248918,0.08560170847087792,0.20116618075801748,0.07332624867162593,0.10747663551401869,,,,,,,,,,
2026-02-18T11:40:33.247882,7,Tuning Config 3,federated,2,0.002,512,adamw,0.0001,5,1.0,FedAvg,False,0.0,1.0,False,,,,,,0.20116618075801748,0.07332624867162593,0.10747663551401869,,,bank_A,0.564350179065715,0.042692382415802116,0.9664322000781556,0.1009009009009009,0.04392156862745098,0.06120218579234973,1.3207939183712005
2026-02-18T11:40:33.247882,7,Tuning Config 3,federated,2,0.002,512,adamw,0.0001,5,1.0,FedAvg,False,0.0,1.0,False,,,,,,0.20116618075801748,0.07332624867162593,0.10747663551401869,,,bank_B,0.5470021194347469,0.03882685494591063,0.9668627029561752,0.1059245960502693,0.046937151949085126,0.06504961411245866,1.2247310543060304
2026-02-18T11:40:33.247882,7,Tuning Config 3,federated,2,0.002,512,adamw,0.0001,5,1.0,FedAvg,False,0.0,1.0,False,,,,,,0.20116618075801748,0.07332624867162593,0.10747663551401869,,,bank_C,0.6487762602238957,0.1349940499151009,0.9388874777749555,0.25826446280991733,0.05755064456721915,0.09412650602409639,1.751827066594904
2026-02-18T11:40:33.322819,7,Tuning Config 3,federated,3,0.002,512,adamw,0.0001,5,1.0,FedAvg,False,0.0,1.0,False,1.2604798067893301,1.2604798067893301,0.959995766747804,0.6123493090826237,0.09585156375009296,0.22816901408450704,0.08607863974495218,0.125,,,,,,,,,,
2026-02-18T11:40:33.322819,7,Tuning Config 3,federated,3,0.002,512,adamw,0.0001,5,1.0,FedAvg,False,0.0,1.0,False,,,,,,0.22816901408450704,0.08607863974495218,0.125,,,bank_A,0.5510701705790021,0.04176970179195062,0.9664322000781556,0.09945750452079566,0.043137254901960784,0.060175054704595186,1.1838686454296112
2026-02-18T11:40:33.322819,7,Tuning Config 3,federated,3,0.002,512,adamw,0.0001,5,1.0,FedAvg,False,0.0,1.0,False,,,,,,0.22816901408450704,0.08607863974495218,0.125,,,bank_B,0.5327334541342936,0.037976423116155136,0.9668822414567906,0.10892857142857143,0.04852824184566428,0.06714364336818933,1.1162495011091231
2026-02-18T11:40:33.322819,7,Tuning Config 3,federated,3,0.002,512,adamw,0.0001,5,1.0,FedAvg,False,0.0,1.0,False,,,,,,0.22816901408450704,0.08607863974495218,0.125,,,bank_C,0.6751149985588049,0.1604628633131315,0.9398018796037592,0.3159851301115242,0.07826887661141804,0.12546125461254612,1.5328915335915305
2026-02-18T11:40:33.381752,7,Tuning Config 3,federated,4,0.002,512,adamw,0.0001,5,1.0,FedAvg,False,0.0,1.0,False,0.9749371143324035,0.9749371143324035,0.9591843934102374,0.6557636719093836,0.07832873360505105,0.17073170731707318,0.05951115834218916,0.08825847123719464,,,,,,,,,,
2026-02-18T11:40:33.381752,7,Tuning Config 3,federated,4,0.002,512,adamw,0.0001,5,1.0,FedAvg,False,0.0,1.0,False,,,,,,0.17073170731707318,0.05951115834218916,0.08825847123719464,,,bank_A,0.5572054982898881,0.038225057712856655,0.9662758890191481,0.0847145488029466,0.03607843137254902,0.050605060506050605,0.9468827438354492
2026-02-18T11:40:33.381752,7,Tuning Config 3,federated,4,0.002,512,adamw,0.0001,5,1.0,FedAvg,False,0.0,1.0,False,,,,,,0.17073170731707318,0.05951115834218916,0.08825847123719464,,,bank_B,0.5436833437899592,0.03580766432390783,0.9667063949512514,0.08687615526802218,0.03739061256961018,0.05228031145717464,0.9105971896648407
2026-02-18T11:40:33.381752,7,Tuning Config 3,federated,4,0.002,512,adamw,0.0001,5,1.0,FedAvg,False,0.0,1.0,False,,,,,,0.17073170731707318,0.05951115834218916,0.08825847123719464,,,bank_C,0.7275789508574738,0.1306998577029372,0.9383540767081534,0.23711340206185566,0.05294659300184162,0.08656379375235228,1.0918524574923825
2026-02-18T11:40:33.451346,7,Tuning Config 3,federated,5,0.002,512,adamw,0.0001,5,1.0,FedAvg,False,0.0,1.0,False,0.8824493555085999,0.8824493555085999,0.959678272833104,0.6828620376263628,0.09761910632297327,0.20809248554913296,0.0765143464399575,0.11188811188811189,,,,,,,,,,
2026-02-18T11:40:33.451346,7,Tuning Config 3,federated,5,0.002,512,adamw,0.0001,5,1.0,FedAvg,False,0.0,1.0,False,,,,,,0.20809248554913296,0.0765143464399575,0.11188811188811189,,,bank_A,0.5748552131402607,0.04231339793114043,0.9662563501367721,0.07992565055762081,0.03372549019607843,0.04743519029233315,0.8324148416519165
2026-02-18T11:40:33.451346,7,Tuning Config 3,federated,5,0.002,512,adamw,0.0001,5,1.0,FedAvg,False,0.0,1.0,False,,,,,,0.20809248554913296,0.0765143464399575,0.11188811188811189,,,bank_B,0.550960801707378,0.03734762455304984,0.9666673179500205,0.08957952468007313,0.03898170246618934,0.05432372505543237,0.8093063497543335
2026-02-18T11:40:33.451346,7,Tuning Config 3,federated,5,0.002,512,adamw,0.0001,5,1.0,FedAvg,False,0.0,1.0,False,,,,,,0.20809248554913296,0.0765143464399575,0.11188811188811189,,,bank_C,0.7483990220765745,0.15425642211314333,0.9386842773685548,0.24791666666666667,0.05478821362799263,0.08974358974358974,1.033608997797037
2026-02-18T11:40:33.519659,7,Tuning Config 3,federated,6,0.002,512,adamw,0.0001,5,1.0,FedAvg,False,0.0,1.0,False,0.9491460951311248,0.9491460951311248,0.9607718629837373,0.6730305378492868,0.12049855097141245,0.25072886297376096,0.09139213602550478,0.13395638629283488,,,,,,,,,,
2026-02-18T11:40:33.519659,7,Tuning Config 3,federated,6,0.002,512,adamw,0.0001,5,1.0,FedAvg,False,0.0,1.0,False,,,,,,0.25072886297376096,0.09139213602550478,0.13395638629283488,,,bank_A,0.5688538576236025,0.04843213615043224,0.9665103556076592,0.1073345259391771,0.047058823529411764,0.06543075245365322,0.8688417792320251
2026-02-18T11:40:33.519659,7,Tuning Config 3,federated,6,0.002,512,adamw,0.0001,5,1.0,FedAvg,False,0.0,1.0,False,,,,,,0.25072886297376096,0.09139213602550478,0.13395638629283488,,,bank_B,0.5407729773121493,0.043699964278418206,0.9673707039721772,0.14211438474870017,0.06523468575974542,0.08942202835332606,0.828775669336319
2026-02-18T11:40:33.519659,7,Tuning Config 3,federated,6,0.002,512,adamw,0.0001,5,1.0,FedAvg,False,0.0,1.0,False,,,,,,0.25072886297376096,0.09139213602550478,0.13395638629283488,,,bank_C,0.7385251954673496,0.17792882437663743,0.9397002794005588,0.31296296296296294,0.07780847145488029,0.12463126843657817,1.1911465579813176
2026-02-18T11:40:33.609872,7,Tuning Config 3,federated,7,0.002,512,adamw,0.0001,5,1.0,FedAvg,False,0.0,1.0,False,0.9778913025345121,0.9778913025345121,0.9590785621053374,0.6803663656267084,0.09209558738259441,0.16717325227963525,0.05844845908607864,0.08661417322834646,,,,,,,,,,
2026-02-18T11:40:33.609872,7,Tuning Config 3,federated,7,0.002,512,adamw,0.0001,5,1.0,FedAvg,False,0.0,1.0,False,,,,,,0.16717325227963525,0.05844845908607864,0.08661417322834646,,,bank_A,0.5765899208496142,0.041280803868590274,0.9661977334896444,0.07948243992606285,0.03372549019607843,0.0473568281938326,0.8805338418483735
2026-02-18T11:40:33.609872,7,Tuning Config 3,federated,7,0.002,512,adamw,0.0001,5,1.0,FedAvg,False,0.0,1.0,False,,,,,,0.16717325227963525,0.05844845908607864,0.08661417322834646,,,bank_B,0.5459927331389376,0.037077435641994054,0.966647779449405,0.08941605839416059,0.03898170246618934,0.054293628808864264,0.8511991488933563
2026-02-18T11:40:33.609872,7,Tuning Config 3,federated,7,0.002,512,adamw,0.0001,5,1.0,FedAvg,False,0.0,1.0,False,,,,,,0.16717325227963525,0.05844845908607864,0.08661417322834646,,,bank_C,0.7346453122739625,0.1352882976144932,0.9381000762001525,0.2222222222222222,0.04880294659300184,0.08003020007550019,1.2507086496848565
2026-02-18T11:40:33.674641,7,Tuning Config 3,federated,8,0.002,512,adamw,0.0001,5,1.0,FedAvg,False,0.0,1.0,False,1.104429499379226,1.104429499379226,0.9609482484919039,0.6908735204861784,0.11662176878493492,0.26944444444444443,0.1030818278427205,0.1491160645657187,,,,,,,,,,
2026-02-18T11:40:33.674641,7,Tuning Config 3,federated,8,0.002,512,adamw,0.0001,5,1.0,FedAvg,False,0.0,1.0,False,,,,,,0.26944444444444443,0.1030818278427205,0.1491160645657187,,,bank_A,0.5828556139017074,0.04750105499415106,0.9668034388432981,0.1280701754385965,0.05725490196078432,0.07913279132791327,1.0056515997648239
2026-02-18T11:40:33.674641,7,Tuning Config 3,federated,8,0.002,512,adamw,0.0001,5,1.0,FedAvg,False,0.0,1.0,False,,,,,,0.26944444444444443,0.1030818278427205,0.1491160645657187,,,bank_B,0.5537056819603665,0.04341483684176124,0.9672143959672534,0.13391304347826086,0.061256961018297536,0.08406113537117904,0.9511031389236451
2026-02-18T11:40:33.674641,7,Tuning Config 3,federated,8,0.002,512,adamw,0.0001,5,1.0,FedAvg,False,0.0,1.0,False,,,,,,0.26944444444444443,0.1030818278427205,0.1491160645657187,,,bank_C,0.7547598612947467,0.18255587473198087,0.9403860807721616,0.34458259325044405,0.08931860036832412,0.14186471663619743,1.4153284562098516
2026-02-18T11:40:33.757826,7,Tuning Config 3,federated,9,0.002,512,adamw,0.0001,5,1.0,FedAvg,False,0.0,1.0,False,0.9515661405665534,0.9515661405665534,0.9598546583412707,0.6630271046086775,0.09809429529078637,0.21937321937321938,0.0818278427205101,0.11919504643962849,,,,,,,,,,
2026-02-18T11:40:33.757826,7,Tuning Config 3,federated,9,0.002,512,adamw,0.0001,5,1.0,FedAvg,False,0.0,1.0,False,,,,,,0.21937321937321938,0.0818278427205101,0.11919504643962849,,,bank_A,0.5757004347475889,0.04007887411989791,0.9662172723720204,0.08272058823529412,0.03529411764705882,0.04947773501924134,0.906772843003273
2026-02-18T11:40:33.757826,7,Tuning Config 3,federated,9,0.002,512,adamw,0.0001,5,1.0,FedAvg,False,0.0,1.0,False,,,,,,0.21937321937321938,0.0818278427205101,0.11919504643962849,,,bank_B,0.5513396432585486,0.036608426088818896,0.9666087024481741,0.08455882352941177,0.03659506762132061,0.05108273181565797,0.8717318832874298
2026-02-18T11:40:33.757826,7,Tuning Config 3,federated,9,0.002,512,adamw,0.0001,5,1.0,FedAvg,False,0.0,1.0,False,,,,,,0.21937321937321938,0.0818278427205101,0.11919504643962849,,,bank_C,0.7337412234880251,0.16460127223049076,0.9407162814325629,0.35986159169550175,0.09576427255985268,0.15127272727272728,1.1048570445605688
2026-02-18T11:40:33.824310,7,Tuning Config 3,federated,10,0.002,512,adamw,0.0001,5,1.0,FedAvg,False,0.0,1.0,False,1.3443811471973146,1.3443811471973146,0.9595724415282041,0.6664123791163117,0.09134068048625858,0.1976401179941003,0.07120085015940489,0.1046875,,,,,,,,,,
2026-02-18T11:40:33.824310,7,Tuning Config 3,federated,10,0.002,512,adamw,0.0001,5,1.0,FedAvg,False,0.0,1.0,False,,,,,,0.1976401179941003,0.07120085015940489,0.1046875,,,bank_A,0.5720753588681239,0.04181560795535724,0.9663149667838999,0.09107468123861566,0.0392156862745098,0.05482456140350877,1.2414596033096315
2026-02-18T11:40:33.824310,7,Tuning Config 3,federated,10,0.002,512,adamw,0.0001,5,1.0,FedAvg,False,0.0,1.0,False,,,,,,0.1976401179941003,0.07120085015940489,0.1046875,,,bank_B,0.539585882554211,0.03801431230713441,0.9668236259549442,0.10270270270270271,0.045346062052505964,0.06291390728476821,1.1599996399879455
2026-02-18T11:40:33.824310,7,Tuning Config 3,federated,10,0.002,512,adamw,0.0001,5,1.0,FedAvg,False,0.0,1.0,False,,,,,,0.1976401179941003,0.07120085015940489,0.1046875,,,bank_C,0.7187757228081234,0.14367138974223287,0.9389128778257556,0.2702169625246548,0.0630755064456722,0.1022769690182904,1.6999140343108734
2026-02-18T11:40:33.911977,7,Tuning Config 3,federated,11,0.002,512,adamw,0.0001,5,1.0,FedAvg,False,0.0,1.0,False,1.1742558830550738,1.1742558830550738,0.9595018873249374,0.6745999057119056,0.08920349950318951,0.19648093841642228,0.07120085015940489,0.10452418096723869,,,,,,,,,,
2026-02-18T11:40:33.911977,7,Tuning Config 3,federated,11,0.002,512,adamw,0.0001,5,1.0,FedAvg,False,0.0,1.0,False,,,,,,0.19648093841642228,0.07120085015940489,0.10452418096723869,,,bank_A,0.5777855729808203,0.04259983196693305,0.9663345056662759,0.09272727272727273,0.04,0.05589041095890411,1.1090091133117677
2026-02-18T11:40:33.911977,7,Tuning Config 3,federated,11,0.002,512,adamw,0.0001,5,1.0,FedAvg,False,0.0,1.0,False,,,,,,0.19648093841642228,0.07120085015940489,0.10452418096723869,,,bank_B,0.5442803291711437,0.037830122725279455,0.9668040874543288,0.10108303249097472,0.04455051710421639,0.06184428492545555,1.04226356446743
2026-02-18T11:40:33.911977,7,Tuning Config 3,federated,11,0.002,512,adamw,0.0001,5,1.0,FedAvg,False,0.0,1.0,False,,,,,,0.19648093841642228,0.07120085015940489,0.10452418096723869,,,bank_C,0.7378681236154302,0.14460031183037236,0.9386588773177547,0.2565130260521042,0.058931860036832415,0.09584425308873082,1.4209807429994856
2026-02-18T11:40:33.977995,7,Tuning Config 3,federated,12,0.002,512,adamw,0.0001,5,1.0,FedAvg,False,0.0,1.0,False,0.7259076088666916,0.7259076088666916,0.9588668994955375,0.48993245038998334,0.054343279754791834,0.14733542319749215,0.04994686503719448,0.0746031746031746,,,,,,,,,,
2026-02-18T11:40:33.977995,7,Tuning Config 3,federated,12,0.002,512,adamw,0.0001,5,1.0,FedAvg,False,0.0,1.0,False,,,,,,0.14733542319749215,0.04994686503719448,0.0746031746031746,,,bank_A,0.5408656211507747,0.03894591895902446,0.9662758890191481,0.0847145488029466,0.03607843137254902,0.050605060506050605,0.7352241998910904
2026-02-18T11:40:33.977995,7,Tuning Config 3,federated,12,0.002,512,adamw,0.0001,5,1.0,FedAvg,False,0.0,1.0,False,,,,,,0.14733542319749215,0.04994686503719448,0.0746031746031746,,,bank_B,0.5099806359604546,0.034906497713444576,0.9667454719524824,0.09323583180987204,0.0405727923627685,0.0565410199556541,0.7338848596811295
2026-02-18T11:40:33.977995,7,Tuning Config 3,federated,12,0.002,512,adamw,0.0001,5,1.0,FedAvg,False,0.0,1.0,False,,,,,,0.14733542319749215,0.04994686503719448,0.0746031746031746,,,bank_C,0.4517674604676364,0.08103910329556385,0.9386842773685548,0.2550607287449393,0.058011049723756904,0.09452363090772693,0.7040561205380923
2026-02-18T11:40:34.046896,7,Tuning Config 3,federated,13,0.002,512,adamw,0.0001,5,1.0,FedAvg,False,0.0,1.0,False,0.8086081296205521,0.8086081296205521,0.960101598052704,0.6685633117254512,0.09725567932085594,0.23163841807909605,0.0871413390010627,0.12664092664092663,,,,,,,,,,
2026-02-18T11:40:34.046896,7,Tuning Config 3,federated,13,0.002,512,adamw,0.0001,5,1.0,FedAvg,False,0.0,1.0,False,,,,,,0.23163841807909605,0.0871413390010627,0.12664092664092663,,,bank_A,0.5760162269095594,0.0450741481057422,0.9666666666666667,0.11586452762923351,0.050980392156862744,0.07080610021786492,0.7966843938827515
2026-02-18T11:40:34.046896,7,Tuning Config 3,federated,13,0.002,512,adamw,0.0001,5,1.0,FedAvg,False,0.0,1.0,False,,,,,,0.23163841807909605,0.0871413390010627,0.12664092664092663,,,bank_B,0.5455056204125577,0.03910764669581299,0.966940856958637,0.10382513661202186,0.045346062052505964,0.06312292358803986,0.7906548029184342
2026-02-18T11:40:34.046896,7,Tuning Config 3,federated,13,0.002,512,adamw,0.0001,5,1.0,FedAvg,False,0.0,1.0,False,,,,,,0.23163841807909605,0.0871413390010627,0.12664092664092663,,,bank_C,0.7318153887459244,0.17706713745030989,0.9408940817881636,0.3679727427597956,0.09944751381215469,0.1565784704603117,0.8475105282548187
2026-02-18T11:40:34.132520,7,Tuning Config 3,federated,14,0.002,512,adamw,0.0001,5,1.0,FedAvg,False,0.0,1.0,False,0.8226223353828702,0.8226223353828702,0.9587963452922708,0.6703974625505728,0.07618431207957221,0.14420062695924765,0.048884165781083955,0.07301587301587302,,,,,,,,,,
2026-02-18T11:40:34.132520,7,Tuning Config 3,federated,14,0.002,512,adamw,0.0001,5,1.0,FedAvg,False,0.0,1.0,False,,,,,,0.14420062695924765,0.048884165781083955,0.07301587301587302,,,bank_A,0.5828236551408461,0.03977284056915381,0.9661977334896444,0.08103130755064457,0.034509803921568626,0.0484048404840484,0.7847019469738007
2026-02-18T11:40:34.132520,7,Tuning Config 3,federated,14,0.002,512,adamw,0.0001,5,1.0,FedAvg,False,0.0,1.0,False,,,,,,0.14420062695924765,0.048884165781083955,0.07301587301587302,,,bank_B,0.5632910392930109,0.036010322526960875,0.9665696254469432,0.07806691449814127,0.03341288782816229,0.0467966573816156,0.7751751530170441
2026-02-18T11:40:34.132520,7,Tuning Config 3,federated,14,0.002,512,adamw,0.0001,5,1.0,FedAvg,False,0.0,1.0,False,,,,,,0.14420062695924765,0.048884165781083955,0.07301587301587302,,,bank_C,0.7160164975502653,0.11842250133946006,0.9380492760985522,0.21656050955414013,0.04696132596685083,0.0771850170261067,0.9265763419015067
2026-02-18T11:40:34.194646,7,Tuning Config 3,federated,15,0.002,512,adamw,0.0001,5,1.0,FedAvg,False,0.0,1.0,False,0.7781317755579948,0.7781317755579948,0.9606307545772039,0.6631799602048094,0.11169677265995635,0.26541554959785524,0.10520722635494155,0.1506849315068493,,,,,,,,,,
2026-02-18T11:40:34.194646,7,Tuning Config 3,federated,15,0.002,512,adamw,0.0001,5,1.0,FedAvg,False,0.0,1.0,False,,,,,,0.26541554959785524,0.10520722635494155,0.1506849315068493,,,bank_A,0.5742736061261495,0.04796154789888926,0.9665494333724111,0.11051693404634581,0.04862745098039216,0.06753812636165578,0.7707956171035767
2026-02-18T11:40:34.194646,7,Tuning Config 3,federated,15,0.002,512,adamw,0.0001,5,1.0,FedAvg,False,0.0,1.0,False,,,,,,0.26541554959785524,0.10520722635494155,0.1506849315068493,,,bank_B,0.5437937423037353,0.04040726983457429,0.9671362419647916,0.12389380530973451,0.05568814638027048,0.07683863885839737,0.7630571120977402
2026-02-18T11:40:34.194646,7,Tuning Config 3,federated,15,0.002,512,adamw,0.0001,5,1.0,FedAvg,False,0.0,1.0,False,,,,,,0.26541554959785524,0.10520722635494155,0.1506849315068493,,,bank_C,0.7448772159674716,0.20244131678582267,0.940741681483363,0.3614457831325301,0.09668508287292818,0.15256084271703596,0.8060812346346966
2026-02-18T11:40:34.273715,7,Tuning Config 3,federated,16,0.002,512,adamw,0.0001,5,1.0,FedAvg,False,0.0,1.0,False,0.7560585982033184,0.7560585982033184,0.9607718629837373,0.6473975423518963,0.10798816989739092,0.27320954907161804,0.10945802337938364,0.15629742033383914,,,,,,,,,,
2026-02-18T11:40:34.273715,7,Tuning Config 3,federated,16,0.002,512,adamw,0.0001,5,1.0,FedAvg,False,0.0,1.0,False,,,,,,0.27320954907161804,0.10945802337938364,0.15629742033383914,,,bank_A,0.5721453821083589,0.04886970663715043,0.9669792887846815,0.14162348877374784,0.06431372549019608,0.08845738942826321,0.7591061097383499
2026-02-18T11:40:34.273715,7,Tuning Config 3,federated,16,0.002,512,adamw,0.0001,5,1.0,FedAvg,False,0.0,1.0,False,,,,,,0.27320954907161804,0.10945802337938364,0.15629742033383914,,,bank_B,0.5427879334424442,0.04112830702310172,0.967194857466638,0.12455516014234876,0.05568814638027048,0.07696536558548653,0.754230290055275
2026-02-18T11:40:34.273715,7,Tuning Config 3,federated,16,0.002,512,adamw,0.0001,5,1.0,FedAvg,False,0.0,1.0,False,,,,,,0.27320954907161804,0.10945802337938364,0.15629742033383914,,,bank_C,0.7325779324657248,0.208292204108116,0.9418338836677673,0.4045307443365696,0.1151012891344383,0.17921146953405018,0.7549184754297331
2026-02-18T11:40:34.341357,7,Tuning Config 3,federated,17,0.002,512,adamw,0.0001,5,1.0,FedAvg,False,0.0,1.0,False,0.7604397109576634,0.7604397109576634,0.9591843934102374,0.5976501224589696,0.07005535860546108,0.17272727272727273,0.06057385759829968,0.08969315499606609,,,,,,,,,,
2026-02-18T11:40:34.341357,7,Tuning Config 3,federated,17,0.002,512,adamw,0.0001,5,1.0,FedAvg,False,0.0,1.0,False,,,,,,0.17272727272727273,0.06057385759829968,0.08969315499606609,,,bank_A,0.5648710117851369,0.037126427370277035,0.9661391168425166,0.06463878326996197,0.02666666666666667,0.03775680177679067,0.7627665096521378
2026-02-18T11:40:34.341357,7,Tuning Config 3,federated,17,0.002,512,adamw,0.0001,5,1.0,FedAvg,False,0.0,1.0,False,,,,,,0.17272727272727273,0.06057385759829968,0.08969315499606609,,,bank_B,0.5399540316396276,0.03329856610177563,0.966393778941404,0.05736137667304015,0.02386634844868735,0.033707865168539325,0.7605591815710068
2026-02-18T11:40:34.341357,7,Tuning Config 3,federated,17,0.002,512,adamw,0.0001,5,1.0,FedAvg,False,0.0,1.0,False,,,,,,0.17272727272727273,0.06057385759829968,0.08969315499606609,,,bank_C,0.6452360245412113,0.1267248385787882,0.9385826771653544,0.25201612903225806,0.05755064456721915,0.0937031484257871,0.754425619329725
2026-02-18T11:40:34.425792,7,Tuning Config 3,federated,18,0.002,512,adamw,0.0001,5,1.0,FedAvg,False,0.0,1.0,False,0.8445440317903247,0.8445440317903247,0.9600310438494374,0.6595990600040034,0.11136145956044888,0.2303370786516854,0.0871413390010627,0.1264456437933693,,,,,,,,,,
2026-02-18T11:40:34.425792,7,Tuning Config 3,federated,18,0.002,512,adamw,0.0001,5,1.0,FedAvg,False,0.0,1.0,False,,,,,,0.2303370786516854,0.0871413390010627,0.1264456437933693,,,bank_A,0.5708290536332759,0.051610221648570626,0.9670379054318093,0.13859649122807016,0.06196078431372549,0.08563685636856369,0.8112674164772034
2026-02-18T11:40:34.425792,7,Tuning Config 3,federated,18,0.002,512,adamw,0.0001,5,1.0,FedAvg,False,0.0,1.0,False,,,,,,0.2303370786516854,0.0871413390010627,0.1264456437933693,,,bank_B,0.5405225011229479,0.045071926016113914,0.9673902424727926,0.14846416382252559,0.06921241050119331,0.09441128594682582,0.7962557232379913
2026-02-18T11:40:34.425792,7,Tuning Config 3,federated,18,0.002,512,adamw,0.0001,5,1.0,FedAvg,False,0.0,1.0,False,,,,,,0.2303370786516854,0.0871413390010627,0.1264456437933693,,,bank_C,0.7147971875554806,0.16572881823994873,0.9399542799085598,0.3241758241758242,0.08149171270718232,0.13024282560706402,0.9417626718422035
2026-02-18T11:40:34.488805,7,Tuning Config 3,federated,19,0.002,512,adamw,0.0001,5,1.0,FedAvg,False,0.0,1.0,False,0.7571866608091763,0.7571866608091763,0.962570995167037,0.6857054541684093,0.1641935755113837,0.35714285714285715,0.1594048884165781,0.2204261572373255,,,,,,,,,,
2026-02-18T11:40:34.488805,7,Tuning Config 3,federated,19,0.002,512,adamw,0.0001,5,1.0,FedAvg,False,0.0,1.0,False,,,,,,0.35714285714285715,0.1594048884165781,0.2204261572373255,,,bank_A,0.5838523547681772,0.06903084575547343,0.9677803829620946,0.20032051282051283,0.09803921568627451,0.13164823591363875,0.7376916754245758
2026-02-18T11:40:34.488805,7,Tuning Config 3,federated,19,0.002,512,adamw,0.0001,5,1.0,FedAvg,False,0.0,1.0,False,,,,,,0.35714285714285715,0.1594048884165781,0.2204261572373255,,,bank_B,0.5517413995127806,0.05781490599122113,0.9678591664875638,0.1819672131147541,0.0883054892601432,0.11890733797536154,0.732619366645813
2026-02-18T11:40:34.488805,7,Tuning Config 3,federated,19,0.002,512,adamw,0.0001,5,1.0,FedAvg,False,0.0,1.0,False,,,,,,0.35714285714285715,0.1594048884165781,0.2204261572373255,,,bank_C,0.7566180301679618,0.24570087046704966,0.9427228854457709,0.4366412213740458,0.13167587476979742,0.20233463035019456,0.8092687679575635
2026-02-18T11:40:34.578329,7,Tuning Config 3,federated,20,0.002,512,adamw,0.0001,5,1.0,FedAvg,False,0.0,1.0,False,0.7540189889924866,0.7540189889924866,0.9617243447278372,0.6838208361798261,0.16338231090841987,0.3217821782178218,0.1381509032943677,0.19330855018587362,,,,,,,,,,
2026-02-18T11:40:34.578329,7,Tuning Config 3,federated,20,0.002,512,adamw,0.0001,5,1.0,FedAvg,False,0.0,1.0,False,,,,,,0.3217821782178218,0.1381509032943677,0.19330855018587362,,,bank_A,0.5728745793478198,0.07173319615622292,0.9679562329034779,0.20611916264090177,0.1003921568627451,0.1350210970464135,0.7261687111854553
2026-02-18T11:40:34.578329,7,Tuning Config 3,federated,20,0.002,512,adamw,0.0001,5,1.0,FedAvg,False,0.0,1.0,False,,,,,,0.3217821782178218,0.1381509032943677,0.19330855018587362,,,bank_B,0.5477821595109372,0.06258511723226913,0.9680154744924875,0.19155844155844157,0.09387430389817025,0.12600106780565937,0.7220404374599457
2026-02-18T11:40:34.578329,7,Tuning Config 3,federated,20,0.002,512,adamw,0.0001,5,1.0,FedAvg,False,0.0,1.0,False,,,,,,0.3217821782178218,0.1381509032943677,0.19330855018587362,,,bank_C,0.7645017536933658,0.24150082084011687,0.9437642875285751,0.46938775510204084,0.14825046040515655,0.22533240027991602,0.8244285320306753
2026-02-18T11:40:34.642503,7,Tuning Config 3,federated,21,0.002,512,adamw,0.0001,5,1.0,FedAvg,False,0.0,1.0,False,0.7644502925021308,0.7644502925021308,0.9635234769111369,0.656470406078612,0.16800620365863403,0.3959731543624161,0.18809776833156217,0.25504322766570603,,,,,,,,,,
2026-02-18T11:40:34.642503,7,Tuning Config 3,federated,21,0.002,512,adamw,0.0001,5,1.0,FedAvg,False,0.0,1.0,False,,,,,,0.3959731543624161,0.18809776833156217,0.25504322766570603,,,bank_A,0.578897222369561,0.07923367882097629,0.9682493161391168,0.22993827160493827,0.11686274509803922,0.15496619864794592,0.7564797765016555
2026-02-18T11:40:34.642503,7,Tuning Config 3,federated,21,0.002,512,adamw,0.0001,5,1.0,FedAvg,False,0.0,1.0,False,,,,,,0.3959731543624161,0.18809776833156217,0.25504322766570603,,,bank_B,0.546285580813146,0.06476586169574852,0.9682694750004884,0.1986863711001642,0.09626093874303898,0.12968917470525188,0.7479144269227982
2026-02-18T11:40:34.642503,7,Tuning Config 3,federated,21,0.002,512,adamw,0.0001,5,1.0,FedAvg,False,0.0,1.0,False,,,,,,0.3959731543624161,0.18809776833156217,0.25504322766570603,,,bank_C,0.7025748837265949,0.25102004245570214,0.9450850901701804,0.5066489361702128,0.17541436464088397,0.2606019151846785,0.7935765602371909
2026-02-18T11:40:34.723399,7,Tuning Config 3,federated,22,0.002,512,adamw,0.0001,5,1.0,FedAvg,False,0.0,1.0,False,0.7592385145170348,0.7592385145170348,0.9618301760327371,0.6764213379587599,0.13931034098599754,0.32592592592592595,0.14027630180658873,0.1961367013372957,,,,,,,,,,
2026-02-18T11:40:34.723399,7,Tuning Config 3,federated,22,0.002,512,adamw,0.0001,5,1.0,FedAvg,False,0.0,1.0,False,,,,,,0.32592592592592595,0.14027630180658873,0.1961367013372957,,,bank_A,0.5778185375743323,0.05995358137410846,0.9677803829620946,0.19741100323624594,0.09568627450980392,0.1288959323824617,0.7454634708166122
2026-02-18T11:40:34.723399,7,Tuning Config 3,federated,22,0.002,512,adamw,0.0001,5,1.0,FedAvg,False,0.0,1.0,False,,,,,,0.32592592592592595,0.14027630180658873,0.1961367013372957,,,bank_B,0.5465291411601163,0.05151570734032494,0.9676833199820246,0.16526138279932545,0.07796340493237867,0.10594594594594595,0.7392839628458023
2026-02-18T11:40:34.723399,7,Tuning Config 3,federated,22,0.002,512,adamw,0.0001,5,1.0,FedAvg,False,0.0,1.0,False,,,,,,0.32592592592592595,0.14027630180658873,0.1961367013372957,,,bank_C,0.7414025915470811,0.21861286872676353,0.9431038862077724,0.4495548961424332,0.13950276243093923,0.2129304286718201,0.8006067221814935
2026-02-18T11:40:34.788487,7,Tuning Config 3,federated,23,0.002,512,adamw,0.0001,5,1.0,FedAvg,False,0.0,1.0,False,0.7706582971981594,0.7706582971981594,0.9597488270363707,0.6669832222564572,0.08309716299372606,0.20414201183431951,0.07332624867162593,0.10789679437060204,,,,,,,,,,
2026-02-18T11:40:34.788487,7,Tuning Config 3,federated,23,0.002,512,adamw,0.0001,5,1.0,FedAvg,False,0.0,1.0,False,,,,,,0.20414201183431951,0.07332624867162593,0.10789679437060204,,,bank_A,0.5872390247352323,0.04157811981880994,0.9665494333724111,0.10344827586206896,0.04470588235294118,0.0624315443592552,0.753871476650238
2026-02-18T11:40:34.788487,7,Tuning Config 3,federated,23,0.002,512,adamw,0.0001,5,1.0,FedAvg,False,0.0,1.0,False,,,,,,0.20414201183431951,0.07332624867162593,0.10789679437060204,,,bank_B,0.5561712832941235,0.03784625426408144,0.9668040874543288,0.10108303249097472,0.04455051710421639,0.06184428492545555,0.7461975067853928
2026-02-18T11:40:34.788487,7,Tuning Config 3,federated,23,0.002,512,adamw,0.0001,5,1.0,FedAvg,False,0.0,1.0,False,,,,,,0.20414201183431951,0.07332624867162593,0.10789679437060204,,,bank_C,0.693501134538907,0.1258323499660832,0.9392938785877571,0.2903846153846154,0.06952117863720074,0.11218424962852898,0.8214121197725271
2026-02-18T11:40:34.869159,7,Tuning Config 3,federated,24,0.002,512,adamw,0.0001,5,1.0,FedAvg,False,0.0,1.0,False,0.7532894739082882,0.7532894739082882,0.9610540797968039,0.6761683623349232,0.1265049525883335,0.2883116883116883,0.1179596174282678,0.167420814479638,,,,,,,,,,
2026-02-18T11:40:34.869159,7,Tuning Config 3,federated,24,0.002,512,adamw,0.0001,5,1.0,FedAvg,False,0.0,1.0,False,,,,,,0.2883116883116883,0.1179596174282678,0.167420814479638,,,bank_A,0.582623022959309,0.04697777446134571,0.9667838999609223,0.12784588441331,0.05725490196078432,0.0790899241603467,0.7368327015638352
2026-02-18T11:40:34.869159,7,Tuning Config 3,federated,24,0.002,512,adamw,0.0001,5,1.0,FedAvg,False,0.0,1.0,False,,,,,,0.2883116883116883,0.1179596174282678,0.167420814479638,,,bank_B,0.5482889839811884,0.04147122612579023,0.9670776264629453,0.12456140350877193,0.056483691328560064,0.07772304324028462,0.731445939540863
2026-02-18T11:40:34.869159,7,Tuning Config 3,federated,24,0.002,512,adamw,0.0001,5,1.0,FedAvg,False,0.0,1.0,False,,,,,,0.2883116883116883,0.1179596174282678,0.167420814479638,,,bank_C,0.7398052091851904,0.20063726643550409,0.9413258826517653,0.3853820598006645,0.10681399631675875,0.167267483777938,0.8007227724248712
2026-02-18T11:40:34.939072,7,Tuning Config 3,federated,25,0.002,512,adamw,0.0001,5,1.0,FedAvg,False,0.0,1.0,False,0.6808687352708408,0.6808687352708408,0.9596429957314707,0.5041415646007223,0.07734478977126322,0.20408163265306123,0.07438894792773645,0.10903426791277258,,,,,,,,,,
2026-02-18T11:40:34.939072,7,Tuning Config 3,federated,25,0.002,512,adamw,0.0001,5,1.0,FedAvg,False,0.0,1.0,False,,,,,,0.20408163265306123,0.07438894792773645,0.10903426791277258,,,bank_A,0.5106041871713117,0.04190184140253542,0.9675654552559594,0.11267605633802817,0.04392156862745098,0.06320541760722348,0.676891902089119
2026-02-18T11:40:34.939072,7,Tuning Config 3,federated,25,0.002,512,adamw,0.0001,5,1.0,FedAvg,False,0.0,1.0,False,,,,,,0.20408163265306123,0.07438894792773645,0.10903426791277258,,,bank_B,0.49088237828739145,0.04289423524875979,0.9684843985072585,0.0990990990990991,0.035003977724741446,0.05173427395649618,0.6809284615516663
2026-02-18T11:40:34.939072,7,Tuning Config 3,federated,25,0.002,512,adamw,0.0001,5,1.0,FedAvg,False,0.0,1.0,False,,,,,,0.20408163265306123,0.07438894792773645,0.10903426791277258,,,bank_C,0.5202304795788443,0.10076283009258892,0.9391668783337567,0.28433268858800775,0.06767955801104972,0.10933432502789141,0.6835501666192885
2026-02-18T11:40:35.017984,7,Tuning Config 3,federated,26,0.002,512,adamw,0.0001,5,1.0,FedAvg,False,0.0,1.0,False,0.7015509115798133,0.7015509115798133,0.9607718629837373,0.6484411637406052,0.14512125462381625,0.2682926829268293,0.10520722635494155,0.15114503816793892,,,,,,,,,,
2026-02-18T11:40:35.017984,7,Tuning Config 3,federated,26,0.002,512,adamw,0.0001,5,1.0,FedAvg,False,0.0,1.0,False,,,,,,0.2682926829268293,0.10520722635494155,0.15114503816793892,,,bank_A,0.5773866660380211,0.05966142648120221,0.9681906994919891,0.20236087689713322,0.09411764705882353,0.1284796573875803,0.693255797624588
2026-02-18T11:40:35.017984,7,Tuning Config 3,federated,26,0.002,512,adamw,0.0001,5,1.0,FedAvg,False,0.0,1.0,False,,,,,,0.2682926829268293,0.10520722635494155,0.15114503816793892,,,bank_B,0.5627442654760454,0.05239371183554617,0.9691877845294152,0.19111969111969113,0.07875894988066826,0.1115492957746479,0.6950262624025345
2026-02-18T11:40:35.017984,7,Tuning Config 3,federated,26,0.002,512,adamw,0.0001,5,1.0,FedAvg,False,0.0,1.0,False,,,,,,0.2682926829268293,0.10520722635494155,0.15114503816793892,,,bank_C,0.6977935728341202,0.19405122683205972,0.941249682499365,0.3823038397328882,0.10543278084714548,0.16528329123060267,0.7203247756152958
2026-02-18T11:40:35.083680,7,Tuning Config 3,federated,27,0.002,512,adamw,0.0001,5,1.0,FedAvg,False,0.0,1.0,False,0.716290003487042,0.716290003487042,0.9615479592196705,0.6326022490323993,0.13111225270234872,0.3123425692695214,0.13177470775770456,0.18535127055306427,,,,,,,,,,
2026-02-18T11:40:35.083680,7,Tuning Config 3,federated,27,0.002,512,adamw,0.0001,5,1.0,FedAvg,False,0.0,1.0,False,,,,,,0.3123425692695214,0.13177470775770456,0.18535127055306427,,,bank_A,0.5773323589329529,0.07035886845804426,0.9680930050801094,0.21855345911949686,0.10901960784313726,0.1454735740450026,0.7054715532064438
2026-02-18T11:40:35.083680,7,Tuning Config 3,federated,27,0.002,512,adamw,0.0001,5,1.0,FedAvg,False,0.0,1.0,False,,,,,,0.3123425692695214,0.13177470775770456,0.18535127055306427,,,bank_B,0.5517501478938519,0.056504605764331625,0.9677614739844864,0.17520661157024794,0.08432776451869531,0.11385606874328678,0.706564856171608
2026-02-18T11:40:35.083680,7,Tuning Config 3,federated,27,0.002,512,adamw,0.0001,5,1.0,FedAvg,False,0.0,1.0,False,,,,,,0.3123425692695214,0.13177470775770456,0.18535127055306427,,,bank_C,0.6764258499412383,0.17185232816959822,0.9414528829057658,0.3904448105436573,0.10911602209944751,0.1705649514213746,0.7421507045820162
2026-02-18T11:40:35.169677,7,Tuning Config 3,federated,28,0.002,512,adamw,0.0001,5,1.0,FedAvg,False,0.0,1.0,False,0.7062145460929189,0.7062145460929189,0.9617596218294705,0.6601560794455134,0.14109421506277398,0.3225806451612903,0.1381509032943677,0.19345238095238096,,,,,,,,,,
2026-02-18T11:40:35.169677,7,Tuning Config 3,federated,28,0.002,512,adamw,0.0001,5,1.0,FedAvg,False,0.0,1.0,False,,,,,,0.3225806451612903,0.1381509032943677,0.19345238095238096,,,bank_A,0.5839818085735446,0.05677401376505042,0.9674286830793278,0.1744186046511628,0.08235294117647059,0.11188066062866275,0.6993098866939544
2026-02-18T11:40:35.169677,7,Tuning Config 3,federated,28,0.002,512,adamw,0.0001,5,1.0,FedAvg,False,0.0,1.0,False,,,,,,0.3225806451612903,0.1381509032943677,0.19345238095238096,,,bank_B,0.5552719688421229,0.0465033265816799,0.9673511654715617,0.14310344827586208,0.066030230708035,0.09036472509526401,0.6998971229791642
2026-02-18T11:40:35.169677,7,Tuning Config 3,federated,28,0.002,512,adamw,0.0001,5,1.0,FedAvg,False,0.0,1.0,False,,,,,,0.3225806451612903,0.1381509032943677,0.19345238095238096,,,bank_C,0.7340907789058146,0.23883081822380514,0.9428498856997714,0.44072948328267475,0.13351749539594843,0.2049469964664311,0.72331256758083
2026-02-18T11:40:35.238670,7,Tuning Config 3,federated,29,0.002,512,adamw,0.0001,5,1.0,FedAvg,False,0.0,1.0,False,0.7184130655867713,0.7184130655867713,0.9622535012523371,0.6699424050040472,0.17797517366060306,0.34382566585956414,0.15090329436769395,0.20974889217134415,,,,,,,,,,
2026-02-18T11:40:35.238670,7,Tuning Config 3,federated,29,0.002,512,adamw,0.0001,5,1.0,FedAvg,False,0.0,1.0,False,,,,,,0.34382566585956414,0.15090329436769395,0.20974889217134415,,,bank_A,0.5787623622136963,0.07671384308837391,0.9680930050801094,0.21855345911949686,0.10901960784313726,0.1454735740450026,0.7052590501308441
2026-02-18T11:40:35.238670,7,Tuning Config 3,federated,29,0.002,512,adamw,0.0001,5,1.0,FedAvg,False,0.0,1.0,False,,,,,,0.34382566585956414,0.15090329436769395,0.20974889217134415,,,bank_B,0.5607369343008375,0.06290206489976091,0.9676637814814091,0.16722408026755853,0.07955449482895784,0.1078167115902965,0.705392599105835
2026-02-18T11:40:35.238670,7,Tuning Config 3,federated,29,0.002,512,adamw,0.0001,5,1.0,FedAvg,False,0.0,1.0,False,,,,,,0.34382566585956414,0.15090329436769395,0.20974889217134415,,,bank_C,0.7261266410489405,0.2421178556190069,0.943992887985776,0.4767277856135402,0.15561694290976058,0.23464074973967372,0.7533788982923929
2026-02-18T11:40:35.324507,7,Tuning Config 3,federated,30,0.002,512,adamw,0.0001,5,1.0,FedAvg,False,0.0,1.0,False,0.7334531801087516,0.7334531801087516,0.9621123928458037,0.680849535884344,0.1586184685179145,0.3389830508474576,0.1487778958554729,0.206794682422452,,,,,,,,,,
2026-02-18T11:40:35.324507,7,Tuning Config 3,federated,30,0.002,512,adamw,0.0001,5,1.0,FedAvg,False,0.0,1.0,False,,,,,,0.3389830508474576,0.1487778958554729,0.206794682422452,,,bank_A,0.5829807457699039,0.0597708999424397,0.9673309886674483,0.16971713810316139,0.08,0.10874200426439233,0.7173570585250855
2026-02-18T11:40:35.324507,7,Tuning Config 3,federated,30,0.002,512,adamw,0.0001,5,1.0,FedAvg,False,0.0,1.0,False,,,,,,0.3389830508474576,0.1487778958554729,0.206794682422452,,,bank_B,0.552186180591954,0.0514828319328553,0.9676442429807937,0.15544041450777202,0.07159904534606205,0.09803921568627451,0.7148215043544769
2026-02-18T11:40:35.324507,7,Tuning Config 3,federated,30,0.002,512,adamw,0.0001,5,1.0,FedAvg,False,0.0,1.0,False,,,,,,0.3389830508474576,0.1487778958554729,0.206794682422452,,,bank_C,0.745604998466719,0.2311026862637801,0.9431800863601727,0.4514200298953662,0.13904235727440148,0.21260119676170364,0.7778421942289774
2026-02-18T11:40:35.395593,7,Tuning Config 3,federated,31,0.002,512,adamw,0.0001,5,1.0,FedAvg,False,0.0,1.0,False,0.7088854642851012,0.7088854642851012,0.9614421279147706,0.6758712788367589,0.1397903218262738,0.2840909090909091,0.10626992561105207,0.15467904098994587,,,,,,,,,,
2026-02-18T11:40:35.395593,7,Tuning Config 3,federated,31,0.002,512,adamw,0.0001,5,1.0,FedAvg,False,0.0,1.0,False,,,,,,0.2840909090909091,0.10626992561105207,0.15467904098994587,,,bank_A,0.5782745648103946,0.08210928333833198,0.9679757717858538,0.21293375394321767,0.10588235294117647,0.14143530644316396,0.6922951990365982
2026-02-18T11:40:35.395593,7,Tuning Config 3,federated,31,0.002,512,adamw,0.0001,5,1.0,FedAvg,False,0.0,1.0,False,,,,,,0.2840909090909091,0.10626992561105207,0.15467904098994587,,,bank_B,0.5404893481050623,0.06966121268957448,0.9679373204900256,0.18316831683168316,0.0883054892601432,0.11916264090177134,0.6913072121143341
2026-02-18T11:40:35.395593,7,Tuning Config 3,federated,31,0.002,512,adamw,0.0001,5,1.0,FedAvg,False,0.0,1.0,False,,,,,,0.2840909090909091,0.10626992561105207,0.15467904098994587,,,bank_C,0.7186912982806557,0.18849095253761688,0.9419354838709677,0.40594059405940597,0.1132596685082873,0.1771058315334773,0.7520375151138801
2026-02-18T11:40:35.467853,7,Tuning Config 3,federated,32,0.002,512,adamw,0.0001,5,1.0,FedAvg,False,0.0,1.0,False,0.7199326530098915,0.7199326530098915,0.9604190919674039,0.527290365839822,0.09556494820512623,0.21981424148606812,0.07545164718384698,0.11234177215189874,,,,,,,,,,
2026-02-18T11:40:35.467853,7,Tuning Config 3,federated,32,0.002,512,adamw,0.0001,5,1.0,FedAvg,False,0.0,1.0,False,,,,,,0.21981424148606812,0.07545164718384698,0.11234177215189874,,,bank_A,0.5266506990733374,0.048061751360613914,0.9666471277842907,0.11702127659574468,0.05176470588235294,0.07177814029363784,0.7097450512647628
2026-02-18T11:40:35.467853,7,Tuning Config 3,federated,32,0.002,512,adamw,0.0001,5,1.0,FedAvg,False,0.0,1.0,False,,,,,,0.21981424148606812,0.07545164718384698,0.11234177215189874,,,bank_B,0.528533609750305,0.04581933515906789,0.9669603954592525,0.1068840579710145,0.046937151949085126,0.0652294085129906,0.7085246521234513
2026-02-18T11:40:35.467853,7,Tuning Config 3,federated,32,0.002,512,adamw,0.0001,5,1.0,FedAvg,False,0.0,1.0,False,,,,,,0.21981424148606812,0.07545164718384698,0.11234177215189874,,,bank_C,0.5069730067766371,0.13571193679293253,0.940259080518161,0.33636363636363636,0.08517495395948435,0.13592946362968406,0.7482410212615868
2026-02-18T11:40:35.560109,7,Tuning Config 3,federated,33,0.002,512,adamw,0.0001,5,1.0,FedAvg,False,0.0,1.0,False,0.7022407948970795,0.7022407948970795,0.9603485377641373,0.6436856756934708,0.11182076259982984,0.24793388429752067,0.09564293304994687,0.13803680981595093,,,,,,,,,,
2026-02-18T11:40:35.560109,7,Tuning Config 3,federated,33,0.002,512,adamw,0.0001,5,1.0,FedAvg,False,0.0,1.0,False,,,,,,0.24793388429752067,0.09564293304994687,0.13803680981595093,,,bank_A,0.5726902998049235,0.05388259677746773,0.9668815943728019,0.13667820069204153,0.06196078431372549,0.08526713437668645,0.6959559202194214
2026-02-18T11:40:35.560109,7,Tuning Config 3,federated,33,0.002,512,adamw,0.0001,5,1.0,FedAvg,False,0.0,1.0,False,,,,,,0.24793388429752067,0.09564293304994687,0.13803680981595093,,,bank_B,0.5418225918192788,0.04515255894504392,0.9669799339598679,0.10420475319926874,0.045346062052505964,0.06319290465631928,0.6956944131851196
2026-02-18T11:40:35.560109,7,Tuning Config 3,federated,33,0.002,512,adamw,0.0001,5,1.0,FedAvg,False,0.0,1.0,False,,,,,,0.24793388429752067,0.09564293304994687,0.13803680981595093,,,bank_C,0.6590261479136533,0.15649916006022058,0.939751079502159,0.3154981549815498,0.0787292817679558,0.1260132645541636,0.7187553063615576
2026-02-18T11:40:35.631923,7,Tuning Config 3,federated,34,0.002,512,adamw,0.0001,5,1.0,FedAvg,False,0.0,1.0,False,0.7148953963603292,0.7148953963603292,0.9626768264719371,0.6910515999700029,0.20459622544520079,0.3642691415313225,0.16684378320935175,0.22886297376093295,,,,,,,,,,
2026-02-18T11:40:35.631923,7,Tuning Config 3,federated,34,0.002,512,adamw,0.0001,5,1.0,FedAvg,False,0.0,1.0,False,,,,,,0.3642691415313225,0.16684378320935175,0.22886297376093295,,,bank_A,0.5898407130410525,0.08941871136004174,0.9684056271981243,0.23692307692307693,0.1207843137254902,0.16,0.7050675719976425
2026-02-18T11:40:35.631923,7,Tuning Config 3,federated,34,0.002,512,adamw,0.0001,5,1.0,FedAvg,False,0.0,1.0,False,,,,,,0.3642691415313225,0.16684378320935175,0.22886297376093295,,,bank_B,0.5603779558771814,0.0701798080480766,0.96770285848264,0.17,0.081145584725537,0.1098546042003231,0.7031325978040696
2026-02-18T11:40:35.631923,7,Tuning Config 3,federated,34,0.002,512,adamw,0.0001,5,1.0,FedAvg,False,0.0,1.0,False,,,,,,0.3642691415313225,0.16684378320935175,0.22886297376093295,,,bank_C,0.7475923662008006,0.27628252349290444,0.9456184912369825,0.5201037613488976,0.18462246777163904,0.272511043153245,0.7440872772947534
2026-02-18T11:40:35.725124,7,Tuning Config 3,federated,35,0.002,512,adamw,0.0001,5,1.0,FedAvg,False,0.0,1.0,False,0.7091551508222308,0.7091551508222308,0.9633823685046037,0.6833099021964597,0.18883941540944293,0.39198218262806234,0.18703506907545164,0.25323741007194245,,,,,,,,,,
2026-02-18T11:40:35.725124,7,Tuning Config 3,federated,35,0.002,512,adamw,0.0001,5,1.0,FedAvg,False,0.0,1.0,False,,,,,,0.39198218262806234,0.18703506907545164,0.25323741007194245,,,bank_A,0.5936202313808002,0.0823462646518818,0.9678585384915983,0.20352564102564102,0.0996078431372549,0.13375460768825698,0.7031481826305389
2026-02-18T11:40:35.725124,7,Tuning Config 3,federated,35,0.002,512,adamw,0.0001,5,1.0,FedAvg,False,0.0,1.0,False,,,,,,0.39198218262806234,0.18703506907545164,0.25323741007194245,,,bank_B,0.56090795797998,0.06366670577516811,0.9678982434887947,0.184640522875817,0.08989657915672236,0.12092027822364901,0.7006999522447586
2026-02-18T11:40:35.725124,7,Tuning Config 3,federated,35,0.002,512,adamw,0.0001,5,1.0,FedAvg,False,0.0,1.0,False,,,,,,0.39198218262806234,0.18703506907545164,0.25323741007194245,,,bank_C,0.7362490564899973,0.284321824015381,0.9454406908813817,0.5156657963446475,0.18186003683241253,0.2688904016337645,0.7282053712126496
2026-02-18T11:40:35.797287,7,Tuning Config 3,federated,36,0.002,512,adamw,0.0001,5,1.0,FedAvg,False,0.0,1.0,False,0.7095698671681541,0.7095698671681541,0.9624651638621371,0.6672587074372585,0.1734006788588094,0.3546099290780142,0.1594048884165781,0.21994134897360704,,,,,,,,,,
2026-02-18T11:40:35.797287,7,Tuning Config 3,federated,36,0.002,512,adamw,0.0001,5,1.0,FedAvg,False,0.0,1.0,False,,,,,,0.3546099290780142,0.1594048884165781,0.21994134897360704,,,bank_A,0.5893882612257407,0.07085140547424353,0.9675849941383353,0.18524590163934426,0.08862745098039215,0.11989389920424404,0.7023835736513138
2026-02-18T11:40:35.797287,7,Tuning Config 3,federated,36,0.002,512,adamw,0.0001,5,1.0,FedAvg,False,0.0,1.0,False,,,,,,0.3546099290780142,0.1594048884165781,0.21994134897360704,,,bank_B,0.5701887951627603,0.05911463835989568,0.9676051659795627,0.15726495726495726,0.07319013524264122,0.0998914223669924,0.7001038384437561
2026-02-18T11:40:35.797287,7,Tuning Config 3,federated,36,0.002,512,adamw,0.0001,5,1.0,FedAvg,False,0.0,1.0,False,,,,,,0.3546099290780142,0.1594048884165781,0.21994134897360704,,,bank_C,0.7242882818013244,0.2572857631760204,0.945237490474981,0.5105540897097626,0.1781767955801105,0.2641638225255973,0.7324501570169027
2026-02-18T11:40:35.890203,7,Tuning Config 3,federated,37,0.002,512,adamw,0.0001,5,1.0,FedAvg,False,0.0,1.0,False,0.6987655769501414,0.6987655769501414,0.962359332557237,0.6661421287161999,0.17018573381224955,0.3492822966507177,0.155154091392136,0.21486387049300956,,,,,,,,,,
2026-02-18T11:40:35.890203,7,Tuning Config 3,federated,37,0.002,512,adamw,0.0001,5,1.0,FedAvg,False,0.0,1.0,False,,,,,,0.3492822966507177,0.155154091392136,0.21486387049300956,,,bank_A,0.5964571980881322,0.07898436546221282,0.9681125439624854,0.22152886115444617,0.11137254901960784,0.14822546972860126,0.6966431266069413
2026-02-18T11:40:35.890203,7,Tuning Config 3,federated,37,0.002,512,adamw,0.0001,5,1.0,FedAvg,False,0.0,1.0,False,,,,,,0.3492822966507177,0.155154091392136,0.21486387049300956,,,bank_B,0.5626835048621559,0.06846755614685895,0.9679568589906411,0.1886178861788618,0.09228321400159109,0.12393162393162394,0.6954190003871917
2026-02-18T11:40:35.890203,7,Tuning Config 3,federated,37,0.002,512,adamw,0.0001,5,1.0,FedAvg,False,0.0,1.0,False,,,,,,0.3492822966507177,0.155154091392136,0.21486387049300956,,,bank_C,0.7007831801388953,0.24567458236119022,0.944246888493777,0.4838709677419355,0.15883977900552487,0.2391681109185442,0.7064478304479029
2026-02-18T11:40:35.965398,7,Tuning Config 3,federated,38,0.002,512,adamw,0.0001,5,1.0,FedAvg,False,0.0,1.0,False,0.6985187445368085,0.6985187445368085,0.9635234769111369,0.682853758917643,0.22800053565220785,0.3978021978021978,0.19234856535600425,0.2593123209169054,,,,,,,,,,
2026-02-18T11:40:35.965398,7,Tuning Config 3,federated,38,0.002,512,adamw,0.0001,5,1.0,FedAvg,False,0.0,1.0,False,,,,,,0.3978021978021978,0.19234856535600425,0.2593123209169054,,,bank_A,0.598349405046058,0.09653700473128361,0.9684251660805002,0.23647604327666152,0.12,0.15920915712799166,0.6944569796323776
2026-02-18T11:40:35.965398,7,Tuning Config 3,federated,38,0.002,512,adamw,0.0001,5,1.0,FedAvg,False,0.0,1.0,False,,,,,,0.3978021978021978,0.19234856535600425,0.2593123209169054,,,bank_B,0.5688937399644597,0.08034570412524591,0.9679763974912565,0.18993506493506493,0.09307875894988067,0.12493326214628937,0.6943197876214982
2026-02-18T11:40:35.965398,7,Tuning Config 3,federated,38,0.002,512,adamw,0.0001,5,1.0,FedAvg,False,0.0,1.0,False,,,,,,0.3978021978021978,0.19234856535600425,0.2593123209169054,,,bank_C,0.7346703141132065,0.32161989407054115,0.9470916941833883,0.5540704738760632,0.20994475138121546,0.3045075125208681,0.7097876451232217
2026-02-18T11:40:36.050984,7,Tuning Config 3,federated,39,0.002,512,adamw,0.0001,5,1.0,FedAvg,False,0.0,1.0,False,0.684748534645353,0.684748534645353,0.9595724415282041,0.4626496846761994,0.08885227195724617,0.17665615141955837,0.05951115834218916,0.0890302066772655,,,,,,,,,,
2026-02-18T11:40:36.050984,7,Tuning Config 3,federated,39,0.002,512,adamw,0.0001,5,1.0,FedAvg,False,0.0,1.0,False,,,,,,0.17665615141955837,0.05951115834218916,0.0890302066772655,,,bank_A,0.4914119729446733,0.050155708082953415,0.9668034388432981,0.13066202090592335,0.058823529411764705,0.08112493239588967,0.6814294010400772
2026-02-18T11:40:36.050984,7,Tuning Config 3,federated,39,0.002,512,adamw,0.0001,5,1.0,FedAvg,False,0.0,1.0,False,,,,,,0.17665615141955837,0.05951115834218916,0.0890302066772655,,,bank_B,0.4930669080008773,0.04694312060503062,0.9670971649635607,0.12078152753108348,0.05409705648369133,0.07472527472527472,0.6838951164484024
2026-02-18T11:40:36.050984,7,Tuning Config 3,federated,39,0.002,512,adamw,0.0001,5,1.0,FedAvg,False,0.0,1.0,False,,,,,,0.17665615141955837,0.05951115834218916,0.0890302066772655,,,bank_C,0.4289656902483024,0.11778685094176117,0.9399542799085598,0.31749049429657794,0.07688766114180479,0.12379540400296515,0.6908606337262438
2026-02-18T11:40:36.115210,7,Tuning Config 3,federated,40,0.002,512,adamw,0.0001,5,1.0,FedAvg,False,0.0,1.0,False,0.6882936081715992,0.6882936081715992,0.9613715737115038,0.5563913841558932,0.1198233040401567,0.2652439024390244,0.0924548352816153,0.13711583924349882,,,,,,,,,,
2026-02-18T11:40:36.115210,7,Tuning Config 3,federated,40,0.002,512,adamw,0.0001,5,1.0,FedAvg,False,0.0,1.0,False,,,,,,0.2652439024390244,0.0924548352816153,0.13711583924349882,,,bank_A,0.5684643174973625,0.10010804543718015,0.968483782727628,0.2423780487804878,0.12470588235294118,0.16468151216986018,0.6834569817781448
2026-02-18T11:40:36.115210,7,Tuning Config 3,federated,40,0.002,512,adamw,0.0001,5,1.0,FedAvg,False,0.0,1.0,False,,,,,,0.2652439024390244,0.0924548352816153,0.13711583924349882,,,bank_B,0.5581999356603581,0.08273523910604882,0.9681913209980266,0.20128824476650564,0.09944311853619729,0.13312034078807242,0.6858820909261704
2026-02-18T11:40:36.115210,7,Tuning Config 3,federated,40,0.002,512,adamw,0.0001,5,1.0,FedAvg,False,0.0,1.0,False,,,,,,0.2652439024390244,0.0924548352816153,0.13711583924349882,,,bank_C,0.5209443068435629,0.14007915247065977,0.9406654813309626,0.35304659498207885,0.09069981583793739,0.1443223443223443,0.6995658278465271
2026-02-18T11:40:36.194377,7,Tuning Config 3,federated,41,0.002,512,adamw,0.0001,5,1.0,FedAvg,False,0.0,1.0,False,0.6925178713032177,0.6925178713032177,0.9612304653049706,0.5086919074090603,0.13502604148274758,0.28055555555555556,0.1073326248671626,0.15526518063028438,,,,,,,,,,
2026-02-18T11:40:36.194377,7,Tuning Config 3,federated,41,0.002,512,adamw,0.0001,5,1.0,FedAvg,False,0.0,1.0,False,,,,,,0.28055555555555556,0.1073326248671626,0.15526518063028438,,,bank_A,0.525876459390489,0.07808734986810058,0.9676826885502149,0.18677685950413223,0.08862745098039215,0.1202127659574468,0.6889232349395752
2026-02-18T11:40:36.194377,7,Tuning Config 3,federated,41,0.002,512,adamw,0.0001,5,1.0,FedAvg,False,0.0,1.0,False,,,,,,0.28055555555555556,0.1073326248671626,0.15526518063028438,,,bank_B,0.5207659158229179,0.07017029132473562,0.9675856274789473,0.16161616161616163,0.07637231503579953,0.10372771474878444,0.6909298765659332
2026-02-18T11:40:36.194377,7,Tuning Config 3,federated,41,0.002,512,adamw,0.0001,5,1.0,FedAvg,False,0.0,1.0,False,,,,,,0.28055555555555556,0.1073326248671626,0.15526518063028438,,,bank_C,0.49533086938969867,0.17764738191553198,0.9426974853949708,0.43597560975609756,0.13167587476979742,0.20226308345120225,0.700745887570567
2026-02-18T11:40:36.255181,7,Tuning Config 3,federated,42,0.002,512,adamw,0.0001,5,1.0,FedAvg,False,0.0,1.0,False,0.7019307411142758,0.7019307411142758,0.9631354287931704,0.6739057350163322,0.22332568888908338,0.38018433179723504,0.17534537725823593,0.24,,,,,,,,,,
2026-02-18T11:40:36.255181,7,Tuning Config 3,federated,42,0.002,512,adamw,0.0001,5,1.0,FedAvg,False,0.0,1.0,False,,,,,,0.38018433179723504,0.17534537725823593,0.24,,,bank_A,0.5949219202759755,0.10362877603617875,0.9680734661977335,0.2190923317683881,0.10980392156862745,0.14629049111807732,0.6974574601650239
2026-02-18T11:40:36.255181,7,Tuning Config 3,federated,42,0.002,512,adamw,0.0001,5,1.0,FedAvg,False,0.0,1.0,False,,,,,,0.38018433179723504,0.17534537725823593,0.24,,,bank_B,0.5732509994348131,0.08206738817502653,0.967741935483871,0.17275747508305647,0.08273667462211615,0.11188811188811189,0.6980827325582504
2026-02-18T11:40:36.255181,7,Tuning Config 3,federated,42,0.002,512,adamw,0.0001,5,1.0,FedAvg,False,0.0,1.0,False,,,,,,0.38018433179723504,0.17534537725823593,0.24,,,bank_C,0.7324576142086491,0.3152834511320583,0.9471678943357886,0.5556900726392252,0.21132596685082872,0.30620413609072716,0.7137895830265888
2026-02-18T11:40:36.333338,7,Tuning Config 3,federated,43,0.002,512,adamw,0.0001,5,1.0,FedAvg,False,0.0,1.0,False,0.6843994355627468,0.6843994355627468,0.9631707058948037,0.5810134077856156,0.18952334675253468,0.3810623556581986,0.17534537725823593,0.24017467248908297,,,,,,,,,,
2026-02-18T11:40:36.333338,7,Tuning Config 3,federated,43,0.002,512,adamw,0.0001,5,1.0,FedAvg,False,0.0,1.0,False,,,,,,0.3810623556581986,0.17534537725823593,0.24017467248908297,,,bank_A,0.5484615907479113,0.070611055680677,0.967663149667839,0.19055374592833876,0.09176470588235294,0.12387506617257808,0.6852019190788269
2026-02-18T11:40:36.333338,7,Tuning Config 3,federated,43,0.002,512,adamw,0.0001,5,1.0,FedAvg,False,0.0,1.0,False,,,,,,0.3810623556581986,0.17534537725823593,0.24017467248908297,,,bank_B,0.5140787903739381,0.05915361276312881,0.9674097809734081,0.1438474870017331,0.066030230708035,0.09051254089422028,0.6872389334440231
2026-02-18T11:40:36.333338,7,Tuning Config 3,federated,43,0.002,512,adamw,0.0001,5,1.0,FedAvg,False,0.0,1.0,False,,,,,,0.3810623556581986,0.17534537725823593,0.24017467248908297,,,bank_C,0.5914789758791168,0.2783794497501272,0.9478282956565913,0.5687645687645687,0.22467771639042358,0.3221122112211221,0.6810404031307666
2026-02-18T11:40:36.392308,7,Tuning Config 3,federated,44,0.002,512,adamw,0.0001,5,1.0,FedAvg,False,0.0,1.0,False,0.7050293992672648,0.7050293992672648,0.9614068508131371,0.6846986119610629,0.14685393770436928,0.30632911392405066,0.12858660998937302,0.18113772455089822,,,,,,,,,,
2026-02-18T11:40:36.392308,7,Tuning Config 3,federated,44,0.002,512,adamw,0.0001,5,1.0,FedAvg,False,0.0,1.0,False,,,,,,0.30632911392405066,0.12858660998937302,0.18113772455089822,,,bank_A,0.6001091171264619,0.06191524484967144,0.9672723720203205,0.1644295302013423,0.07686274509803921,0.10475681453768039,0.700160408616066
2026-02-18T11:40:36.392308,7,Tuning Config 3,federated,44,0.002,512,adamw,0.0001,5,1.0,FedAvg,False,0.0,1.0,False,,,,,,0.30632911392405066,0.12858660998937302,0.18113772455089822,,,bank_B,0.5827786716317953,0.05340289104943776,0.9672730114690998,0.13204225352112675,0.059665871121718374,0.0821917808219178,0.7006193953752518
2026-02-18T11:40:36.392308,7,Tuning Config 3,federated,44,0.002,512,adamw,0.0001,5,1.0,FedAvg,False,0.0,1.0,False,,,,,,0.30632911392405066,0.12858660998937302,0.18113772455089822,,,bank_C,0.742658674048992,0.24386684734734032,0.9442722885445771,0.4847222222222222,0.16068139963167588,0.2413554633471646,0.7198460775536376
2026-02-18T11:40:36.471656,7,Tuning Config 3,federated,45,0.002,512,adamw,0.0001,5,1.0,FedAvg,False,0.0,1.0,False,0.6823398077062198,0.6823398077062198,0.9616185134229371,0.5747070868771182,0.14007510775102697,0.29295774647887324,0.11052072263549416,0.16049382716049382,,,,,,,,,,
2026-02-18T11:40:36.471656,7,Tuning Config 3,federated,45,0.002,512,adamw,0.0001,5,1.0,FedAvg,False,0.0,1.0,False,,,,,,0.29295774647887324,0.11052072263549416,0.16049382716049382,,,bank_A,0.556957906296473,0.08747930824651684,0.968210238374365,0.21794871794871795,0.10666666666666667,0.14323328067403895,0.6760603070259095
2026-02-18T11:40:36.471656,7,Tuning Config 3,federated,45,0.002,512,adamw,0.0001,5,1.0,FedAvg,False,0.0,1.0,False,,,,,,0.29295774647887324,0.11052072263549416,0.16049382716049382,,,bank_B,0.5314474819545917,0.07987779191914363,0.9684843985072585,0.1962457337883959,0.09148766905330151,0.12479652740097667,0.677733747959137
2026-02-18T11:40:36.471656,7,Tuning Config 3,federated,45,0.002,512,adamw,0.0001,5,1.0,FedAvg,False,0.0,1.0,False,,,,,,0.29295774647887324,0.11052072263549416,0.16049382716049382,,,bank_C,0.5682903764603674,0.17264665841144738,0.9413258826517653,0.3853820598006645,0.10681399631675875,0.167267483777938,0.6965908160457364
2026-02-18T11:40:36.532688,7,Tuning Config 3,federated,46,0.002,512,adamw,0.0001,5,1.0,FedAvg,False,0.0,1.0,False,0.7018529006413051,0.7018529006413051,0.9628532119801038,0.6600697055641376,0.1662657823105712,0.3697674418604651,0.1689691817215728,0.23194748358862144,,,,,,,,,,
2026-02-18T11:40:36.532688,7,Tuning Config 3,federated,46,0.002,512,adamw,0.0001,5,1.0,FedAvg,False,0.0,1.0,False,,,,,,0.3697674418604651,0.1689691817215728,0.23194748358862144,,,bank_A,0.5784293058772453,0.07121831535375987,0.968210238374365,0.22755417956656346,0.11529411764705882,0.15304528891202498,0.6984656953811645
2026-02-18T11:40:36.532688,7,Tuning Config 3,federated,46,0.002,512,adamw,0.0001,5,1.0,FedAvg,False,0.0,1.0,False,,,,,,0.3697674418604651,0.1689691817215728,0.23194748358862144,,,bank_B,0.5511188143607559,0.05925889357079725,0.967995935991872,0.18923327895595432,0.09228321400159109,0.12406417112299466,0.698741809129715
2026-02-18T11:40:36.532688,7,Tuning Config 3,federated,46,0.002,512,adamw,0.0001,5,1.0,FedAvg,False,0.0,1.0,False,,,,,,0.3697674418604651,0.1689691817215728,0.23194748358862144,,,bank_C,0.7151492122143243,0.2601397644423715,0.9450850901701804,0.5067024128686327,0.17403314917127072,0.2590815627141878,0.7115810916021272
2026-02-18T11:40:36.593062,7,Tuning Config 3,federated,47,0.002,512,adamw,0.0001,5,1.0,FedAvg,False,0.0,1.0,False,0.6911066632185664,0.6911066632185664,0.9631354287931704,0.6039394594123411,0.19644595320165373,0.38181818181818183,0.1785334750265675,0.2433019551049964,,,,,,,,,,
2026-02-18T11:40:36.593062,7,Tuning Config 3,federated,47,0.002,512,adamw,0.0001,5,1.0,FedAvg,False,0.0,1.0,False,,,,,,0.38181818181818183,0.1785334750265675,0.2433019551049964,,,bank_A,0.5829615956592035,0.10078305577566762,0.9681906994919891,0.22464898595943839,0.11294117647058824,0.15031315240083507,0.6901355373859406
2026-02-18T11:40:36.593062,7,Tuning Config 3,federated,47,0.002,512,adamw,0.0001,5,1.0,FedAvg,False,0.0,1.0,False,,,,,,0.38181818181818183,0.1785334750265675,0.2433019551049964,,,bank_B,0.5654607095067716,0.08478086179410248,0.9680740899943339,0.19448946515397084,0.0954653937947494,0.128068303094984,0.6914851838350295
2026-02-18T11:40:36.593062,7,Tuning Config 3,federated,47,0.002,512,adamw,0.0001,5,1.0,FedAvg,False,0.0,1.0,False,,,,,,0.38181818181818183,0.1785334750265675,0.2433019551049964,,,bank_C,0.6357666274360579,0.27653558404058387,0.9461772923545847,0.5333333333333333,0.19521178637200737,0.28581058308055274,0.6925941457996121
2026-02-18T11:40:36.681523,7,Tuning Config 3,federated,48,0.002,512,adamw,0.0001,5,1.0,FedAvg,False,0.0,1.0,False,0.6960897041218621,0.6960897041218621,0.9629590432850037,0.6695421769382243,0.1655829125892145,0.37354988399071926,0.17109458023379384,0.23469387755102042,,,,,,,,,,
2026-02-18T11:40:36.681523,7,Tuning Config 3,federated,48,0.002,512,adamw,0.0001,5,1.0,FedAvg,False,0.0,1.0,False,,,,,,0.37354988399071926,0.17109458023379384,0.23469387755102042,,,bank_A,0.5884198879832465,0.07525174756453223,0.9684642438452521,0.2363919129082426,0.1192156862745098,0.15849843587069865,0.6936606872081756
2026-02-18T11:40:36.681523,7,Tuning Config 3,federated,48,0.002,512,adamw,0.0001,5,1.0,FedAvg,False,0.0,1.0,False,,,,,,0.37354988399071926,0.17109458023379384,0.23469387755102042,,,bank_B,0.58015457959105,0.06690146340841541,0.967995935991872,0.1912479740680713,0.09387430389817025,0.12593383137673425,0.6933480018377304
2026-02-18T11:40:36.681523,7,Tuning Config 3,federated,48,0.002,512,adamw,0.0001,5,1.0,FedAvg,False,0.0,1.0,False,,,,,,0.37354988399071926,0.17109458023379384,0.23469387755102042,,,bank_C,0.7420290732773708,0.2610740705983662,0.9446532893065787,0.4951321279554937,0.16390423572744015,0.24628156347284677,0.703754215271442
2026-02-18T11:40:36.748057,7,Tuning Config 3,federated,49,0.002,512,adamw,0.0001,5,1.0,FedAvg,False,0.0,1.0,False,0.7039909777896745,0.7039909777896745,0.9611951882033372,0.6770224458865208,0.1437020149624948,0.29457364341085274,0.12114771519659936,0.1716867469879518,,,,,,,,,,
2026-02-18T11:40:36.748057,7,Tuning Config 3,federated,49,0.002,512,adamw,0.0001,5,1.0,FedAvg,False,0.0,1.0,False,,,,,,0.29457364341085274,0.12114771519659936,0.1716867469879518,,,bank_A,0.5882854521630313,0.06356118557462107,0.9673114497850723,0.16610738255033558,0.07764705882352942,0.10582576162479958,0.6964440041780472
2026-02-18T11:40:36.748057,7,Tuning Config 3,federated,49,0.002,512,adamw,0.0001,5,1.0,FedAvg,False,0.0,1.0,False,,,,,,0.29457364341085274,0.12114771519659936,0.1716867469879518,,,bank_B,0.57905422766073,0.057722164587641685,0.96770285848264,0.16778523489932887,0.07955449482895784,0.10793308148947653,0.6963365715742111
2026-02-18T11:40:36.748057,7,Tuning Config 3,federated,49,0.002,512,adamw,0.0001,5,1.0,FedAvg,False,0.0,1.0,False,,,,,,0.29457364341085274,0.12114771519659936,0.1716867469879518,,,bank_C,0.7358915920745457,0.2180646539789147,0.942265684531369,0.4207221350078493,0.12338858195211787,0.19081523673905304,0.7245904919389007
2026-02-18T11:40:36.827348,7,Tuning Config 3,federated,50,0.002,512,adamw,0.0001,5,1.0,FedAvg,False,0.0,1.0,False,0.6815584631902831,0.6815584631902831,0.9653578861960701,0.6427825984722351,0.25962988038809526,0.45610278372591007,0.2263549415515409,0.3025568181818182,,,,,,,,,,
2026-02-18T11:40:36.827348,7,Tuning Config 3,federated,50,0.002,512,adamw,0.0001,5,1.0,FedAvg,False,0.0,1.0,False,,,,,,0.45610278372591007,0.2263549415515409,0.3025568181818182,,,bank_A,0.5385945531804546,0.0940549035587879,0.9680343884329816,0.21394611727416799,0.10588235294117647,0.1416579223504722,0.6792572158575058
2026-02-18T11:40:36.827348,7,Tuning Config 3,federated,50,0.002,512,adamw,0.0001,5,1.0,FedAvg,False,0.0,1.0,False,,,,,,0.45610278372591007,0.2263549415515409,0.3025568181818182,,,bank_B,0.5316815768400744,0.08161067416822063,0.9681131669955647,0.19110378912685339,0.09228321400159109,0.12446351931330472,0.6808726012706756
2026-02-18T11:40:36.827348,7,Tuning Config 3,federated,50,0.002,512,adamw,0.0001,5,1.0,FedAvg,False,0.0,1.0,False,,,,,,0.45610278372591007,0.2263549415515409,0.3025568181818182,,,bank_C,0.7460225848792639,0.40637888855621573,0.9532893065786131,0.6548837209302325,0.3241252302025783,0.4336310440406529,0.6864549757598283
2026-02-18T12:26:51.012524,5,Tuning Config 1,federated,0,0.0005,512,adam,1e-05,5,0.67,FedAvg,False,0.0,1.0,False,4.442575475999287,4.442575475999287,0.9668042473630366,0.5673816317206924,0.06462594918637617,0.0,0.0,0.0,,,,,,,,,,
2026-02-18T12:26:51.012524,5,Tuning Config 1,federated,0,0.0005,512,adam,1e-05,5,0.67,FedAvg,False,0.0,1.0,False,,,,,,0.0,0.0,0.0,,,bank_A,0.5497910343377908,0.03634872845406661,0.9750879249706916,0.0,0.0,0.0,4.021370217800141
2026-02-18T12:26:51.012524,5,Tuning Config 1,federated,0,0.0005,512,adam,1e-05,5,0.67,FedAvg,False,0.0,1.0,False,,,,,,0.0,0.0,0.0,,,bank_B,0.5476419782572295,0.03450844604223916,0.9754401047263633,0.0,0.0,0.0,3.4778734278678893
2026-02-18T12:26:51.012524,5,Tuning Config 1,federated,0,0.0005,512,adam,1e-05,5,0.67,FedAvg,False,0.0,1.0,False,,,,,,0.0,0.0,0.0,,,bank_C,0.5910677760750123,0.1099880125765758,0.9448310896621793,0.0,0.0,0.0,6.165967408712808
2026-02-18T12:26:52.300032,5,Tuning Config 1,federated,1,0.0005,512,adam,1e-05,5,0.67,FedAvg,False,0.0,1.0,False,1.935250659074102,1.935250659074102,0.9668042473630366,0.5663471615041519,0.06984951351827463,0.0,0.0,0.0,,,,,,,,,,
2026-02-18T12:26:52.300032,5,Tuning Config 1,federated,1,0.0005,512,adam,1e-05,5,0.67,FedAvg,False,0.0,1.0,False,,,,,,0.0,0.0,0.0,,,bank_A,0.550889906508641,0.039112203158594566,0.9750879249706916,0.0,0.0,0.0,1.7858068084716796
2026-02-18T12:26:52.300032,5,Tuning Config 1,federated,1,0.0005,512,adam,1e-05,5,0.67,FedAvg,False,0.0,1.0,False,,,,,,0.0,0.0,0.0,,,bank_B,0.5371559360522346,0.03616370300390174,0.9754401047263633,0.0,0.0,0.0,1.6129821741580963
2026-02-18T12:26:52.300032,5,Tuning Config 1,federated,1,0.0005,512,adam,1e-05,5,0.67,FedAvg,False,0.0,1.0,False,,,,,,0.0,0.0,0.0,,,bank_C,0.6024875951270474,0.11322804436290268,0.9448310896621793,0.0,0.0,0.0,2.5150840592074704
2026-02-18T12:26:53.094489,5,Tuning Config 1,federated,2,0.0005,512,adam,1e-05,5,0.67,FedAvg,False,0.0,1.0,False,0.7971652852637428,0.7971652852637428,0.9586905139873708,0.4273083618525477,0.040523019227282284,0.1266233766233766,0.04144527098831031,0.06244995996797438,,,,,,,,,,
2026-02-18T12:26:53.094489,5,Tuning Config 1,federated,2,0.0005,512,adam,1e-05,5,0.67,FedAvg,False,0.0,1.0,False,,,,,,0.1266233766233766,0.04144527098831031,0.06244995996797438,,,bank_A,0.5585443322705298,0.03637245663375095,0.9663931223134037,0.0856610800744879,0.03607843137254902,0.05077262693156733,0.8229532390832901
2026-02-18T12:26:53.094489,5,Tuning Config 1,federated,2,0.0005,512,adam,1e-05,5,0.67,FedAvg,False,0.0,1.0,False,,,,,,0.1266233766233766,0.04144527098831031,0.06244995996797438,,,bank_B,0.5607269031425779,0.034155690432790944,0.9664133174420195,0.06741573033707865,0.028639618138424822,0.04020100502512563,0.8073254603147507
2026-02-18T12:26:53.094489,5,Tuning Config 1,federated,2,0.0005,512,adam,1e-05,5,0.67,FedAvg,False,0.0,1.0,False,,,,,,0.1266233766233766,0.04144527098831031,0.06244995996797438,,,bank_C,0.34275833979668013,0.05229242128054366,0.9373380746761494,0.16091954022988506,0.03222836095764273,0.05370157268891446,0.7499626294358984
2026-02-18T12:26:54.133904,5,Tuning Config 1,federated,3,0.0005,512,adam,1e-05,5,0.67,FedAvg,False,0.0,1.0,False,0.6709522924252919,0.6709522924252919,0.9580908032596042,0.3586265075489803,0.03129665687658657,0.08695652173913043,0.02763018065887354,0.041935483870967745,,,,,,,,,,
2026-02-18T12:26:54.133904,5,Tuning Config 1,federated,3,0.0005,512,adam,1e-05,5,0.67,FedAvg,False,0.0,1.0,False,,,,,,0.08695652173913043,0.02763018065887354,0.041935483870967745,,,bank_A,0.4709820580671905,0.027825083756476864,0.9661195779601407,0.06941838649155722,0.029019607843137254,0.04092920353982301,0.6794969093799591
2026-02-18T12:26:54.133904,5,Tuning Config 1,federated,3,0.0005,512,adam,1e-05,5,0.67,FedAvg,False,0.0,1.0,False,,,,,,0.08695652173913043,0.02763018065887354,0.041935483870967745,,,bank_B,0.4757988865430267,0.02566099015920165,0.9661007014321721,0.033203125,0.013524264120922832,0.01921989824759751,0.6767377364635467
2026-02-18T12:26:54.133904,5,Tuning Config 1,federated,3,0.0005,512,adam,1e-05,5,0.67,FedAvg,False,0.0,1.0,False,,,,,,0.08695652173913043,0.02763018065887354,0.041935483870967745,,,bank_C,0.3059210878087368,0.04550432985372987,0.9368046736093473,0.12380952380952381,0.02394106813996317,0.040123456790123455,0.6438061989747085
2026-02-18T12:26:54.975606,5,Tuning Config 1,federated,4,0.0005,512,adam,1e-05,5,0.67,FedAvg,False,0.0,1.0,False,0.6804540891732488,0.6804540891732488,0.9577733093449042,0.3263665123556722,0.024757514694529217,0.025925925925925925,0.007438894792773645,0.011560693641618497,,,,,,,,,,
2026-02-18T12:26:54.975606,5,Tuning Config 1,federated,4,0.0005,512,adam,1e-05,5,0.67,FedAvg,False,0.0,1.0,False,,,,,,0.025925925925925925,0.007438894792773645,0.011560693641618497,,,bank_A,0.4565570112625754,0.02460860143634601,0.9656311059007425,0.02734375,0.010980392156862745,0.01566871852266368,0.6839679074287415
2026-02-18T12:26:54.975606,5,Tuning Config 1,federated,4,0.0005,512,adam,1e-05,5,0.67,FedAvg,False,0.0,1.0,False,,,,,,0.025925925925925925,0.007438894792773645,0.011560693641618497,,,bank_B,0.4671162298754568,0.02463793614522949,0.9678005509857174,0.01488833746898263,0.00477326968973747,0.007228915662650603,0.6865568143129349
2026-02-18T12:26:54.975606,5,Tuning Config 1,federated,4,0.0005,512,adam,1e-05,5,0.67,FedAvg,False,0.0,1.0,False,,,,,,0.025925925925925925,0.007438894792773645,0.011560693641618497,,,bank_C,0.24115400890382332,0.03598091788320075,0.936271272542545,0.04087193460490463,0.006906077348066298,0.011815675462780622,0.6552235453159778
2026-02-18T12:26:55.902131,5,Tuning Config 1,federated,5,0.0005,512,adam,1e-05,5,0.67,FedAvg,False,0.0,1.0,False,0.9122804115925517,0.9122804115925517,0.9593255018167708,0.5245156218651904,0.05988953618160496,0.1728395061728395,0.05951115834218916,0.08853754940711463,,,,,,,,,,
2026-02-18T12:26:55.902131,5,Tuning Config 1,federated,5,0.0005,512,adam,1e-05,5,0.67,FedAvg,False,0.0,1.0,False,,,,,,0.1728395061728395,0.05951115834218916,0.08853754940711463,,,bank_A,0.567826635312977,0.04021502000010252,0.9663735834310277,0.0900735294117647,0.038431372549019606,0.05387575590984057,0.9265918099880218
2026-02-18T12:26:55.902131,5,Tuning Config 1,federated,5,0.0005,512,adam,1e-05,5,0.67,FedAvg,False,0.0,1.0,False,,,,,,0.1728395061728395,0.05951115834218916,0.08853754940711463,,,bank_B,0.5568171416894172,0.037248930326203286,0.9666673179500205,0.09107468123861566,0.03977724741447892,0.05537098560354374,0.8903697431087494
2026-02-18T12:26:55.902131,5,Tuning Config 1,federated,5,0.0005,512,adam,1e-05,5,0.67,FedAvg,False,0.0,1.0,False,,,,,,0.1728395061728395,0.05951115834218916,0.08853754940711463,,,bank_C,0.49633265100591073,0.08544832204673446,0.9382778765557531,0.2334710743801653,0.05202578268876611,0.08509036144578314,0.9199073755895937
2026-02-18T12:26:56.670929,5,Tuning Config 1,federated,6,0.0005,512,adam,1e-05,5,0.67,FedAvg,False,0.0,1.0,False,0.7071172967553139,0.7071172967553139,0.9578085864465375,0.3431596112551042,0.026750245628263534,0.046263345195729534,0.01381509032943677,0.02127659574468085,,,,,,,,,,
2026-02-18T12:26:56.670929,5,Tuning Config 1,federated,6,0.0005,512,adam,1e-05,5,0.67,FedAvg,False,0.0,1.0,False,,,,,,0.046263345195729534,0.01381509032943677,0.02127659574468085,,,bank_A,0.45692154701776516,0.026160964614918885,0.9659437280187573,0.05849056603773585,0.02431372549019608,0.03434903047091413,0.708023282289505
2026-02-18T12:26:56.670929,5,Tuning Config 1,federated,6,0.0005,512,adam,1e-05,5,0.67,FedAvg,False,0.0,1.0,False,,,,,,0.046263345195729534,0.01381509032943677,0.02127659574468085,,,bank_B,0.45197456697425903,0.02412777257125216,0.9676442429807937,0.026128266033254157,0.008750994431185362,0.013110846245530394,0.7096478813886642
2026-02-18T12:26:56.670929,5,Tuning Config 1,federated,6,0.0005,512,adam,1e-05,5,0.67,FedAvg,False,0.0,1.0,False,,,,,,0.046263345195729534,0.01381509032943677,0.02127659574468085,,,bank_C,0.2524042177063125,0.03611847068246599,0.9360426720853442,0.042328042328042326,0.007366482504604052,0.012549019607843137,0.6902579053655847
2026-02-18T12:26:57.465808,5,Tuning Config 1,federated,7,0.0005,512,adam,1e-05,5,0.67,FedAvg,False,0.0,1.0,False,0.7142989422593798,0.7142989422593798,0.9577733093449042,0.32320815589688734,0.024359356206534802,0.018796992481203006,0.005313496280552604,0.008285004142502071,,,,,,,,,,
2026-02-18T12:26:57.465808,5,Tuning Config 1,federated,7,0.0005,512,adam,1e-05,5,0.67,FedAvg,False,0.0,1.0,False,,,,,,0.018796992481203006,0.005313496280552604,0.008285004142502071,,,bank_A,0.4305783498450978,0.022879664863736125,0.9655920281359907,0.023529411764705882,0.009411764705882352,0.013445378151260505,0.7133158856630325
2026-02-18T12:26:57.465808,5,Tuning Config 1,federated,7,0.0005,512,adam,1e-05,5,0.67,FedAvg,False,0.0,1.0,False,,,,,,0.018796992481203006,0.005313496280552604,0.008285004142502071,,,bank_B,0.44124497238985444,0.022752126372242675,0.968210859498642,0.013157894736842105,0.003977724741447892,0.006108735491753207,0.7173794746398926
2026-02-18T12:26:57.465808,5,Tuning Config 1,federated,7,0.0005,512,adam,1e-05,5,0.67,FedAvg,False,0.0,1.0,False,,,,,,0.018796992481203006,0.005313496280552604,0.008285004142502071,,,bank_C,0.24759348633270745,0.035991865401187206,0.9360426720853442,0.0374331550802139,0.006445672191528545,0.010997643362136685,0.6952375150346136
2026-02-18T12:26:58.295843,5,Tuning Config 1,federated,8,0.0005,512,adam,1e-05,5,0.67,FedAvg,False,0.0,1.0,False,0.7509373447724751,0.7509373447724751,0.9604543690690373,0.5496832259712127,0.07933249131194704,0.2457627118644068,0.0924548352816153,0.13436293436293437,,,,,,,,,,
2026-02-18T12:26:58.295843,5,Tuning Config 1,federated,8,0.0005,512,adam,1e-05,5,0.67,FedAvg,False,0.0,1.0,False,,,,,,0.2457627118644068,0.0924548352816153,0.13436293436293437,,,bank_A,0.5610193249527041,0.04945063573731834,0.9670379054318093,0.13082437275985664,0.05725490196078432,0.07965084560829241,0.7710558837652206
2026-02-18T12:26:58.295843,5,Tuning Config 1,federated,8,0.0005,512,adam,1e-05,5,0.67,FedAvg,False,0.0,1.0,False,,,,,,0.2457627118644068,0.0924548352816153,0.13436293436293437,,,bank_B,0.5349806248058704,0.043140762427987464,0.9672730114690998,0.1396551724137931,0.06443914081145585,0.08818726183995645,0.7644328737258911
2026-02-18T12:26:58.295843,5,Tuning Config 1,federated,8,0.0005,512,adam,1e-05,5,0.67,FedAvg,False,0.0,1.0,False,,,,,,0.2457627118644068,0.0924548352816153,0.13436293436293437,,,bank_C,0.5265782794714502,0.11814480692384796,0.9403860807721616,0.34458259325044405,0.08931860036832412,0.14186471663619743,0.7068358350109745
2026-02-18T12:26:59.085090,5,Tuning Config 1,federated,9,0.0005,512,adam,1e-05,5,0.67,FedAvg,False,0.0,1.0,False,0.6927729674748012,0.6927729674748012,0.9574910925318376,0.34224377667944755,0.025626337333973195,0.025179856115107913,0.007438894792773645,0.011484823625922888,,,,,,,,,,
2026-02-18T12:26:59.085090,5,Tuning Config 1,federated,9,0.0005,512,adam,1e-05,5,0.67,FedAvg,False,0.0,1.0,False,,,,,,0.025179856115107913,0.007438894792773645,0.011484823625922888,,,bank_A,0.4316179800444373,0.022707718512931078,0.9656701836654943,0.025590551181102362,0.01019607843137255,0.014582164890633763,0.692923948764801
2026-02-18T12:26:59.085090,5,Tuning Config 1,federated,9,0.0005,512,adam,1e-05,5,0.67,FedAvg,False,0.0,1.0,False,,,,,,0.025179856115107913,0.007438894792773645,0.011484823625922888,,,bank_B,0.4387236618753585,0.022471219298751004,0.9664914714444813,0.01276595744680851,0.00477326968973747,0.006948465547191662,0.696189148426056
2026-02-18T12:26:59.085090,5,Tuning Config 1,federated,9,0.0005,512,adam,1e-05,5,0.67,FedAvg,False,0.0,1.0,False,,,,,,0.025179856115107913,0.007438894792773645,0.011484823625922888,,,bank_C,0.27959403350167245,0.03909706390913407,0.9359664719329439,0.05141388174807198,0.009208103130755065,0.015618898867629832,0.6731242491053296
2026-02-18T12:26:59.764318,5,Tuning Config 1,federated,10,0.0005,512,adam,1e-05,5,0.67,FedAvg,False,0.0,1.0,False,0.7130350257669177,0.7130350257669177,0.9577380322432709,0.4295274241629567,0.03417720422280333,0.05536332179930796,0.01700318809776833,0.026016260162601626,,,,,,,,,,
2026-02-18T12:26:59.764318,5,Tuning Config 1,federated,10,0.0005,512,adam,1e-05,5,0.67,FedAvg,False,0.0,1.0,False,,,,,,0.05536332179930796,0.01700318809776833,0.026016260162601626,,,bank_A,0.4526326530211323,0.023854327381254974,0.9656701836654943,0.018,0.007058823529411765,0.010140845070422535,0.7148281329870224
2026-02-18T12:26:59.764318,5,Tuning Config 1,federated,10,0.0005,512,adam,1e-05,5,0.67,FedAvg,False,0.0,1.0,False,,,,,,0.05536332179930796,0.01700318809776833,0.026016260162601626,,,bank_B,0.4718830777116938,0.02417721733451298,0.965885777925402,0.011976047904191617,0.00477326968973747,0.006825938566552901,0.712175213098526
2026-02-18T12:26:59.764318,5,Tuning Config 1,federated,10,0.0005,512,adam,1e-05,5,0.67,FedAvg,False,0.0,1.0,False,,,,,,0.05536332179930796,0.01700318809776833,0.026016260162601626,,,bank_C,0.4405004125551018,0.06210281526104452,0.9370586741173482,0.11940298507462686,0.022099447513812154,0.037296037296037296,0.7031006898198809
2026-02-18T12:27:00.630035,5,Tuning Config 1,federated,11,0.0005,512,adam,1e-05,5,0.67,FedAvg,False,0.0,1.0,False,0.674322824393,0.674322824393,0.9574910925318376,0.3461735653191669,0.026002622048685687,0.02857142857142857,0.008501594048884165,0.013104013104013105,,,,,,,,,,
2026-02-18T12:27:00.630035,5,Tuning Config 1,federated,11,0.0005,512,adam,1e-05,5,0.67,FedAvg,False,0.0,1.0,False,,,,,,0.02857142857142857,0.008501594048884165,0.013104013104013105,,,bank_A,0.45421736593645573,0.024484718110011953,0.9657288003126221,0.027613412228796843,0.010980392156862745,0.015712682379349047,0.6739092272520065
2026-02-18T12:27:00.630035,5,Tuning Config 1,federated,11,0.0005,512,adam,1e-05,5,0.67,FedAvg,False,0.0,1.0,False,,,,,,0.02857142857142857,0.008501594048884165,0.013104013104013105,,,bank_B,0.4634010920146754,0.0243101730528611,0.9683671675035658,0.016042780748663103,0.00477326968973747,0.007357449417535254,0.6782992029190064
2026-02-18T12:27:00.630035,5,Tuning Config 1,federated,11,0.0005,512,adam,1e-05,5,0.67,FedAvg,False,0.0,1.0,False,,,,,,0.02857142857142857,0.008501594048884165,0.013104013104013105,,,bank_C,0.2847007891273586,0.038322843217017004,0.9360172720345441,0.056265984654731455,0.010128913443830571,0.017167381974248927,0.6559958914657692
2026-02-18T12:27:01.336610,5,Tuning Config 1,federated,12,0.0005,512,adam,1e-05,5,0.67,FedAvg,False,0.0,1.0,False,0.6757162692291396,0.6757162692291396,0.9591138392069708,0.4961902041665287,0.056319297211153814,0.1696969696969697,0.05951115834218916,0.08811959087332809,,,,,,,,,,
2026-02-18T12:27:01.336610,5,Tuning Config 1,federated,12,0.0005,512,adam,1e-05,5,0.67,FedAvg,False,0.0,1.0,False,,,,,,0.1696969696969697,0.05951115834218916,0.08811959087332809,,,bank_A,0.5225392481008033,0.030279735619665047,0.9658851113716296,0.0497131931166348,0.0203921568627451,0.028921023359288096,0.6888813084363937
2026-02-18T12:27:01.336610,5,Tuning Config 1,federated,12,0.0005,512,adam,1e-05,5,0.67,FedAvg,False,0.0,1.0,False,,,,,,0.1696969696969697,0.05951115834218916,0.08811959087332809,,,bank_B,0.5167711723729377,0.027964031381707874,0.9665110099450969,0.022964509394572025,0.008750994431185362,0.012672811059907835,0.6893458485603332
2026-02-18T12:27:01.336610,5,Tuning Config 1,federated,12,0.0005,512,adam,1e-05,5,0.67,FedAvg,False,0.0,1.0,False,,,,,,0.1696969696969697,0.05951115834218916,0.08811959087332809,,,bank_C,0.494236488139672,0.11849855629397266,0.9409194818389637,0.36724137931034484,0.09806629834254144,0.15479651162790697,0.6381838073978177
2026-02-18T12:27:02.126043,5,Tuning Config 1,federated,13,0.0005,512,adam,1e-05,5,0.67,FedAvg,False,0.0,1.0,False,0.6727269430245671,0.6727269430245671,0.9577733093449042,0.3510032903117083,0.027430700447204182,0.05862068965517241,0.018065887353878853,0.02761982128350934,,,,,,,,,,
2026-02-18T12:27:02.126043,5,Tuning Config 1,federated,13,0.0005,512,adam,1e-05,5,0.67,FedAvg,False,0.0,1.0,False,,,,,,0.05862068965517241,0.018065887353878853,0.02761982128350934,,,bank_A,0.46243404429199797,0.02505972023940431,0.9655529503712388,0.01968503937007874,0.00784313725490196,0.011217049915872126,0.670632615685463
2026-02-18T12:27:02.126043,5,Tuning Config 1,federated,13,0.0005,512,adam,1e-05,5,0.67,FedAvg,False,0.0,1.0,False,,,,,,0.05862068965517241,0.018065887353878853,0.02761982128350934,,,bank_B,0.4754541142791618,0.024869160750614076,0.9680936284949493,0.012953367875647668,0.003977724741447892,0.006086427267194157,0.6781056380271911
2026-02-18T12:27:02.126043,5,Tuning Config 1,federated,13,0.0005,512,adam,1e-05,5,0.67,FedAvg,False,0.0,1.0,False,,,,,,0.05862068965517241,0.018065887353878853,0.02761982128350934,,,bank_C,0.28229381131701076,0.040752592635654304,0.9364236728473457,0.09135802469135802,0.01703499079189687,0.02871556072953046,0.6579364623342242
2026-02-18T12:27:02.821164,5,Tuning Config 1,federated,14,0.0005,512,adam,1e-05,5,0.67,FedAvg,False,0.0,1.0,False,0.6910767831972667,0.6910767831972667,0.9579849719547042,0.3468106187409957,0.02665199068795321,0.05985915492957746,0.018065887353878853,0.027755102040816326,,,,,,,,,,
2026-02-18T12:27:02.821164,5,Tuning Config 1,federated,14,0.0005,512,adam,1e-05,5,0.67,FedAvg,False,0.0,1.0,False,,,,,,0.05985915492957746,0.018065887353878853,0.027755102040816326,,,bank_A,0.45723308796517304,0.024826944971053835,0.9680343884329816,0.018666666666666668,0.005490196078431373,0.008484848484848486,0.6780008995532989
2026-02-18T12:27:02.821164,5,Tuning Config 1,federated,14,0.0005,512,adam,1e-05,5,0.67,FedAvg,False,0.0,1.0,False,,,,,,0.05985915492957746,0.018065887353878853,0.027755102040816326,,,bank_B,0.4750704762567661,0.02473188894403882,0.9659834704284793,0.010121457489878543,0.003977724741447892,0.0057110222729868645,0.6847182887792588
2026-02-18T12:27:02.821164,5,Tuning Config 1,federated,14,0.0005,512,adam,1e-05,5,0.67,FedAvg,False,0.0,1.0,False,,,,,,0.05985915492957746,0.018065887353878853,0.027755102040816326,,,bank_C,0.26909887405578453,0.03717525406497063,0.9362204724409449,0.04065040650406504,0.006906077348066298,0.011806375442739079,0.6964149475097656
2026-02-18T12:27:03.636352,5,Tuning Config 1,federated,15,0.0005,512,adam,1e-05,5,0.67,FedAvg,False,0.0,1.0,False,0.7495543328779084,0.7495543328779084,0.9604190919674039,0.6570005536459161,0.10622534623115057,0.25068870523415976,0.09670563230605739,0.13957055214723926,,,,,,,,,,
2026-02-18T12:27:03.636352,5,Tuning Config 1,federated,15,0.0005,512,adam,1e-05,5,0.67,FedAvg,False,0.0,1.0,False,,,,,,0.25068870523415976,0.09670563230605739,0.13957055214723926,,,bank_A,0.5842576267457188,0.04035394717682026,0.9667448221961704,0.1038961038961039,0.04392156862745098,0.06174200661521499,0.7232448709011078
2026-02-18T12:27:03.636352,5,Tuning Config 1,federated,15,0.0005,512,adam,1e-05,5,0.67,FedAvg,False,0.0,1.0,False,,,,,,0.25068870523415976,0.09670563230605739,0.13957055214723926,,,bank_B,0.5723212329678263,0.03600697005831615,0.9665500869463277,0.07792207792207792,0.03341288782816229,0.0467706013363029,0.722861281633377
2026-02-18T12:27:03.636352,5,Tuning Config 1,federated,15,0.0005,512,adam,1e-05,5,0.67,FedAvg,False,0.0,1.0,False,,,,,,0.25068870523415976,0.09670563230605739,0.13957055214723926,,,bank_C,0.6801906813540837,0.16088061254299071,0.939497078994158,0.3018867924528302,0.07366482504604052,0.11843079200592153,0.8109170732560096
2026-02-18T12:27:04.424296,5,Tuning Config 1,federated,16,0.0005,512,adam,1e-05,5,0.67,FedAvg,False,0.0,1.0,False,0.9324237416897502,0.9324237416897502,0.9595018873249374,0.6092619323723725,0.07773914346872986,0.19648093841642228,0.07120085015940489,0.10452418096723869,,,,,,,,,,
2026-02-18T12:27:04.424296,5,Tuning Config 1,federated,16,0.0005,512,adam,1e-05,5,0.67,FedAvg,False,0.0,1.0,False,,,,,,0.19648093841642228,0.07120085015940489,0.10452418096723869,,,bank_A,0.6017023481870456,0.040648956619230014,0.9661586557248926,0.074487895716946,0.03137254901960784,0.04415011037527594,0.892964124083519
2026-02-18T12:27:04.424296,5,Tuning Config 1,federated,16,0.0005,512,adam,1e-05,5,0.67,FedAvg,False,0.0,1.0,False,,,,,,0.19648093841642228,0.07120085015940489,0.10452418096723869,,,bank_B,0.5896401033947097,0.038115111595320446,0.9665500869463277,0.08103130755064457,0.035003977724741446,0.04888888888888889,0.8649153715372085
2026-02-18T12:27:04.424296,5,Tuning Config 1,federated,16,0.0005,512,adam,1e-05,5,0.67,FedAvg,False,0.0,1.0,False,,,,,,0.19648093841642228,0.07120085015940489,0.10452418096723869,,,bank_C,0.601111553305357,0.11692756023953513,0.9386334772669546,0.25303643724696356,0.05755064456721915,0.09377344336084022,1.0611121282949076
2026-02-18T12:27:05.155042,5,Tuning Config 1,federated,17,0.0005,512,adam,1e-05,5,0.67,FedAvg,False,0.0,1.0,False,0.8858514513288226,0.8858514513288226,0.9598193812396374,0.6144976824656484,0.08919839290130455,0.21220930232558138,0.077577045696068,0.11361867704280156,,,,,,,,,,
2026-02-18T12:27:05.155042,5,Tuning Config 1,federated,17,0.0005,512,adam,1e-05,5,0.67,FedAvg,False,0.0,1.0,False,,,,,,0.21220930232558138,0.077577045696068,0.11361867704280156,,,bank_A,0.5998242700346345,0.04089885197437913,0.9660805001953888,0.07076350093109869,0.02980392156862745,0.04194260485651214,0.84532444357872
2026-02-18T12:27:05.155042,5,Tuning Config 1,federated,17,0.0005,512,adam,1e-05,5,0.67,FedAvg,False,0.0,1.0,False,,,,,,0.21220930232558138,0.077577045696068,0.11361867704280156,,,bank_B,0.5904533044563458,0.03768721596468119,0.9664914714444813,0.06954887218045112,0.0294351630867144,0.04136389044158748,0.8257411700487137
2026-02-18T12:27:05.155042,5,Tuning Config 1,federated,17,0.0005,512,adam,1e-05,5,0.67,FedAvg,False,0.0,1.0,False,,,,,,0.21220930232558138,0.077577045696068,0.11361867704280156,,,bank_C,0.6188029290174515,0.13437074019651543,0.9389128778257556,0.27111984282907664,0.06353591160220995,0.10294666169339799,1.0040344355942368
2026-02-18T12:27:05.908096,5,Tuning Config 1,federated,18,0.0005,512,adam,1e-05,5,0.67,FedAvg,False,0.0,1.0,False,0.8483741922037942,0.8483741922037942,0.9589727308004374,0.6531423457851058,0.07076407344921676,0.1574074074074074,0.05419766206163656,0.08063241106719368,,,,,,,,,,
2026-02-18T12:27:05.908096,5,Tuning Config 1,federated,18,0.0005,512,adam,1e-05,5,0.67,FedAvg,False,0.0,1.0,False,,,,,,0.1574074074074074,0.05419766206163656,0.08063241106719368,,,bank_A,0.5993906461492523,0.039906049824497775,0.966021883548261,0.06554307116104868,0.027450980392156862,0.038695411829740185,0.8122870779037475
2026-02-18T12:27:05.908096,5,Tuning Config 1,federated,18,0.0005,512,adam,1e-05,5,0.67,FedAvg,False,0.0,1.0,False,,,,,,0.1574074074074074,0.05419766206163656,0.08063241106719368,,,bank_B,0.5971588429368886,0.03736528274031333,0.966432855942635,0.0691588785046729,0.0294351630867144,0.041294642857142856,0.8006047755479813
2026-02-18T12:27:05.908096,5,Tuning Config 1,federated,18,0.0005,512,adam,1e-05,5,0.67,FedAvg,False,0.0,1.0,False,,,,,,0.1574074074074074,0.05419766206163656,0.08063241106719368,,,bank_C,0.6385588996794516,0.10261446703015678,0.9378968757937516,0.20770877944325483,0.04465930018416206,0.07351269420234938,0.9504334353781366
2026-02-18T12:27:06.697301,5,Tuning Config 1,federated,19,0.0005,512,adam,1e-05,5,0.67,FedAvg,False,0.0,1.0,False,0.7714527547359467,0.7714527547359467,0.9626062722686705,0.6927139142719743,0.17945163683202792,0.35523114355231145,0.155154091392136,0.21597633136094674,,,,,,,,,,
2026-02-18T12:27:06.697301,5,Tuning Config 1,federated,19,0.0005,512,adam,1e-05,5,0.67,FedAvg,False,0.0,1.0,False,,,,,,0.35523114355231145,0.155154091392136,0.21597633136094674,,,bank_A,0.6165007867890169,0.07066353658099994,0.9669402110199297,0.14113597246127366,0.06431372549019608,0.08836206896551724,0.7463881051540375
2026-02-18T12:27:06.697301,5,Tuning Config 1,federated,19,0.0005,512,adam,1e-05,5,0.67,FedAvg,False,0.0,1.0,False,,,,,,0.35523114355231145,0.155154091392136,0.21597633136094674,,,bank_B,0.5974017021385633,0.06667411609308346,0.9674879349758699,0.155668358714044,0.07319013524264122,0.09956709956709957,0.7389344000816345
2026-02-18T12:27:06.697301,5,Tuning Config 1,federated,19,0.0005,512,adam,1e-05,5,0.67,FedAvg,False,0.0,1.0,False,,,,,,0.35523114355231145,0.155154091392136,0.21597633136094674,,,bank_C,0.7190995151920582,0.2526385278710793,0.9443484886969774,0.4868238557558946,0.16160220994475138,0.2426546837193225,0.8403351864257416
2026-02-18T12:27:07.517873,5,Tuning Config 1,federated,20,0.0005,512,adam,1e-05,5,0.67,FedAvg,False,0.0,1.0,False,0.7542448725019183,0.7542448725019183,0.9630648745899036,0.705908159611643,0.20963613487341912,0.3778801843317972,0.1742826780021254,0.23854545454545453,,,,,,,,,,
2026-02-18T12:27:07.517873,5,Tuning Config 1,federated,20,0.0005,512,adam,1e-05,5,0.67,FedAvg,False,0.0,1.0,False,,,,,,0.3778801843317972,0.1742826780021254,0.23854545454545453,,,bank_A,0.6145122792128573,0.08352023817948726,0.9677999218444705,0.19376026272577998,0.09254901960784313,0.12526539278131635,0.7375084614753723
2026-02-18T12:27:07.517873,5,Tuning Config 1,federated,20,0.0005,512,adam,1e-05,5,0.67,FedAvg,False,0.0,1.0,False,,,,,,0.3778801843317972,0.1742826780021254,0.23854545454545453,,,bank_B,0.6105170710713379,0.0681440152414459,0.9673120884703308,0.13380281690140844,0.060461416070007955,0.08328767123287671,0.7345744055509568
2026-02-18T12:27:07.517873,5,Tuning Config 1,federated,20,0.0005,512,adam,1e-05,5,0.67,FedAvg,False,0.0,1.0,False,,,,,,0.3778801843317972,0.1742826780021254,0.23854545454545453,,,bank_C,0.7500201871286176,0.29462346489906777,0.9464312928625858,0.5395232120451694,0.19797421731123388,0.28965981812057934,0.8005928474587279
2026-02-18T12:27:08.278579,5,Tuning Config 1,federated,21,0.0005,512,adam,1e-05,5,0.67,FedAvg,False,0.0,1.0,False,0.7987166792154312,0.7987166792154312,0.9631001516915371,0.7289422416013374,0.18831406394508535,0.38148984198645597,0.179596174282678,0.24421965317919075,,,,,,,,,,
2026-02-18T12:27:08.278579,5,Tuning Config 1,federated,21,0.0005,512,adam,1e-05,5,0.67,FedAvg,False,0.0,1.0,False,,,,,,0.38148984198645597,0.179596174282678,0.24421965317919075,,,bank_A,0.620938693321232,0.08490530219310367,0.9682493161391168,0.22397476340694006,0.11137254901960784,0.14876898899947616,0.7571420890092849
2026-02-18T12:27:08.278579,5,Tuning Config 1,federated,21,0.0005,512,adam,1e-05,5,0.67,FedAvg,False,0.0,1.0,False,,,,,,0.38148984198645597,0.179596174282678,0.24421965317919075,,,bank_B,0.6121117304348752,0.07469842503709148,0.968249936499873,0.19836065573770492,0.09626093874303898,0.12961971076593465,0.7469926190376281
2026-02-18T12:27:08.278579,5,Tuning Config 1,federated,21,0.0005,512,adam,1e-05,5,0.67,FedAvg,False,0.0,1.0,False,,,,,,0.38148984198645597,0.179596174282678,0.24421965317919075,,,bank_C,0.7797757857335448,0.2687263534802722,0.9444500889001778,0.4896836313617607,0.16390423572744015,0.24560193170058642,0.9152820938593381
2026-02-18T12:27:09.014868,5,Tuning Config 1,federated,22,0.0005,512,adam,1e-05,5,0.67,FedAvg,False,0.0,1.0,False,0.7343993921365056,0.7343993921365056,0.9618654531343704,0.6969718848847685,0.162218043490108,0.32673267326732675,0.14027630180658873,0.1962825278810409,,,,,,,,,,
2026-02-18T12:27:09.014868,5,Tuning Config 1,federated,22,0.0005,512,adam,1e-05,5,0.67,FedAvg,False,0.0,1.0,False,,,,,,0.32673267326732675,0.14027630180658873,0.1962825278810409,,,bank_A,0.6095569189302812,0.07293248263469082,0.9677413051973427,0.1967741935483871,0.09568627450980392,0.1287598944591029,0.7222238051891327
2026-02-18T12:27:09.014868,5,Tuning Config 1,federated,22,0.0005,512,adam,1e-05,5,0.67,FedAvg,False,0.0,1.0,False,,,,,,0.32673267326732675,0.14027630180658873,0.1962825278810409,,,bank_B,0.5916558323783417,0.0661682756933714,0.9678787049881792,0.18330605564648117,0.08910103420843278,0.11991434689507495,0.7200645959377289
2026-02-18T12:27:09.014868,5,Tuning Config 1,federated,22,0.0005,512,adam,1e-05,5,0.67,FedAvg,False,0.0,1.0,False,,,,,,0.32673267326732675,0.14027630180658873,0.1962825278810409,,,bank_C,0.7365784433448915,0.20553936272907208,0.941249682499365,0.3815126050420168,0.10451197053406998,0.1640766172750271,0.7704554076318617
2026-02-18T12:27:09.833861,5,Tuning Config 1,federated,23,0.0005,512,adam,1e-05,5,0.67,FedAvg,False,0.0,1.0,False,0.7134060880967549,0.7134060880967549,0.9591843934102374,0.4792496783324207,0.04663009756260412,0.08139534883720931,0.022316684378320937,0.03502919099249374,,,,,,,,,,
2026-02-18T12:27:09.833861,5,Tuning Config 1,federated,23,0.0005,512,adam,1e-05,5,0.67,FedAvg,False,0.0,1.0,False,,,,,,0.08139534883720931,0.022316684378320937,0.03502919099249374,,,bank_A,0.4810131878019217,0.03293555496414335,0.9661391168425166,0.07276119402985075,0.03058823529411765,0.04307012700165654,0.6835010045766831
2026-02-18T12:27:09.833861,5,Tuning Config 1,federated,23,0.0005,512,adam,1e-05,5,0.67,FedAvg,False,0.0,1.0,False,,,,,,0.08139534883720931,0.022316684378320937,0.03502919099249374,,,bank_B,0.49457232272290164,0.03455471536736442,0.968797014517106,0.08333333333333333,0.027048528241845664,0.04084084084084084,0.685660212635994
2026-02-18T12:27:09.833861,5,Tuning Config 1,federated,23,0.0005,512,adam,1e-05,5,0.67,FedAvg,False,0.0,1.0,False,,,,,,0.08139534883720931,0.022316684378320937,0.03502919099249374,,,bank_C,0.45010458442635926,0.0608561350661612,0.9379476758953518,0.09309309309309309,0.01427255985267035,0.02475049900199601,0.7834971787093522
2026-02-18T12:27:10.624562,5,Tuning Config 1,federated,24,0.0005,512,adam,1e-05,5,0.67,FedAvg,False,0.0,1.0,False,0.747869220163141,0.747869220163141,0.9579849719547042,0.5846816512716291,0.05997382963582913,0.0777027027027027,0.024442082890541977,0.037186742118027485,,,,,,,,,,
2026-02-18T12:27:10.624562,5,Tuning Config 1,federated,24,0.0005,512,adam,1e-05,5,0.67,FedAvg,False,0.0,1.0,False,,,,,,0.0777027027027027,0.024442082890541977,0.037186742118027485,,,bank_A,0.5004868544351915,0.03181389438406734,0.9661781946072685,0.07933579335793357,0.03372549019607843,0.04733076499724821,0.7242383116483688
2026-02-18T12:27:10.624562,5,Tuning Config 1,federated,24,0.0005,512,adam,1e-05,5,0.67,FedAvg,False,0.0,1.0,False,,,,,,0.0777027027027027,0.024442082890541977,0.037186742118027485,,,bank_B,0.4988411343077596,0.03442568662261111,0.966647779449405,0.08791208791208792,0.03818615751789976,0.05324459234608985,0.7228120756149292
2026-02-18T12:27:10.624562,5,Tuning Config 1,federated,24,0.0005,512,adam,1e-05,5,0.67,FedAvg,False,0.0,1.0,False,,,,,,0.0777027027027027,0.024442082890541977,0.037186742118027485,,,bank_C,0.6046939022345901,0.08493402072740136,0.9365506731013462,0.0925,0.01703499079189687,0.028771384136858476,0.8087751052596353
2026-02-18T12:27:11.451183,5,Tuning Config 1,federated,25,0.0005,512,adam,1e-05,5,0.67,FedAvg,False,0.0,1.0,False,0.7381517408149583,0.7381517408149583,0.9593960560200374,0.652349121406042,0.09333748611516078,0.17791411042944785,0.061636556854410204,0.09155485398579322,,,,,,,,,,
2026-02-18T12:27:11.451183,5,Tuning Config 1,federated,25,0.0005,512,adam,1e-05,5,0.67,FedAvg,False,0.0,1.0,False,,,,,,0.17791411042944785,0.061636556854410204,0.09155485398579322,,,bank_A,0.5666258440055715,0.04394934007605575,0.9660609613130129,0.06741573033707865,0.02823529411764706,0.03980099502487562,0.7271052676439286
2026-02-18T12:27:11.451183,5,Tuning Config 1,federated,25,0.0005,512,adam,1e-05,5,0.67,FedAvg,False,0.0,1.0,False,,,,,,0.17791411042944785,0.061636556854410204,0.09155485398579322,,,bank_B,0.571754866920392,0.04104889933263872,0.9667845489537132,0.07156673114119923,0.0294351630867144,0.04171364148816235,0.7249528956413269
2026-02-18T12:27:11.451183,5,Tuning Config 1,federated,25,0.0005,512,adam,1e-05,5,0.67,FedAvg,False,0.0,1.0,False,,,,,,0.17791411042944785,0.061636556854410204,0.09155485398579322,,,bank_C,0.671068630345777,0.13288319860803186,0.938506477012954,0.24746450304259635,0.056169429097605895,0.09155722326454034,0.7679084717453301
2026-02-18T12:27:12.168125,5,Tuning Config 1,federated,26,0.0005,512,adam,1e-05,5,0.67,FedAvg,False,0.0,1.0,False,0.7213594679321561,0.7213594679321561,0.9631354287931704,0.6486015806866217,0.19560775403073308,0.3743961352657005,0.1647183846971307,0.22878228782287824,,,,,,,,,,
2026-02-18T12:27:12.168125,5,Tuning Config 1,federated,26,0.0005,512,adam,1e-05,5,0.67,FedAvg,False,0.0,1.0,False,,,,,,0.3743961352657005,0.1647183846971307,0.22878228782287824,,,bank_A,0.5414137763711836,0.06504250991967613,0.9667057444314185,0.12169312169312169,0.05411764705882353,0.0749185667752443,0.7065653955936432
2026-02-18T12:27:12.168125,5,Tuning Config 1,federated,26,0.0005,512,adam,1e-05,5,0.67,FedAvg,False,0.0,1.0,False,,,,,,0.3743961352657005,0.1647183846971307,0.22878228782287824,,,bank_B,0.5557193154756727,0.060460222710432394,0.9678591664875638,0.13940520446096655,0.059665871121718374,0.08356545961002786,0.7069292759895325
2026-02-18T12:27:12.168125,5,Tuning Config 1,federated,26,0.0005,512,adam,1e-05,5,0.67,FedAvg,False,0.0,1.0,False,,,,,,0.3743961352657005,0.1647183846971307,0.22878228782287824,,,bank_C,0.7208732719149538,0.31519137952795473,0.9478282956565913,0.5697399527186762,0.22191528545119704,0.3194168323392976,0.7564494795613474
2026-02-18T12:27:12.942417,5,Tuning Config 1,federated,27,0.0005,512,adam,1e-05,5,0.67,FedAvg,False,0.0,1.0,False,0.7350057491234371,0.7350057491234371,0.9603838148657706,0.6641481619754372,0.1320202831697376,0.25136612021857924,0.09776833156216791,0.1407804131599082,,,,,,,,,,
2026-02-18T12:27:12.942417,5,Tuning Config 1,federated,27,0.0005,512,adam,1e-05,5,0.67,FedAvg,False,0.0,1.0,False,,,,,,0.25136612021857924,0.09776833156216791,0.1407804131599082,,,bank_A,0.6010292182597917,0.07958726690105002,0.9675849941383353,0.18524590163934426,0.08862745098039215,0.11989389920424404,0.7196824723482131
2026-02-18T12:27:12.942417,5,Tuning Config 1,federated,27,0.0005,512,adam,1e-05,5,0.67,FedAvg,False,0.0,1.0,False,,,,,,0.25136612021857924,0.09776833156216791,0.1407804131599082,,,bank_B,0.6074971028357694,0.06832106917369002,0.9674293194740236,0.15017064846416384,0.07000795544948289,0.09549647314161692,0.7194232231378556
2026-02-18T12:27:12.942417,5,Tuning Config 1,federated,27,0.0005,512,adam,1e-05,5,0.67,FedAvg,False,0.0,1.0,False,,,,,,0.25136612021857924,0.09776833156216791,0.1407804131599082,,,bank_C,0.6609308301095813,0.17075949380713196,0.9413258826517653,0.3853820598006645,0.10681399631675875,0.167267483777938,0.7734604052134922
2026-02-18T12:27:13.676328,5,Tuning Config 1,federated,28,0.0005,512,adam,1e-05,5,0.67,FedAvg,False,0.0,1.0,False,0.7025928827268737,0.7025928827268737,0.9590785621053374,0.48870919847131994,0.07567548914980421,0.16307692307692306,0.0563230605738576,0.08372827804107424,,,,,,,,,,
2026-02-18T12:27:13.676328,5,Tuning Config 1,federated,28,0.0005,512,adam,1e-05,5,0.67,FedAvg,False,0.0,1.0,False,,,,,,0.16307692307692306,0.0563230605738576,0.08372827804107424,,,bank_A,0.5099269710489146,0.04502556793977938,0.9683665494333724,0.08653846153846154,0.02823529411764706,0.04257835600236547,0.7005416458845138
2026-02-18T12:27:13.676328,5,Tuning Config 1,federated,28,0.0005,512,adam,1e-05,5,0.67,FedAvg,False,0.0,1.0,False,,,,,,0.16307692307692306,0.0563230605738576,0.08372827804107424,,,bank_B,0.5234445537806168,0.0437326629297888,0.9690705535257225,0.07552083333333333,0.023070803500397773,0.03534430225472273,0.703705968260765
2026-02-18T12:27:13.676328,5,Tuning Config 1,federated,28,0.0005,512,adam,1e-05,5,0.67,FedAvg,False,0.0,1.0,False,,,,,,0.16307692307692306,0.0563230605738576,0.08372827804107424,,,bank_C,0.43569505905236394,0.10291343223895864,0.9388874777749555,0.26968503937007876,0.0630755064456722,0.10223880597014925,0.7023120793429288
2026-02-18T12:27:14.401738,5,Tuning Config 1,federated,29,0.0005,512,adam,1e-05,5,0.67,FedAvg,False,0.0,1.0,False,0.702059126326016,0.702059126326016,0.9610540797968039,0.5113047609438518,0.12005138585589752,0.27298050139275765,0.10414452709883103,0.15076923076923077,,,,,,,,,,
2026-02-18T12:27:14.401738,5,Tuning Config 1,federated,29,0.0005,512,adam,1e-05,5,0.67,FedAvg,False,0.0,1.0,False,,,,,,0.27298050139275765,0.10414452709883103,0.15076923076923077,,,bank_A,0.5382272906758134,0.059617118437758174,0.9666471277842907,0.11428571428571428,0.05019607843137255,0.06975476839237058,0.7013142544031143
2026-02-18T12:27:14.401738,5,Tuning Config 1,federated,29,0.0005,512,adam,1e-05,5,0.67,FedAvg,False,0.0,1.0,False,,,,,,0.27298050139275765,0.10414452709883103,0.15076923076923077,,,bank_B,0.542019956252358,0.051137410397665076,0.9668040874543288,0.08921933085501858,0.03818615751789976,0.053481894150417826,0.7029760038852692
2026-02-18T12:27:14.401738,5,Tuning Config 1,federated,29,0.0005,512,adam,1e-05,5,0.67,FedAvg,False,0.0,1.0,False,,,,,,0.27298050139275765,0.10414452709883103,0.15076923076923077,,,bank_C,0.48232223296228616,0.17562814430903867,0.9426974853949708,0.43478260869565216,0.1289134438305709,0.19886363636363635,0.7007866470844715
2026-02-18T12:27:15.171529,5,Tuning Config 1,federated,30,0.0005,512,adam,1e-05,5,0.67,FedAvg,False,0.0,1.0,False,0.7731379802737918,0.7731379802737918,0.9590785621053374,0.6187512713731249,0.07358014550538872,0.1651376146788991,0.057385759829968117,0.08517350157728706,,,,,,,,,,
2026-02-18T12:27:15.171529,5,Tuning Config 1,federated,30,0.0005,512,adam,1e-05,5,0.67,FedAvg,False,0.0,1.0,False,,,,,,0.1651376146788991,0.057385759829968117,0.08517350157728706,,,bank_A,0.5937204610328253,0.03871881166696258,0.9660805001953888,0.07076350093109869,0.02980392156862745,0.04194260485651214,0.7684675538539887
2026-02-18T12:27:15.171529,5,Tuning Config 1,federated,30,0.0005,512,adam,1e-05,5,0.67,FedAvg,False,0.0,1.0,False,,,,,,0.1651376146788991,0.057385759829968117,0.08517350157728706,,,bank_B,0.578198248768518,0.03568188170041685,0.9664133174420195,0.06415094339622641,0.027048528241845664,0.038052602126468944,0.7623965448141098
2026-02-18T12:27:15.171529,5,Tuning Config 1,federated,30,0.0005,512,adam,1e-05,5,0.67,FedAvg,False,0.0,1.0,False,,,,,,0.1651376146788991,0.057385759829968117,0.08517350157728706,,,bank_C,0.6033264130222649,0.12334830405466361,0.9390398780797562,0.27647058823529413,0.0649171270718232,0.10514541387024609,0.7928578636863015
2026-02-18T12:27:15.945441,5,Tuning Config 1,federated,31,0.0005,512,adam,1e-05,5,0.67,FedAvg,False,0.0,1.0,False,0.7444134173648698,0.7444134173648698,0.9598193812396374,0.6133156108217419,0.10855414778621009,0.21551724137931033,0.07970244420828905,0.11636927851047324,,,,,,,,,,
2026-02-18T12:27:15.945441,5,Tuning Config 1,federated,31,0.0005,512,adam,1e-05,5,0.67,FedAvg,False,0.0,1.0,False,,,,,,0.21551724137931033,0.07970244420828905,0.11636927851047324,,,bank_A,0.588533311330744,0.05021041478529767,0.9664322000781556,0.09057301293900184,0.038431372549019606,0.053964757709251104,0.7390007907152176
2026-02-18T12:27:15.945441,5,Tuning Config 1,federated,31,0.0005,512,adam,1e-05,5,0.67,FedAvg,False,0.0,1.0,False,,,,,,0.21551724137931033,0.07970244420828905,0.11636927851047324,,,bank_B,0.5920353272694464,0.04328262937874411,0.9666282409487896,0.0847145488029466,0.03659506762132061,0.051111111111111114,0.7366008138656617
2026-02-18T12:27:15.945441,5,Tuning Config 1,federated,31,0.0005,512,adam,1e-05,5,0.67,FedAvg,False,0.0,1.0,False,,,,,,0.21551724137931033,0.07970244420828905,0.11636927851047324,,,bank_C,0.5984575956924356,0.16352679265006986,0.94000508001016,0.3278985507246377,0.08333333333333333,0.1328928046989721,0.7609389145652969
2026-02-18T12:27:16.697874,5,Tuning Config 1,federated,32,0.0005,512,adam,1e-05,5,0.67,FedAvg,False,0.0,1.0,False,0.7441260399562972,0.7441260399562972,0.9583377429710375,0.5987709277807329,0.05804804947294228,0.10526315789473684,0.03400637619553666,0.05140562248995984,,,,,,,,,,
2026-02-18T12:27:16.697874,5,Tuning Config 1,federated,32,0.0005,512,adam,1e-05,5,0.67,FedAvg,False,0.0,1.0,False,,,,,,0.10526315789473684,0.03400637619553666,0.05140562248995984,,,bank_A,0.6098934171003336,0.03850610352040601,0.966041422430637,0.05904761904761905,0.02431372549019608,0.034444444444444444,0.7375651013851166
2026-02-18T12:27:16.697874,5,Tuning Config 1,federated,32,0.0005,512,adam,1e-05,5,0.67,FedAvg,False,0.0,1.0,False,,,,,,0.10526315789473684,0.03400637619553666,0.05140562248995984,,,bank_B,0.6015349536546146,0.03727550785724379,0.966393778941404,0.064030131826742,0.027048528241845664,0.03803131991051454,0.7304228192567825
2026-02-18T12:27:16.697874,5,Tuning Config 1,federated,32,0.0005,512,adam,1e-05,5,0.67,FedAvg,False,0.0,1.0,False,,,,,,0.10526315789473684,0.03400637619553666,0.05140562248995984,,,bank_C,0.5103646671730406,0.08110585893121197,0.9372110744221488,0.1590909090909091,0.03222836095764273,0.05359877488514548,0.770124847238714
2026-02-18T12:27:17.374163,5,Tuning Config 1,federated,33,0.0005,512,adam,1e-05,5,0.67,FedAvg,False,0.0,1.0,False,0.6961888990231923,0.6961888990231923,0.9594313331216707,0.5022463801103771,0.075127478639718,0.18991097922848665,0.06801275239107332,0.10015649452269171,,,,,,,,,,
2026-02-18T12:27:17.374163,5,Tuning Config 1,federated,33,0.0005,512,adam,1e-05,5,0.67,FedAvg,False,0.0,1.0,False,,,,,,0.18991097922848665,0.06801275239107332,0.10015649452269171,,,bank_A,0.5731098106009261,0.05067792635225937,0.9666666666666667,0.11310592459605028,0.04941176470588235,0.06877729257641921,0.6987514638900757
2026-02-18T12:27:17.374163,5,Tuning Config 1,federated,33,0.0005,512,adam,1e-05,5,0.67,FedAvg,False,0.0,1.0,False,,,,,,0.18991097922848665,0.06801275239107332,0.10015649452269171,,,bank_B,0.5562788055186765,0.05050666673320062,0.9669994724604833,0.11837455830388692,0.053301511535401754,0.07350521119034559,0.6982704472541809
2026-02-18T12:27:17.374163,5,Tuning Config 1,federated,33,0.0005,512,adam,1e-05,5,0.67,FedAvg,False,0.0,1.0,False,,,,,,0.18991097922848665,0.06801275239107332,0.10015649452269171,,,bank_C,0.4020555299266075,0.09187543611889745,0.9389382778765557,0.2661290322580645,0.06077348066298342,0.09895052473763119,0.6907987509454999
2026-02-18T12:27:18.016598,5,Tuning Config 1,federated,34,0.0005,512,adam,1e-05,5,0.67,FedAvg,False,0.0,1.0,False,0.6834891214966774,0.6834891214966774,0.9585494055808375,0.4567168168997022,0.05096362458358679,0.11764705882352941,0.03825717321997875,0.057738572574178026,,,,,,,,,,
2026-02-18T12:27:18.016598,5,Tuning Config 1,federated,34,0.0005,512,adam,1e-05,5,0.67,FedAvg,False,0.0,1.0,False,,,,,,0.11764705882352941,0.03825717321997875,0.057738572574178026,,,bank_A,0.513850567057802,0.03281817256104581,0.9659828057835091,0.05534351145038168,0.022745098039215685,0.032240133407448586,0.6795710235834121
2026-02-18T12:27:18.016598,5,Tuning Config 1,federated,34,0.0005,512,adam,1e-05,5,0.67,FedAvg,False,0.0,1.0,False,,,,,,0.11764705882352941,0.03825717321997875,0.057738572574178026,,,bank_B,0.5225632141443698,0.033921716207761354,0.967194857466638,0.05672268907563025,0.021479713603818614,0.031159838430467397,0.6811317473649978
2026-02-18T12:27:18.016598,5,Tuning Config 1,federated,34,0.0005,512,adam,1e-05,5,0.67,FedAvg,False,0.0,1.0,False,,,,,,0.11764705882352941,0.03825717321997875,0.057738572574178026,,,bank_C,0.3843274869131462,0.07317412452320762,0.9377698755397511,0.19517543859649122,0.040976058931860036,0.06773211567732115,0.688321108941908
2026-02-18T12:27:18.798365,5,Tuning Config 1,federated,35,0.0005,512,adam,1e-05,5,0.67,FedAvg,False,0.0,1.0,False,0.6910062123622213,0.6910062123622213,0.9599252125445373,0.4835199022096435,0.05880180450686961,0.14022140221402213,0.040382571732199786,0.0627062706270627,,,,,,,,,,
2026-02-18T12:27:18.798365,5,Tuning Config 1,federated,35,0.0005,512,adam,1e-05,5,0.67,FedAvg,False,0.0,1.0,False,,,,,,0.14022140221402213,0.040382571732199786,0.0627062706270627,,,bank_A,0.511537482000114,0.034607153542474886,0.9659828057835091,0.058712121212121215,0.02431372549019608,0.03438713255684969,0.6849568623304367
2026-02-18T12:27:18.798365,5,Tuning Config 1,federated,35,0.0005,512,adam,1e-05,5,0.67,FedAvg,False,0.0,1.0,False,,,,,,0.14022140221402213,0.040382571732199786,0.0627062706270627,,,bank_B,0.5241481690196146,0.03471466788117402,0.9665891639475587,0.07977736549165121,0.03420843277645187,0.04788418708240535,0.6868494170904159
2026-02-18T12:27:18.798365,5,Tuning Config 1,federated,35,0.0005,512,adam,1e-05,5,0.67,FedAvg,False,0.0,1.0,False,,,,,,0.14022140221402213,0.040382571732199786,0.0627062706270627,,,bank_C,0.4309847682359207,0.07847331950534867,0.9384048768097536,0.1937046004842615,0.03683241252302026,0.061895551257253385,0.7024117174086633
2026-02-18T12:27:19.517562,5,Tuning Config 1,federated,36,0.0005,512,adam,1e-05,5,0.67,FedAvg,False,0.0,1.0,False,0.7008167569126401,0.7008167569126401,0.9593960560200374,0.5054236399438738,0.06950523987123744,0.17592592592592593,0.06057385759829968,0.09011857707509881,,,,,,,,,,
2026-02-18T12:27:19.517562,5,Tuning Config 1,federated,36,0.0005,512,adam,1e-05,5,0.67,FedAvg,False,0.0,1.0,False,,,,,,0.17592592592592593,0.06057385759829968,0.09011857707509881,,,bank_A,0.53320214289503,0.03985497846133465,0.9663735834310277,0.08082706766917293,0.03372549019607843,0.047592695074709465,0.6974073606729507
2026-02-18T12:27:19.517562,5,Tuning Config 1,federated,36,0.0005,512,adam,1e-05,5,0.67,FedAvg,False,0.0,1.0,False,,,,,,0.17592592592592593,0.06057385759829968,0.09011857707509881,,,bank_B,0.5343291333455332,0.042167092696086525,0.9668040874543288,0.10108303249097472,0.04455051710421639,0.06184428492545555,0.6964555555582046
2026-02-18T12:27:19.517562,5,Tuning Config 1,federated,36,0.0005,512,adam,1e-05,5,0.67,FedAvg,False,0.0,1.0,False,,,,,,0.17592592592592593,0.06057385759829968,0.09011857707509881,,,bank_C,0.4492965546871418,0.09674685601927793,0.9390906781813564,0.2784313725490196,0.06537753222836096,0.1058911260253542,0.7096740704078179
2026-02-18T12:27:20.389132,5,Tuning Config 1,federated,37,0.0005,512,adam,1e-05,5,0.67,FedAvg,False,0.0,1.0,False,0.7403650475399834,0.7403650475399834,0.9583024658694042,0.6408064299858164,0.05960098430363613,0.0859106529209622,0.026567481402763018,0.040584415584415584,,,,,,,,,,
2026-02-18T12:27:20.389132,5,Tuning Config 1,federated,37,0.0005,512,adam,1e-05,5,0.67,FedAvg,False,0.0,1.0,False,,,,,,0.0859106529209622,0.026567481402763018,0.040584415584415584,,,bank_A,0.6162124821474526,0.03845368126163792,0.9663149667838999,0.060665362035225046,0.02431372549019608,0.03471444568868981,0.7339445149898529
2026-02-18T12:27:20.389132,5,Tuning Config 1,federated,37,0.0005,512,adam,1e-05,5,0.67,FedAvg,False,0.0,1.0,False,,,,,,0.0859106529209622,0.026567481402763018,0.040584415584415584,,,bank_B,0.6149458473618163,0.03730600424169942,0.9663156249389422,0.05182341650671785,0.021479713603818614,0.030371203599550055,0.7269669646024703
2026-02-18T12:27:20.389132,5,Tuning Config 1,federated,37,0.0005,512,adam,1e-05,5,0.67,FedAvg,False,0.0,1.0,False,,,,,,0.0859106529209622,0.026567481402763018,0.040584415584415584,,,bank_C,0.6031804493142415,0.08194394745346938,0.93751587503175,0.14532019704433496,0.02716390423572744,0.045771916214119475,0.7661435178347996
2026-02-18T12:27:21.108534,5,Tuning Config 1,federated,38,0.0005,512,adam,1e-05,5,0.67,FedAvg,False,0.0,1.0,False,0.7275039819734437,0.7275039819734437,0.9590432850037041,0.626638108288302,0.06459204890893624,0.14516129032258066,0.04782146652497343,0.07194244604316546,,,,,,,,,,
2026-02-18T12:27:21.108534,5,Tuning Config 1,federated,38,0.0005,512,adam,1e-05,5,0.67,FedAvg,False,0.0,1.0,False,,,,,,0.14516129032258066,0.04782146652497343,0.07194244604316546,,,bank_A,0.6116642090560301,0.045358267509035745,0.9667448221961704,0.12478031634446397,0.05568627450980392,0.0770065075921909,0.7191337341070175
2026-02-18T12:27:21.108534,5,Tuning Config 1,federated,38,0.0005,512,adam,1e-05,5,0.67,FedAvg,False,0.0,1.0,False,,,,,,0.14516129032258066,0.04782146652497343,0.07194244604316546,,,bank_B,0.6033223801690106,0.04668711858633513,0.9669799339598679,0.1140819964349376,0.05091487669053302,0.0704070407040704,0.7157019972801208
2026-02-18T12:27:21.108534,5,Tuning Config 1,federated,38,0.0005,512,adam,1e-05,5,0.67,FedAvg,False,0.0,1.0,False,,,,,,0.14516129032258066,0.04782146652497343,0.07194244604316546,,,bank_C,0.568186891124763,0.0777768197717649,0.9371856743713487,0.1571753986332574,0.031767955801104975,0.05285331290693221,0.753981545373991
2026-02-18T12:27:22.000264,5,Tuning Config 1,federated,39,0.0005,512,adam,1e-05,5,0.67,FedAvg,False,0.0,1.0,False,0.7433625438383648,0.7433625438383648,0.9600663209510707,0.7011410193304554,0.10619053415568179,0.22318840579710145,0.0818278427205101,0.11975116640746501,,,,,,,,,,
2026-02-18T12:27:22.000264,5,Tuning Config 1,federated,39,0.0005,512,adam,1e-05,5,0.67,FedAvg,False,0.0,1.0,False,,,,,,0.22318840579710145,0.0818278427205101,0.11975116640746501,,,bank_A,0.6226516577575825,0.05514436283107546,0.9667838999609223,0.11985688729874776,0.05254901960784314,0.07306434023991276,0.7320749437808991
2026-02-18T12:27:22.000264,5,Tuning Config 1,federated,39,0.0005,512,adam,1e-05,5,0.67,FedAvg,False,0.0,1.0,False,,,,,,0.22318840579710145,0.0818278427205101,0.11975116640746501,,,bank_B,0.6097245537959147,0.047371748070011835,0.9668822414567906,0.10752688172043011,0.0477326968973747,0.06611570247933884,0.7279770964384079
2026-02-18T12:27:22.000264,5,Tuning Config 1,federated,39,0.0005,512,adam,1e-05,5,0.67,FedAvg,False,0.0,1.0,False,,,,,,0.22318840579710145,0.0818278427205101,0.11975116640746501,,,bank_C,0.6994759181294228,0.15702982752769185,0.9403098806197613,0.3416370106761566,0.08839779005524862,0.14045354791514264,0.7800515998493541
2026-02-18T12:27:22.724748,5,Tuning Config 1,federated,40,0.0005,512,adam,1e-05,5,0.67,FedAvg,False,0.0,1.0,False,0.7257516320262637,0.7257516320262637,0.9591138392069708,0.6861953908647881,0.08895549159169475,0.1696969696969697,0.05951115834218916,0.08811959087332809,,,,,,,,,,
2026-02-18T12:27:22.724748,5,Tuning Config 1,federated,40,0.0005,512,adam,1e-05,5,0.67,FedAvg,False,0.0,1.0,False,,,,,,0.1696969696969697,0.05951115834218916,0.08811959087332809,,,bank_A,0.6195481611139597,0.04658027524476488,0.9663540445486518,0.09437386569872959,0.0407843137254902,0.056955093099671415,0.7142977124452591
2026-02-18T12:27:22.724748,5,Tuning Config 1,federated,40,0.0005,512,adam,1e-05,5,0.67,FedAvg,False,0.0,1.0,False,,,,,,0.1696969696969697,0.05951115834218916,0.08811959087332809,,,bank_B,0.6211449836527974,0.04560351665726201,0.9670385494617143,0.11743772241992882,0.05250596658711217,0.0725673446948873,0.711017810702324
2026-02-18T12:27:22.724748,5,Tuning Config 1,federated,40,0.0005,512,adam,1e-05,5,0.67,FedAvg,False,0.0,1.0,False,,,,,,0.1696969696969697,0.05951115834218916,0.08811959087332809,,,bank_C,0.688688540404507,0.12042391071210524,0.9378714757429515,0.20217391304347826,0.04281767955801105,0.07066869300911854,0.7590278464478332
2026-02-18T12:27:23.530188,5,Tuning Config 1,federated,41,0.0005,512,adam,1e-05,5,0.67,FedAvg,False,0.0,1.0,False,0.70683831934418,0.70683831934418,0.9599604896461706,0.5481977890923146,0.10643973887564614,0.22443181818181818,0.08395324123273114,0.12219644238205724,,,,,,,,,,
2026-02-18T12:27:23.530188,5,Tuning Config 1,federated,41,0.0005,512,adam,1e-05,5,0.67,FedAvg,False,0.0,1.0,False,,,,,,0.22443181818181818,0.08395324123273114,0.12219644238205724,,,bank_A,0.5678506967159171,0.081031504027206,0.9669792887846815,0.1391304347826087,0.06274509803921569,0.08648648648648649,0.7024849396944046
2026-02-18T12:27:23.530188,5,Tuning Config 1,federated,41,0.0005,512,adam,1e-05,5,0.67,FedAvg,False,0.0,1.0,False,,,,,,0.22443181818181818,0.08395324123273114,0.12219644238205724,,,bank_B,0.5631113469083987,0.06536473696814175,0.9668627029561752,0.1073345259391771,0.0477326968973747,0.06607929515418502,0.7035312950611115
2026-02-18T12:27:23.530188,5,Tuning Config 1,federated,41,0.0005,512,adam,1e-05,5,0.67,FedAvg,False,0.0,1.0,False,,,,,,0.22443181818181818,0.08395324123273114,0.12219644238205724,,,bank_C,0.48764006228378975,0.1322743980045763,0.9400304800609601,0.3233644859813084,0.07965009208103131,0.1278167713335796,0.7170343623532878
2026-02-18T12:27:24.364497,5,Tuning Config 1,federated,42,0.0005,512,adam,1e-05,5,0.67,FedAvg,False,0.0,1.0,False,0.6915264800190926,0.6915264800190926,0.9588668994955375,0.45305072549019454,0.06404060174990797,0.14953271028037382,0.05100956429330499,0.07606973058637084,,,,,,,,,,
2026-02-18T12:27:24.364497,5,Tuning Config 1,federated,42,0.0005,512,adam,1e-05,5,0.67,FedAvg,False,0.0,1.0,False,,,,,,0.14953271028037382,0.05100956429330499,0.07606973058637084,,,bank_A,0.512525146798525,0.04345512434233269,0.966295427901524,0.08639705882352941,0.03686274509803922,0.05167674546454096,0.6889811199903488
2026-02-18T12:27:24.364497,5,Tuning Config 1,federated,42,0.0005,512,adam,1e-05,5,0.67,FedAvg,False,0.0,1.0,False,,,,,,0.14953271028037382,0.05100956429330499,0.07606973058637084,,,bank_B,0.5296529165062795,0.03903901272780678,0.966432855942635,0.07076350093109869,0.030230708035003977,0.042363433667781496,0.6893805819749832
2026-02-18T12:27:24.364497,5,Tuning Config 1,federated,42,0.0005,512,adam,1e-05,5,0.67,FedAvg,False,0.0,1.0,False,,,,,,0.14953271028037382,0.05100956429330499,0.07606973058637084,,,bank_C,0.39823989032064444,0.09089755477099258,0.9384556769113538,0.24335378323108384,0.05478821362799263,0.08944006012777152,0.6963080903152367
2026-02-18T12:27:25.159061,5,Tuning Config 1,federated,43,0.0005,512,adam,1e-05,5,0.67,FedAvg,False,0.0,1.0,False,0.6918548579726901,0.6918548579726901,0.9604896461706706,0.5338494491033131,0.11026028052118418,0.2375366568914956,0.08607863974495218,0.12636505460218408,,,,,,,,,,
2026-02-18T12:27:25.159061,5,Tuning Config 1,federated,43,0.0005,512,adam,1e-05,5,0.67,FedAvg,False,0.0,1.0,False,,,,,,0.2375366568914956,0.08607863974495218,0.12636505460218408,,,bank_A,0.5332065984193497,0.06017936648402633,0.9666471277842907,0.11702127659574468,0.05176470588235294,0.07177814029363784,0.6894641321897507
2026-02-18T12:27:25.159061,5,Tuning Config 1,federated,43,0.0005,512,adam,1e-05,5,0.67,FedAvg,False,0.0,1.0,False,,,,,,0.2375366568914956,0.08607863974495218,0.12636505460218408,,,bank_B,0.5402733714514161,0.05878624786606526,0.9668431644555597,0.10431654676258993,0.046141607000795545,0.06398234969663541,0.6898307657241821
2026-02-18T12:27:25.159061,5,Tuning Config 1,federated,43,0.0005,512,adam,1e-05,5,0.67,FedAvg,False,0.0,1.0,False,,,,,,0.2375366568914956,0.08607863974495218,0.12636505460218408,,,bank_C,0.5154730627708554,0.1579848307999953,0.940995681991364,0.37094017094017095,0.09990791896869244,0.15741748277112805,0.6964655789462003
2026-02-18T12:27:25.831733,5,Tuning Config 1,federated,44,0.0005,512,adam,1e-05,5,0.67,FedAvg,False,0.0,1.0,False,0.6902745142579079,0.6902745142579079,0.960207429357604,0.49196548410515073,0.12361180715701361,0.23054755043227665,0.08501594048884166,0.12422360248447205,,,,,,,,,,
2026-02-18T12:27:25.831733,5,Tuning Config 1,federated,44,0.0005,512,adam,1e-05,5,0.67,FedAvg,False,0.0,1.0,False,,,,,,0.23054755043227665,0.08501594048884166,0.12422360248447205,,,bank_A,0.5348151448536534,0.07711049454965298,0.9669597499023056,0.14261168384879724,0.06509803921568627,0.08939149165320409,0.6886591082811355
2026-02-18T12:27:25.831733,5,Tuning Config 1,federated,44,0.0005,512,adam,1e-05,5,0.67,FedAvg,False,0.0,1.0,False,,,,,,0.23054755043227665,0.08501594048884166,0.12422360248447205,,,bank_B,0.5396206211165713,0.06435717531573916,0.9668822414567906,0.10892857142857143,0.04852824184566428,0.06714364336818933,0.6907493060827256
2026-02-18T12:27:25.831733,5,Tuning Config 1,federated,44,0.0005,512,adam,1e-05,5,0.67,FedAvg,False,0.0,1.0,False,,,,,,0.23054755043227665,0.08501594048884166,0.12422360248447205,,,bank_C,0.4521536831867929,0.16698834061831697,0.9424180848361696,0.424,0.1220073664825046,0.18948873793350018,0.6906680124146598
2026-02-18T12:27:26.590031,5,Tuning Config 1,federated,45,0.0005,512,adam,1e-05,5,0.67,FedAvg,False,0.0,1.0,False,0.6891420132347515,0.6891420132347515,0.9613715737115038,0.5510101459356038,0.1508786603268086,0.30456852791878175,0.1275239107332625,0.1797752808988764,,,,,,,,,,
2026-02-18T12:27:26.590031,5,Tuning Config 1,federated,45,0.0005,512,adam,1e-05,5,0.67,FedAvg,False,0.0,1.0,False,,,,,,0.30456852791878175,0.1275239107332625,0.1797752808988764,,,bank_A,0.5369025697845515,0.08608164279626981,0.9672332942555686,0.16161616161616163,0.07529411764705882,0.10272873194221509,0.6867159819602966
2026-02-18T12:27:26.590031,5,Tuning Config 1,federated,45,0.0005,512,adam,1e-05,5,0.67,FedAvg,False,0.0,1.0,False,,,,,,0.30456852791878175,0.1275239107332625,0.1797752808988764,,,bank_B,0.54373775425839,0.07920873185920933,0.9672925499697154,0.14113597246127366,0.06523468575974542,0.08922742110990206,0.6873930239677429
2026-02-18T12:27:26.590031,5,Tuning Config 1,federated,45,0.0005,512,adam,1e-05,5,0.67,FedAvg,False,0.0,1.0,False,,,,,,0.30456852791878175,0.1275239107332625,0.1797752808988764,,,bank_C,0.5182169094221485,0.18993474719826298,0.9430784861569723,0.44732824427480916,0.13489871086556168,0.20728687654757694,0.694412219834018
2026-02-18T12:27:27.396979,5,Tuning Config 1,federated,46,0.0005,512,adam,1e-05,5,0.67,FedAvg,False,0.0,1.0,False,0.692755119076797,0.692755119076797,0.9602427064592373,0.5677248782293072,0.11335366300411687,0.24022346368715083,0.09139213602550478,0.13240954580446498,,,,,,,,,,
2026-02-18T12:27:27.396979,5,Tuning Config 1,federated,46,0.0005,512,adam,1e-05,5,0.67,FedAvg,False,0.0,1.0,False,,,,,,0.24022346368715083,0.09139213602550478,0.13240954580446498,,,bank_A,0.5406616021421092,0.0626901481392529,0.9672723720203205,0.13768115942028986,0.0596078431372549,0.08319649698960044,0.6897739511728287
2026-02-18T12:27:27.396979,5,Tuning Config 1,federated,46,0.0005,512,adam,1e-05,5,0.67,FedAvg,False,0.0,1.0,False,,,,,,0.24022346368715083,0.09139213602550478,0.13240954580446498,,,bank_B,0.5479971561546821,0.06578288121226224,0.9669799339598679,0.1168141592920354,0.05250596658711217,0.07244785949506037,0.689574391245842
2026-02-18T12:27:27.396979,5,Tuning Config 1,federated,46,0.0005,512,adam,1e-05,5,0.67,FedAvg,False,0.0,1.0,False,,,,,,0.24022346368715083,0.09139213602550478,0.13240954580446498,,,bank_C,0.5385141946580823,0.1383237942277725,0.9398272796545593,0.31860036832412525,0.07965009208103131,0.1274401473296501,0.7002723758870905
2026-02-18T12:27:28.104101,5,Tuning Config 1,federated,47,0.0005,512,adam,1e-05,5,0.67,FedAvg,False,0.0,1.0,False,0.7083997407129833,0.7083997407129833,0.9609482484919039,0.6824799761883399,0.1436230559856371,0.26685393258426965,0.10095642933049948,0.14649190439475712,,,,,,,,,,
2026-02-18T12:27:28.104101,5,Tuning Config 1,federated,47,0.0005,512,adam,1e-05,5,0.67,FedAvg,False,0.0,1.0,False,,,,,,0.26685393258426965,0.10095642933049948,0.14649190439475712,,,bank_A,0.608664132439871,0.07484616848681534,0.9673309886674483,0.16412859560067683,0.07607843137254902,0.10396570203644159,0.7034160894155502
2026-02-18T12:27:28.104101,5,Tuning Config 1,federated,47,0.0005,512,adam,1e-05,5,0.67,FedAvg,False,0.0,1.0,False,,,,,,0.26685393258426965,0.10095642933049948,0.14649190439475712,,,bank_B,0.5998263820832647,0.07313838095329551,0.9673511654715617,0.14186851211072665,0.06523468575974542,0.0893732970027248,0.7010197931528092
2026-02-18T12:27:28.104101,5,Tuning Config 1,federated,47,0.0005,512,adam,1e-05,5,0.67,FedAvg,False,0.0,1.0,False,,,,,,0.26685393258426965,0.10095642933049948,0.14649190439475712,,,bank_C,0.6908065179943436,0.1886561575275853,0.9407162814325629,0.35986159169550175,0.09576427255985268,0.15127272727272728,0.7245819406075911
2026-02-18T12:27:28.863393,5,Tuning Config 1,federated,48,0.0005,512,adam,1e-05,5,0.67,FedAvg,False,0.0,1.0,False,0.7036879978009632,0.7036879978009632,0.9610188026951706,0.6290346684402363,0.12557932542337005,0.2864583333333333,0.11689691817215728,0.1660377358490566,,,,,,,,,,
2026-02-18T12:27:28.863393,5,Tuning Config 1,federated,48,0.0005,512,adam,1e-05,5,0.67,FedAvg,False,0.0,1.0,False,,,,,,0.2864583333333333,0.11689691817215728,0.1660377358490566,,,bank_A,0.599140814606576,0.06883226405302366,0.9674091441969519,0.166383701188455,0.07686274509803921,0.10515021459227468,0.7007765704393387
2026-02-18T12:27:28.863393,5,Tuning Config 1,federated,48,0.0005,512,adam,1e-05,5,0.67,FedAvg,False,0.0,1.0,False,,,,,,0.2864583333333333,0.11689691817215728,0.1660377358490566,,,bank_B,0.602234162832836,0.06790792194780063,0.9678591664875638,0.1678082191780822,0.07796340493237867,0.10646387832699619,0.6996534609794617
2026-02-18T12:27:28.863393,5,Tuning Config 1,federated,48,0.0005,512,adam,1e-05,5,0.67,FedAvg,False,0.0,1.0,False,,,,,,0.2864583333333333,0.11689691817215728,0.1660377358490566,,,bank_C,0.637397038217762,0.17004729275368335,0.9409194818389637,0.3681506849315068,0.09898710865561694,0.15602322206095792,0.7123164790017265
2026-02-18T12:27:29.551725,5,Tuning Config 1,federated,49,0.0005,512,adam,1e-05,5,0.67,FedAvg,False,0.0,1.0,False,0.6879526547023228,0.6879526547023228,0.9614774050164039,0.4921581240345222,0.12598337620693548,0.30886075949367087,0.12964930924548354,0.18263473053892215,,,,,,,,,,
2026-02-18T12:27:29.551725,5,Tuning Config 1,federated,49,0.0005,512,adam,1e-05,5,0.67,FedAvg,False,0.0,1.0,False,,,,,,0.30886075949367087,0.12964930924548354,0.18263473053892215,,,bank_A,0.5213498824236638,0.06294753307139413,0.9669206721375537,0.1384083044982699,0.06274509803921569,0.08634646519158122,0.6891930115222931
2026-02-18T12:27:29.551725,5,Tuning Config 1,federated,49,0.0005,512,adam,1e-05,5,0.67,FedAvg,False,0.0,1.0,False,,,,,,0.30886075949367087,0.12964930924548354,0.18263473053892215,,,bank_B,0.5359071644109866,0.06425767201661274,0.9673511654715617,0.1368421052631579,0.06205250596658711,0.08538587848932677,0.6903218102455139
2026-02-18T12:27:29.551725,5,Tuning Config 1,federated,49,0.0005,512,adam,1e-05,5,0.67,FedAvg,False,0.0,1.0,False,,,,,,0.30886075949367087,0.12964930924548354,0.18263473053892215,,,bank_C,0.5202679390176921,0.18749546391129918,0.942748285496571,0.43787878787878787,0.13305709023941067,0.2040960451977401,0.6821965149470738
2026-02-18T12:27:30.416257,5,Tuning Config 1,federated,50,0.0005,512,adam,1e-05,5,0.67,FedAvg,False,0.0,1.0,False,0.6827247504677091,0.6827247504677091,0.9588668994955375,0.3812341294051746,0.06102979593935221,0.15170278637770898,0.052072263549415514,0.07753164556962025,,,,,,,,,,
2026-02-18T12:27:30.416257,5,Tuning Config 1,federated,50,0.0005,512,adam,1e-05,5,0.67,FedAvg,False,0.0,1.0,False,,,,,,0.15170278637770898,0.052072263549415514,0.07753164556962025,,,bank_A,0.49416510978702666,0.05714102236255976,0.9667643610785464,0.125,0.05568627450980392,0.0770482908301682,0.6859253579378128
2026-02-18T12:27:30.416257,5,Tuning Config 1,federated,50,0.0005,512,adam,1e-05,5,0.67,FedAvg,False,0.0,1.0,False,,,,,,0.15170278637770898,0.052072263549415514,0.07753164556962025,,,bank_B,0.49986420887194827,0.0486286197151702,0.9669017799574061,0.1063063063063063,0.046937151949085126,0.06512141280353201,0.6890227502584457
2026-02-18T12:27:30.416257,5,Tuning Config 1,federated,50,0.0005,512,adam,1e-05,5,0.67,FedAvg,False,0.0,1.0,False,,,,,,0.15170278637770898,0.052072263549415514,0.07753164556962025,,,bank_C,0.2991474768886464,0.08267314205585244,0.9385318770637542,0.24796747967479674,0.056169429097605895,0.0915915915915916,0.6692914738283529
2026-02-18T12:32:38.757032,8,Tuning Config 4,federated,0,0.001,512,sgd,1e-05,5,0.67,FedAvg,False,0.0,1.0,False,0.9491735930953707,0.9491735930953707,0.9585494055808375,0.3108185351253397,0.02697226088854658,0.11,0.03506907545164718,0.0531829170024174,,,,,,,,,,
2026-02-18T12:32:38.757032,8,Tuning Config 4,federated,0,0.001,512,sgd,1e-05,5,0.67,FedAvg,False,0.0,1.0,False,,,,,,0.11,0.03506907545164718,0.0531829170024174,,,bank_A,0.39480579375322916,0.020861630309616574,0.9655138726064869,0.01195219123505976,0.004705882352941176,0.006752954417557681,0.7828808695077896
2026-02-18T12:32:38.757032,8,Tuning Config 4,federated,0,0.001,512,sgd,1e-05,5,0.67,FedAvg,False,0.0,1.0,False,,,,,,0.11,0.03506907545164718,0.0531829170024174,,,bank_B,0.40933298167709753,0.03121184525046968,0.9681913209980266,0.1044776119402985,0.03898170246618934,0.056778679026651215,0.7449465930461884
2026-02-18T12:32:38.757032,8,Tuning Config 4,federated,0,0.001,512,sgd,1e-05,5,0.67,FedAvg,False,0.0,1.0,False,,,,,,0.11,0.03506907545164718,0.0531829170024174,,,bank_C,0.24196439030118752,0.03603854334588478,0.9363220726441452,0.06718346253229975,0.011970534069981584,0.02032043767096522,1.2959707038743156
2026-02-18T12:32:39.058424,8,Tuning Config 4,federated,1,0.001,512,sgd,1e-05,5,0.67,FedAvg,False,0.0,1.0,False,0.9517590488706317,0.9517590488706317,0.9601368751543373,0.6044624333912934,0.10184634984880606,0.22922636103151864,0.08501594048884166,0.12403100775193798,,,,,,,,,,
2026-02-18T12:32:39.058424,8,Tuning Config 4,federated,1,0.001,512,sgd,1e-05,5,0.67,FedAvg,False,0.0,1.0,False,,,,,,0.22922636103151864,0.08501594048884166,0.12403100775193798,,,bank_A,0.5257415520862188,0.04249372855589624,0.9663540445486518,0.09289617486338798,0.04,0.05592105263157895,0.8731137984991073
2026-02-18T12:32:39.058424,8,Tuning Config 4,federated,1,0.001,512,sgd,1e-05,5,0.67,FedAvg,False,0.0,1.0,False,,,,,,0.22922636103151864,0.08501594048884166,0.12403100775193798,,,bank_B,0.5287894003021426,0.04000092168387034,0.9672143959672534,0.12743362831858407,0.057279236276849645,0.07903402854006586,0.8350917106866836
2026-02-18T12:32:39.058424,8,Tuning Config 4,federated,1,0.001,512,sgd,1e-05,5,0.67,FedAvg,False,0.0,1.0,False,,,,,,0.22922636103151864,0.08501594048884166,0.12403100775193798,,,bank_C,0.6350848260421534,0.14501822578357074,0.9393446786893573,0.29310344827586204,0.07044198895027624,0.11358574610244988,1.1933139578088539
2026-02-18T12:32:39.129721,8,Tuning Config 4,federated,2,0.001,512,sgd,1e-05,5,0.67,FedAvg,False,0.0,1.0,False,1.2627280077763967,1.2627280077763967,0.9591491163086041,0.5832634522424753,0.07304295648948594,0.17220543806646527,0.06057385759829968,0.08962264150943396,,,,,,,,,,
2026-02-18T12:32:39.129721,8,Tuning Config 4,federated,2,0.001,512,sgd,1e-05,5,0.67,FedAvg,False,0.0,1.0,False,,,,,,0.17220543806646527,0.06057385759829968,0.08962264150943396,,,bank_A,0.5101268017075581,0.03466954261569774,0.9662172723720204,0.08272058823529412,0.03529411764705882,0.04947773501924134,1.1868721878528594
2026-02-18T12:32:39.129721,8,Tuning Config 4,federated,2,0.001,512,sgd,1e-05,5,0.67,FedAvg,False,0.0,1.0,False,,,,,,0.17220543806646527,0.06057385759829968,0.08962264150943396,,,bank_B,0.5009344115545685,0.03307737135303383,0.9666673179500205,0.09107468123861566,0.03977724741447892,0.05537098560354374,1.1038477343320847
2026-02-18T12:32:39.129721,8,Tuning Config 4,federated,2,0.001,512,sgd,1e-05,5,0.67,FedAvg,False,0.0,1.0,False,,,,,,0.17220543806646527,0.06057385759829968,0.08962264150943396,,,bank_C,0.6074533564696889,0.11108603660175026,0.9383540767081534,0.23711340206185566,0.05294659300184162,0.08656379375235228,1.5576782443306663
2026-02-18T12:32:39.185230,8,Tuning Config 4,federated,3,0.001,512,sgd,1e-05,5,0.67,FedAvg,False,0.0,1.0,False,0.6952534168958664,0.6952534168958664,0.9583377429710375,0.3659443238032148,0.03484781540747699,0.08333333333333333,0.025504782146652496,0.03905614320585842,,,,,,,,,,
2026-02-18T12:32:39.185230,8,Tuning Config 4,federated,3,0.001,512,sgd,1e-05,5,0.67,FedAvg,False,0.0,1.0,False,,,,,,0.08333333333333333,0.025504782146652496,0.03905614320585842,,,bank_A,0.3816901996145618,0.02298557247503649,0.9659046502540055,0.04980842911877394,0.0203921568627451,0.028937117417918753,0.661951236128807
2026-02-18T12:32:39.185230,8,Tuning Config 4,federated,3,0.001,512,sgd,1e-05,5,0.67,FedAvg,False,0.0,1.0,False,,,,,,0.08333333333333333,0.025504782146652496,0.03905614320585842,,,bank_B,0.38950662445262063,0.02837661849892486,0.9681717824974112,0.07339449541284404,0.02545743834526651,0.03780271707028943,0.6576474553346634
2026-02-18T12:32:39.185230,8,Tuning Config 4,federated,3,0.001,512,sgd,1e-05,5,0.67,FedAvg,False,0.0,1.0,False,,,,,,0.08333333333333333,0.025504782146652496,0.03905614320585842,,,bank_C,0.3256000602321537,0.04272329055425162,0.9374396748793498,0.07331378299120235,0.01151012891344383,0.019896538002387585,0.7650181504039021
2026-02-18T12:32:39.261021,8,Tuning Config 4,federated,4,0.001,512,sgd,1e-05,5,0.67,FedAvg,False,0.0,1.0,False,0.7436282581516674,0.7436282581516674,0.9584435742759375,0.4988536024170882,0.05255547901508536,0.07526881720430108,0.022316684378320937,0.03442622950819672,,,,,,,,,,
2026-02-18T12:32:39.261021,8,Tuning Config 4,federated,4,0.001,512,sgd,1e-05,5,0.67,FedAvg,False,0.0,1.0,False,,,,,,0.07526881720430108,0.022316684378320937,0.03442622950819672,,,bank_A,0.39752295636218626,0.02210047582195159,0.9658851113716296,0.0497131931166348,0.0203921568627451,0.028921023359288096,0.7050634920597076
2026-02-18T12:32:39.261021,8,Tuning Config 4,federated,4,0.001,512,sgd,1e-05,5,0.67,FedAvg,False,0.0,1.0,False,,,,,,0.07526881720430108,0.022316684378320937,0.03442622950819672,,,bank_B,0.39687088097057877,0.02738555588442811,0.9666282409487896,0.08007448789571694,0.03420843277645187,0.04793756967670011,0.6956882512569428
2026-02-18T12:32:39.261021,8,Tuning Config 4,federated,4,0.001,512,sgd,1e-05,5,0.67,FedAvg,False,0.0,1.0,False,,,,,,0.07526881720430108,0.022316684378320937,0.03442622950819672,,,bank_C,0.542091147150726,0.07494726914567501,0.9365760731521463,0.064343163538874,0.011049723756906077,0.018860510805500982,0.8512785728875693
2026-02-18T12:32:39.319000,8,Tuning Config 4,federated,5,0.001,512,sgd,1e-05,5,0.67,FedAvg,False,0.0,1.0,False,0.7144830067242894,0.7144830067242894,0.9622182241507038,0.343883600812531,0.033361504910384025,0.12643678160919541,0.023379383634431455,0.039461883408071746,,,,,,,,,,
2026-02-18T12:32:39.319000,8,Tuning Config 4,federated,5,0.001,512,sgd,1e-05,5,0.67,FedAvg,False,0.0,1.0,False,,,,,,0.12643678160919541,0.023379383634431455,0.039461883408071746,,,bank_A,0.4002836448074871,0.022944160843640198,0.9658460336068777,0.049523809523809526,0.0203921568627451,0.028888888888888888,0.674393299818039
2026-02-18T12:32:39.319000,8,Tuning Config 4,federated,5,0.001,512,sgd,1e-05,5,0.67,FedAvg,False,0.0,1.0,False,,,,,,0.12643678160919541,0.023379383634431455,0.039461883408071746,,,bank_B,0.41649262328221803,0.02991256094865604,0.9683280905023348,0.07276995305164319,0.024661893396976928,0.0368389780154486,0.6727382183074951
2026-02-18T12:32:39.319000,8,Tuning Config 4,federated,5,0.001,512,sgd,1e-05,5,0.67,FedAvg,False,0.0,1.0,False,,,,,,0.12643678160919541,0.023379383634431455,0.039461883408071746,,,bank_C,0.2854307128732341,0.04100587350366407,0.9390652781305563,0.09025270758122744,0.01151012891344383,0.02041649652919559,0.7981011108918623
2026-02-18T12:32:39.405768,8,Tuning Config 4,federated,6,0.001,512,sgd,1e-05,5,0.67,FedAvg,False,0.0,1.0,False,0.7235962386642184,0.7235962386642184,0.9584788513775708,0.32907851651433717,0.02700167639623052,0.07553956834532374,0.022316684378320937,0.034454470877768664,,,,,,,,,,
2026-02-18T12:32:39.405768,8,Tuning Config 4,federated,6,0.001,512,sgd,1e-05,5,0.67,FedAvg,False,0.0,1.0,False,,,,,,0.07553956834532374,0.022316684378320937,0.034454470877768664,,,bank_A,0.4085210055969086,0.02239397441624886,0.9658655724892536,0.04263565891472868,0.017254901960784313,0.024567280848687884,0.6851227647066116
2026-02-18T12:32:39.405768,8,Tuning Config 4,federated,6,0.001,512,sgd,1e-05,5,0.67,FedAvg,False,0.0,1.0,False,,,,,,0.07553956834532374,0.022316684378320937,0.034454470877768664,,,bank_B,0.41212212172685453,0.02338642927664954,0.9694808620386471,0.06552706552706553,0.018297533810660304,0.028606965174129355,0.6858197730779648
2026-02-18T12:32:39.405768,8,Tuning Config 4,federated,6,0.001,512,sgd,1e-05,5,0.67,FedAvg,False,0.0,1.0,False,,,,,,0.07553956834532374,0.022316684378320937,0.034454470877768664,,,bank_C,0.25690888696069425,0.03619730481825938,0.9360934721869444,0.06565656565656566,0.011970534069981584,0.020249221183800622,0.7917071387365266
2026-02-18T12:32:39.475524,8,Tuning Config 4,federated,7,0.001,512,sgd,1e-05,5,0.67,FedAvg,False,0.0,1.0,False,0.7304690576025418,0.7304690576025418,0.9602427064592373,0.3284001277131383,0.024589276560898325,0.020618556701030927,0.004250797024442083,0.007048458149779736,,,,,,,,,,
2026-02-18T12:32:39.475524,8,Tuning Config 4,federated,7,0.001,512,sgd,1e-05,5,0.67,FedAvg,False,0.0,1.0,False,,,,,,0.020618556701030927,0.004250797024442083,0.007048458149779736,,,bank_A,0.4087340378090922,0.02155426551468311,0.9670769831965611,0.01650943396226415,0.005490196078431373,0.00824014125956445,0.6827994102239608
2026-02-18T12:32:39.475524,8,Tuning Config 4,federated,7,0.001,512,sgd,1e-05,5,0.67,FedAvg,False,0.0,1.0,False,,,,,,0.020618556701030927,0.004250797024442083,0.007048458149779736,,,bank_B,0.4131426148015469,0.021176897510107307,0.9669994724604833,0.00909090909090909,0.0031821797931583136,0.004714201532115498,0.683274451494217
2026-02-18T12:32:39.475524,8,Tuning Config 4,federated,7,0.001,512,sgd,1e-05,5,0.67,FedAvg,False,0.0,1.0,False,,,,,,0.020618556701030927,0.004250797024442083,0.007048458149779736,,,bank_C,0.2543571955342853,0.035355613601175305,0.9366776733553467,0.037463976945244955,0.005985267034990792,0.010321556173084558,0.8155443041355579
2026-02-18T12:32:39.561271,8,Tuning Config 4,federated,8,0.001,512,sgd,1e-05,5,0.67,FedAvg,False,0.0,1.0,False,0.7340878822973796,0.7340878822973796,0.9581260803612375,0.3739531698846092,0.03136842459358589,0.09,0.028692879914984058,0.043513295729250605,,,,,,,,,,
2026-02-18T12:32:39.561271,8,Tuning Config 4,federated,8,0.001,512,sgd,1e-05,5,0.67,FedAvg,False,0.0,1.0,False,,,,,,0.09,0.028692879914984058,0.043513295729250605,,,bank_A,0.4198395775502867,0.024301867223572773,0.9659241891363815,0.04642166344294004,0.018823529411764704,0.026785714285714284,0.6843363457918167
2026-02-18T12:32:39.561271,8,Tuning Config 4,federated,8,0.001,512,sgd,1e-05,5,0.67,FedAvg,False,0.0,1.0,False,,,,,,0.09,0.028692879914984058,0.043513295729250605,,,bank_B,0.4250303819004569,0.025939687800624667,0.9688556300189524,0.06233766233766234,0.01909307875894988,0.029232643118148598,0.6837681490182876
2026-02-18T12:32:39.561271,8,Tuning Config 4,federated,8,0.001,512,sgd,1e-05,5,0.67,FedAvg,False,0.0,1.0,False,,,,,,0.09,0.028692879914984058,0.043513295729250605,,,bank_C,0.3177997648737922,0.04080682409719491,0.9360426720853442,0.06313131313131314,0.01151012891344383,0.019470404984423675,0.8294531486251138
2026-02-18T12:32:39.627501,8,Tuning Config 4,federated,9,0.001,512,sgd,1e-05,5,0.67,FedAvg,False,0.0,1.0,False,0.7138410295758929,0.7138410295758929,0.9577733093449042,0.3799565327077241,0.029939576724896562,0.04285714285714286,0.012752391073326248,0.019656019656019656,,,,,,,,,,
2026-02-18T12:32:39.627501,8,Tuning Config 4,federated,9,0.001,512,sgd,1e-05,5,0.67,FedAvg,False,0.0,1.0,False,,,,,,0.04285714285714286,0.012752391073326248,0.019656019656019656,,,bank_A,0.4331562124900055,0.0235294992086163,0.9685228604923798,0.0625,0.018823529411764704,0.028933092224231464,0.675561854839325
2026-02-18T12:32:39.627501,8,Tuning Config 4,federated,9,0.001,512,sgd,1e-05,5,0.67,FedAvg,False,0.0,1.0,False,,,,,,0.04285714285714286,0.012752391073326248,0.019656019656019656,,,bank_B,0.4562836944135994,0.02441468789945861,0.9694808620386471,0.06552706552706553,0.018297533810660304,0.028606965174129355,0.6787392938137055
2026-02-18T12:32:39.627501,8,Tuning Config 4,federated,9,0.001,512,sgd,1e-05,5,0.67,FedAvg,False,0.0,1.0,False,,,,,,0.04285714285714286,0.012752391073326248,0.019656019656019656,,,bank_C,0.3335806658846289,0.04142051421924342,0.935991871983744,0.05154639175257732,0.009208103130755065,0.015625,0.7851606769995256
2026-02-18T12:32:39.683957,8,Tuning Config 4,federated,10,0.001,512,sgd,1e-05,5,0.67,FedAvg,False,0.0,1.0,False,0.6959101877042225,0.6959101877042225,0.9583730200726708,0.3809250446875778,0.03152035568476215,0.10299003322259136,0.03294367693942614,0.0499194847020934,,,,,,,,,,
2026-02-18T12:32:39.683957,8,Tuning Config 4,federated,10,0.001,512,sgd,1e-05,5,0.67,FedAvg,False,0.0,1.0,False,,,,,,0.10299003322259136,0.03294367693942614,0.0499194847020934,,,bank_A,0.42871344967202396,0.023901677815614815,0.9659828057835091,0.04844961240310078,0.0196078431372549,0.027917364600781685,0.6773847377300263
2026-02-18T12:32:39.683957,8,Tuning Config 4,federated,10,0.001,512,sgd,1e-05,5,0.67,FedAvg,False,0.0,1.0,False,,,,,,0.10299003322259136,0.03294367693942614,0.0499194847020934,,,bank_B,0.444198276049444,0.025437661173860596,0.9690314765244915,0.06382978723404255,0.01909307875894988,0.029393753827311696,0.6790332019329071
2026-02-18T12:32:39.683957,8,Tuning Config 4,federated,10,0.001,512,sgd,1e-05,5,0.67,FedAvg,False,0.0,1.0,False,,,,,,0.10299003322259136,0.03294367693942614,0.0499194847020934,,,bank_C,0.3135626462421939,0.040573425698514326,0.9366014732029464,0.06914893617021277,0.011970534069981584,0.02040816326530612,0.7299399786181264
2026-02-18T12:32:39.763933,8,Tuning Config 4,federated,11,0.001,512,sgd,1e-05,5,0.67,FedAvg,False,0.0,1.0,False,0.7515811196395329,0.7515811196395329,0.9605954774755706,0.5851109808404701,0.09790029063673207,0.2608695652173913,0.10201912858660998,0.1466768525592055,,,,,,,,,,
2026-02-18T12:32:39.763933,8,Tuning Config 4,federated,11,0.001,512,sgd,1e-05,5,0.67,FedAvg,False,0.0,1.0,False,,,,,,0.2608695652173913,0.10201912858660998,0.1466768525592055,,,bank_A,0.5424838565824086,0.03889426763244383,0.9661391168425166,0.07592592592592592,0.03215686274509804,0.045179063360881545,0.7376581984758377
2026-02-18T12:32:39.763933,8,Tuning Config 4,federated,11,0.001,512,sgd,1e-05,5,0.67,FedAvg,False,0.0,1.0,False,,,,,,0.2608695652173913,0.10201912858660998,0.1466768525592055,,,bank_B,0.5489645056030114,0.03532855845437238,0.966647779449405,0.08022388059701492,0.03420843277645187,0.04796430563301729,0.7324368774890899
2026-02-18T12:32:39.763933,8,Tuning Config 4,federated,11,0.001,512,sgd,1e-05,5,0.67,FedAvg,False,0.0,1.0,False,,,,,,0.2608695652173913,0.10201912858660998,0.1466768525592055,,,bank_C,0.6021503364059355,0.1411823939353831,0.9392938785877571,0.28627450980392155,0.06721915285451197,0.10887397464578673,0.7906137921593406
2026-02-18T12:32:39.833783,8,Tuning Config 4,federated,12,0.001,512,sgd,1e-05,5,0.67,FedAvg,False,0.0,1.0,False,0.6873092183044979,0.6873092183044979,0.9599604896461706,0.44416230053643707,0.08591087253545329,0.22443181818181818,0.08395324123273114,0.12219644238205724,,,,,,,,,,
2026-02-18T12:32:39.833783,8,Tuning Config 4,federated,12,0.001,512,sgd,1e-05,5,0.67,FedAvg,False,0.0,1.0,False,,,,,,0.22443181818181818,0.08395324123273114,0.12219644238205724,,,bank_A,0.4452255206460903,0.024752261179074704,0.9656701836654943,0.03294573643410853,0.013333333333333334,0.018983807928531545,0.6898693406581878
2026-02-18T12:32:39.833783,8,Tuning Config 4,federated,12,0.001,512,sgd,1e-05,5,0.67,FedAvg,False,0.0,1.0,False,,,,,,0.22443181818181818,0.08395324123273114,0.12219644238205724,,,bank_B,0.45965291268185077,0.02480919821642956,0.9680740899943339,0.02518891687657431,0.007955449482895784,0.012091898428053204,0.6886369580030441
2026-02-18T12:32:39.833783,8,Tuning Config 4,federated,12,0.001,512,sgd,1e-05,5,0.67,FedAvg,False,0.0,1.0,False,,,,,,0.22443181818181818,0.08395324123273114,0.12219644238205724,,,bank_C,0.44931792383340674,0.16702055796211734,0.9432308864617729,0.4536082474226804,0.141804788213628,0.2160645387583304,0.6805563522623731
2026-02-18T12:32:39.919894,8,Tuning Config 4,federated,13,0.001,512,sgd,1e-05,5,0.67,FedAvg,False,0.0,1.0,False,0.6975365323679787,0.6975365323679787,0.9577733093449042,0.3339712915320714,0.02565085566570379,0.04609929078014184,0.01381509032943677,0.02125919869174162,,,,,,,,,,
2026-02-18T12:32:39.919894,8,Tuning Config 4,federated,13,0.001,512,sgd,1e-05,5,0.67,FedAvg,False,0.0,1.0,False,,,,,,0.04609929078014184,0.01381509032943677,0.02125919869174162,,,bank_A,0.4383494600525312,0.023187882247066017,0.9656506447831184,0.025540275049115914,0.01019607843137255,0.014573991031390135,0.6797810798883438
2026-02-18T12:32:39.919894,8,Tuning Config 4,federated,13,0.001,512,sgd,1e-05,5,0.67,FedAvg,False,0.0,1.0,False,,,,,,0.04609929078014184,0.01381509032943677,0.02125919869174162,,,bank_B,0.4554134217184344,0.023575720714509165,0.9666282409487896,0.012958963282937365,0.00477326968973747,0.0069767441860465115,0.6829632705450058
2026-02-18T12:32:39.919894,8,Tuning Config 4,federated,13,0.001,512,sgd,1e-05,5,0.67,FedAvg,False,0.0,1.0,False,,,,,,0.04609929078014184,0.01381509032943677,0.02125919869174162,,,bank_C,0.2584169186901571,0.036369672523267976,0.9360934721869444,0.054404145077720206,0.009668508287292817,0.01641907740422205,0.7201216158928809
2026-02-18T12:32:39.979532,8,Tuning Config 4,federated,14,0.001,512,sgd,1e-05,5,0.67,FedAvg,False,0.0,1.0,False,0.7340644119041306,0.7340644119041306,0.9593607789184041,0.4212409214361787,0.03469193298291851,0.05106382978723404,0.012752391073326248,0.02040816326530612,,,,,,,,,,
2026-02-18T12:32:39.979532,8,Tuning Config 4,federated,14,0.001,512,sgd,1e-05,5,0.67,FedAvg,False,0.0,1.0,False,,,,,,0.05106382978723404,0.012752391073326248,0.02040816326530612,,,bank_A,0.4614890488005642,0.02488121564733012,0.9658069558421258,0.020202020202020204,0.00784313725490196,0.011299435028248588,0.721407272219658
2026-02-18T12:32:39.979532,8,Tuning Config 4,federated,14,0.001,512,sgd,1e-05,5,0.67,FedAvg,False,0.0,1.0,False,,,,,,0.05106382978723404,0.012752391073326248,0.02040816326530612,,,bank_B,0.47994212141197656,0.02523271562700863,0.9662765479377112,0.04816955684007707,0.01988862370723946,0.028153153153153154,0.7215861141681671
2026-02-18T12:32:39.979532,8,Tuning Config 4,federated,14,0.001,512,sgd,1e-05,5,0.67,FedAvg,False,0.0,1.0,False,,,,,,0.05106382978723404,0.012752391073326248,0.02040816326530612,,,bank_C,0.37038224074305665,0.045538298588220893,0.937007874015748,0.04437869822485207,0.006906077348066298,0.01195219123505976,0.765734741440067
2026-02-18T12:32:40.059187,8,Tuning Config 4,federated,15,0.001,512,sgd,1e-05,5,0.67,FedAvg,False,0.0,1.0,False,0.7081918322614261,0.7081918322614261,0.9579496948530709,0.38079033633116943,0.030043264929583247,0.05653710247349823,0.01700318809776833,0.026143790849673203,,,,,,,,,,
2026-02-18T12:32:40.059187,8,Tuning Config 4,federated,15,0.001,512,sgd,1e-05,5,0.67,FedAvg,False,0.0,1.0,False,,,,,,0.05653710247349823,0.01700318809776833,0.026143790849673203,,,bank_A,0.43871804271252635,0.023534434847915453,0.9655920281359907,0.019762845849802372,0.00784313725490196,0.011229646266142616,0.6969047403335571
2026-02-18T12:32:40.059187,8,Tuning Config 4,federated,15,0.001,512,sgd,1e-05,5,0.67,FedAvg,False,0.0,1.0,False,,,,,,0.05653710247349823,0.01700318809776833,0.026143790849673203,,,bank_B,0.462383937347696,0.02437635539155992,0.9657880854223246,0.00992063492063492,0.003977724741447892,0.0056785917092561046,0.6976723045110702
2026-02-18T12:32:40.059187,8,Tuning Config 4,federated,15,0.001,512,sgd,1e-05,5,0.67,FedAvg,False,0.0,1.0,False,,,,,,0.05653710247349823,0.01700318809776833,0.026143790849673203,,,bank_C,0.3295620843691769,0.04145120801459255,0.9360172720345441,0.060759493670886074,0.011049723756906077,0.018698870276587457,0.7276656379947415
2026-02-18T12:32:40.120236,8,Tuning Config 4,federated,16,0.001,512,sgd,1e-05,5,0.67,FedAvg,False,0.0,1.0,False,0.7522258439234325,0.7522258439234325,0.9579496948530709,0.4061988954535193,0.03137284123082363,0.03690036900369004,0.010626992561105207,0.0165016501650165,,,,,,,,,,
2026-02-18T12:32:40.120236,8,Tuning Config 4,federated,16,0.001,512,sgd,1e-05,5,0.67,FedAvg,False,0.0,1.0,False,,,,,,0.03690036900369004,0.010626992561105207,0.0165016501650165,,,bank_A,0.4338139720370665,0.022738058408028235,0.9655529503712388,0.015873015873015872,0.006274509803921568,0.008993816750983699,0.736697056889534
2026-02-18T12:32:40.120236,8,Tuning Config 4,federated,16,0.001,512,sgd,1e-05,5,0.67,FedAvg,False,0.0,1.0,False,,,,,,0.03690036900369004,0.010626992561105207,0.0165016501650165,,,bank_B,0.46159392188616755,0.023720059637664034,0.9659443934272484,0.012048192771084338,0.00477326968973747,0.006837606837606838,0.733312800526619
2026-02-18T12:32:40.120236,8,Tuning Config 4,federated,16,0.001,512,sgd,1e-05,5,0.67,FedAvg,False,0.0,1.0,False,,,,,,0.03690036900369004,0.010626992561105207,0.0165016501650165,,,bank_C,0.3630547895751142,0.04427641213182271,0.9358902717805435,0.04404145077720207,0.007826887661141806,0.013291634089132134,0.7914778187677458
2026-02-18T12:32:40.201984,8,Tuning Config 4,federated,17,0.001,512,sgd,1e-05,5,0.67,FedAvg,False,0.0,1.0,False,0.712336639208453,0.712336639208453,0.9576674780400042,0.3560652456860949,0.02763728028788562,0.04240282685512368,0.012752391073326248,0.0196078431372549,,,,,,,,,,
2026-02-18T12:32:40.201984,8,Tuning Config 4,federated,17,0.001,512,sgd,1e-05,5,0.67,FedAvg,False,0.0,1.0,False,,,,,,0.04240282685512368,0.012752391073326248,0.0196078431372549,,,bank_A,0.43826185831511244,0.02339976172417465,0.9655334114888628,0.01775147928994083,0.007058823529411765,0.010101010101010102,0.7045427387952805
2026-02-18T12:32:40.201984,8,Tuning Config 4,federated,17,0.001,512,sgd,1e-05,5,0.67,FedAvg,False,0.0,1.0,False,,,,,,0.04240282685512368,0.012752391073326248,0.0196078431372549,,,bank_B,0.4474084379139346,0.023280407073292278,0.9667454719524824,0.01098901098901099,0.003977724741447892,0.005841121495327103,0.705313692688942
2026-02-18T12:32:40.201984,8,Tuning Config 4,federated,17,0.001,512,sgd,1e-05,5,0.67,FedAvg,False,0.0,1.0,False,,,,,,0.04240282685512368,0.012752391073326248,0.0196078431372549,,,bank_C,0.2703136663914979,0.03734438464325397,0.9359156718313436,0.046511627906976744,0.008287292817679558,0.01406799531066823,0.7255791549558763
2026-02-18T12:32:40.266935,8,Tuning Config 4,federated,18,0.001,512,sgd,1e-05,5,0.67,FedAvg,False,0.0,1.0,False,0.7002732189638274,0.7002732189638274,0.9578085864465375,0.3860322324447364,0.03070762482223825,0.061855670103092786,0.019128586609989374,0.02922077922077922,,,,,,,,,,
2026-02-18T12:32:40.266935,8,Tuning Config 4,federated,18,0.001,512,sgd,1e-05,5,0.67,FedAvg,False,0.0,1.0,False,,,,,,0.061855670103092786,0.019128586609989374,0.02922077922077922,,,bank_A,0.44093012802756604,0.024034921872568088,0.9658655724892536,0.051330798479087454,0.021176470588235293,0.029983342587451417,0.6882523971796036
2026-02-18T12:32:40.266935,8,Tuning Config 4,federated,18,0.001,512,sgd,1e-05,5,0.67,FedAvg,False,0.0,1.0,False,,,,,,0.061855670103092786,0.019128586609989374,0.02922077922077922,,,bank_B,0.45105524597866087,0.024414331130756892,0.967448857974639,0.05054945054945055,0.018297533810660304,0.026869158878504672,0.6899694001674652
2026-02-18T12:32:40.266935,8,Tuning Config 4,federated,18,0.001,512,sgd,1e-05,5,0.67,FedAvg,False,0.0,1.0,False,,,,,,0.061855670103092786,0.019128586609989374,0.02922077922077922,,,bank_C,0.3218570868629247,0.04061907459329589,0.9363220726441452,0.05333333333333334,0.009208103130755065,0.015704750687082842,0.7203522843199891
2026-02-18T12:32:40.351959,8,Tuning Config 4,federated,19,0.001,512,sgd,1e-05,5,0.67,FedAvg,False,0.0,1.0,False,0.7109839745930263,0.7109839745930263,0.9577733093449042,0.397307232690965,0.03162262005953677,0.04609929078014184,0.01381509032943677,0.02125919869174162,,,,,,,,,,
2026-02-18T12:32:40.351959,8,Tuning Config 4,federated,19,0.001,512,sgd,1e-05,5,0.67,FedAvg,False,0.0,1.0,False,,,,,,0.04609929078014184,0.01381509032943677,0.02125919869174162,,,bank_A,0.4361680133429987,0.02343930541300953,0.9655724892536147,0.01006036217303823,0.00392156862745098,0.0056433408577878106,0.7020810943841934
2026-02-18T12:32:40.351959,8,Tuning Config 4,federated,19,0.001,512,sgd,1e-05,5,0.67,FedAvg,False,0.0,1.0,False,,,,,,0.04609929078014184,0.01381509032943677,0.02125919869174162,,,bank_B,0.4533610021201997,0.024102827499904403,0.9666673179500205,0.04462474645030426,0.017501988862370723,0.025142857142857144,0.7002517473697663
2026-02-18T12:32:40.351959,8,Tuning Config 4,federated,19,0.001,512,sgd,1e-05,5,0.67,FedAvg,False,0.0,1.0,False,,,,,,0.04609929078014184,0.01381509032943677,0.02125919869174162,,,bank_C,0.3531092064495438,0.04508626570346148,0.9361442722885446,0.06818181818181818,0.012430939226519336,0.02102803738317757,0.7289439935188788
2026-02-18T12:32:40.412023,8,Tuning Config 4,federated,20,0.001,512,sgd,1e-05,5,0.67,FedAvg,False,0.0,1.0,False,0.7836973550064223,0.7836973550064223,0.9604896461706706,0.627438040941879,0.10362644279721903,0.2520775623268698,0.09670563230605739,0.13978494623655913,,,,,,,,,,
2026-02-18T12:32:40.412023,8,Tuning Config 4,federated,20,0.001,512,sgd,1e-05,5,0.67,FedAvg,False,0.0,1.0,False,,,,,,0.2520775623268698,0.09670563230605739,0.13978494623655913,,,bank_A,0.5617326567537143,0.03954812510366175,0.9663735834310277,0.07924528301886792,0.03294117647058824,0.04653739612188366,0.7616830545663834
2026-02-18T12:32:40.412023,8,Tuning Config 4,federated,20,0.001,512,sgd,1e-05,5,0.67,FedAvg,False,0.0,1.0,False,,,,,,0.2520775623268698,0.09670563230605739,0.13978494623655913,,,bank_B,0.5444416324268736,0.039150513496937954,0.9669994724604833,0.11837455830388692,0.053301511535401754,0.07350521119034559,0.7482003796100617
2026-02-18T12:32:40.412023,8,Tuning Config 4,federated,20,0.001,512,sgd,1e-05,5,0.67,FedAvg,False,0.0,1.0,False,,,,,,0.2520775623268698,0.09670563230605739,0.13978494623655913,,,bank_C,0.6372410923397633,0.14564698038390028,0.9396494792989586,0.30970149253731344,0.07642725598526703,0.12259970457902511,0.8532113007136753
2026-02-18T12:32:40.495482,8,Tuning Config 4,federated,21,0.001,512,sgd,1e-05,5,0.67,FedAvg,False,0.0,1.0,False,0.8042643070220947,0.8042643070220947,0.9588668994955375,0.5406510384292618,0.0546280760560733,0.14953271028037382,0.05100956429330499,0.07606973058637084,,,,,,,,,,
2026-02-18T12:32:40.495482,8,Tuning Config 4,federated,21,0.001,512,sgd,1e-05,5,0.67,FedAvg,False,0.0,1.0,False,,,,,,0.14953271028037382,0.05100956429330499,0.07606973058637084,,,bank_A,0.5412738634778629,0.03311414354704402,0.9661195779601407,0.057803468208092484,0.023529411764705882,0.033444816053511704,0.7925779676437378
2026-02-18T12:32:40.495482,8,Tuning Config 4,federated,21,0.001,512,sgd,1e-05,5,0.67,FedAvg,False,0.0,1.0,False,,,,,,0.14953271028037382,0.05100956429330499,0.07606973058637084,,,bank_B,0.5292858430414867,0.031563230973481106,0.9663547019401731,0.06049149338374291,0.02545743834526651,0.03583426651735722,0.7767783623933792
2026-02-18T12:32:40.495482,8,Tuning Config 4,federated,21,0.001,512,sgd,1e-05,5,0.67,FedAvg,False,0.0,1.0,False,,,,,,0.14953271028037382,0.05100956429330499,0.07606973058637084,,,bank_C,0.5281776421770434,0.08369026241013844,0.9379476758953518,0.2086021505376344,0.04465930018416206,0.07356844899507016,0.8504684985458076
2026-02-18T12:32:40.557203,8,Tuning Config 4,federated,22,0.001,512,sgd,1e-05,5,0.67,FedAvg,False,0.0,1.0,False,0.7350011914968491,0.7350011914968491,0.9597135499347373,0.5386924161521911,0.07874300672314301,0.20353982300884957,0.07332624867162593,0.1078125,,,,,,,,,,
2026-02-18T12:32:40.557203,8,Tuning Config 4,federated,22,0.001,512,sgd,1e-05,5,0.67,FedAvg,False,0.0,1.0,False,,,,,,0.20353982300884957,0.07332624867162593,0.1078125,,,bank_A,0.5511561142641608,0.04025226107208314,0.966295427901524,0.08178438661710037,0.034509803921568626,0.04853833425261997,0.7361696285009384
2026-02-18T12:32:40.557203,8,Tuning Config 4,federated,22,0.001,512,sgd,1e-05,5,0.67,FedAvg,False,0.0,1.0,False,,,,,,0.20353982300884957,0.07332624867162593,0.1078125,,,bank_B,0.5494942766465649,0.038398501186651585,0.9667845489537132,0.1009009009009009,0.04455051710421639,0.06181015452538632,0.73107302069664
2026-02-18T12:32:40.557203,8,Tuning Config 4,federated,22,0.001,512,sgd,1e-05,5,0.67,FedAvg,False,0.0,1.0,False,,,,,,0.20353982300884957,0.07332624867162593,0.1078125,,,bank_C,0.531590529382508,0.11640233458888306,0.9389636779273558,0.2712871287128713,0.0630755064456722,0.10235338064998133,0.7364677144335462
2026-02-18T12:32:40.642893,8,Tuning Config 4,federated,23,0.001,512,sgd,1e-05,5,0.67,FedAvg,False,0.0,1.0,False,0.6898609186921801,0.6898609186921801,0.9574205383285709,0.31822243443980053,0.024170589301579542,0.02158273381294964,0.006376195536663124,0.009844134536505332,,,,,,,,,,
2026-02-18T12:32:40.642893,8,Tuning Config 4,federated,23,0.001,512,sgd,1e-05,5,0.67,FedAvg,False,0.0,1.0,False,,,,,,0.02158273381294964,0.006376195536663124,0.009844134536505332,,,bank_A,0.42675587930794,0.02238771013260818,0.965494333724111,0.013861386138613862,0.005490196078431373,0.007865168539325843,0.6890053033828736
2026-02-18T12:32:40.642893,8,Tuning Config 4,federated,23,0.001,512,sgd,1e-05,5,0.67,FedAvg,False,0.0,1.0,False,,,,,,0.02158273381294964,0.006376195536663124,0.009844134536505332,,,bank_B,0.4442068491441917,0.022732720907354106,0.9658076239229402,0.011881188118811881,0.00477326968973747,0.00681044267877412,0.6929452383518219
2026-02-18T12:32:40.642893,8,Tuning Config 4,federated,23,0.001,512,sgd,1e-05,5,0.67,FedAvg,False,0.0,1.0,False,,,,,,0.02158273381294964,0.006376195536663124,0.009844134536505332,,,bank_C,0.2506669302504135,0.035554619884486764,0.9358648717297434,0.04155844155844156,0.007366482504604052,0.012514665623777864,0.6793886090253854
2026-02-18T12:32:40.711260,8,Tuning Config 4,federated,24,0.001,512,sgd,1e-05,5,0.67,FedAvg,False,0.0,1.0,False,0.7008188867143222,0.7008188867143222,0.9575969238367376,0.40070541965763296,0.031327972753414784,0.038869257950530034,0.011689691817215728,0.017973856209150325,,,,,,,,,,
2026-02-18T12:32:40.711260,8,Tuning Config 4,federated,24,0.001,512,sgd,1e-05,5,0.67,FedAvg,False,0.0,1.0,False,,,,,,0.038869257950530034,0.011689691817215728,0.017973856209150325,,,bank_A,0.46750537393596847,0.025162262747502745,0.9656115670183666,0.019801980198019802,0.00784313725490196,0.011235955056179775,0.6989762544631958
2026-02-18T12:32:40.711260,8,Tuning Config 4,federated,24,0.001,512,sgd,1e-05,5,0.67,FedAvg,False,0.0,1.0,False,,,,,,0.038869257950530034,0.011689691817215728,0.017973856209150325,,,bank_B,0.47591918873409933,0.024915915021112883,0.9659639319278639,0.017892644135188866,0.007159904534606206,0.010227272727272727,0.6989767116308212
2026-02-18T12:32:40.711260,8,Tuning Config 4,federated,24,0.001,512,sgd,1e-05,5,0.67,FedAvg,False,0.0,1.0,False,,,,,,0.038869257950530034,0.011689691817215728,0.017973856209150325,,,bank_C,0.3317902618974842,0.0432711249753322,0.936245872491745,0.05526315789473684,0.009668508287292817,0.016457680250783698,0.7018412607056754
2026-02-18T12:32:40.796831,8,Tuning Config 4,federated,25,0.001,512,sgd,1e-05,5,0.67,FedAvg,False,0.0,1.0,False,0.6909472186650548,0.6909472186650548,0.9573499841253043,0.3090740347665439,0.02458057259594005,0.02142857142857143,0.006376195536663124,0.009828009828009828,,,,,,,,,,
2026-02-18T12:32:40.796831,8,Tuning Config 4,federated,25,0.001,512,sgd,1e-05,5,0.67,FedAvg,False,0.0,1.0,False,,,,,,0.02142857142857143,0.006376195536663124,0.009828009828009828,,,bank_A,0.42879740526608395,0.022517226708306116,0.9656115670183666,0.017892644135188866,0.007058823529411765,0.010123734533183352,0.6932494765520096
2026-02-18T12:32:40.796831,8,Tuning Config 4,federated,25,0.001,512,sgd,1e-05,5,0.67,FedAvg,False,0.0,1.0,False,,,,,,0.02142857142857143,0.006376195536663124,0.009828009828009828,,,bank_B,0.44322622574061177,0.022614678491601523,0.9657880854223246,0.00796812749003984,0.0031821797931583136,0.0045480386583285955,0.695012491941452
2026-02-18T12:32:40.796831,8,Tuning Config 4,federated,25,0.001,512,sgd,1e-05,5,0.67,FedAvg,False,0.0,1.0,False,,,,,,0.02142857142857143,0.006376195536663124,0.009828009828009828,,,bank_C,0.2380391819913089,0.03470975623936539,0.9359410718821438,0.034574468085106384,0.005985267034990792,0.01020408163265306,0.6754456611422749
2026-02-18T12:32:40.863536,8,Tuning Config 4,federated,26,0.001,512,sgd,1e-05,5,0.67,FedAvg,False,0.0,1.0,False,0.6890928340809686,0.6890928340809686,0.9578085864465375,0.3197064559891048,0.024316612052008073,0.026022304832713755,0.007438894792773645,0.011570247933884297,,,,,,,,,,
2026-02-18T12:32:40.863536,8,Tuning Config 4,federated,26,0.001,512,sgd,1e-05,5,0.67,FedAvg,False,0.0,1.0,False,,,,,,0.026022304832713755,0.007438894792773645,0.011570247933884297,,,bank_A,0.42518410077185875,0.022049969191859295,0.9658655724892536,0.01440329218106996,0.005490196078431373,0.007950028392958546,0.6915612339973449
2026-02-18T12:32:40.863536,8,Tuning Config 4,federated,26,0.001,512,sgd,1e-05,5,0.67,FedAvg,False,0.0,1.0,False,,,,,,0.026022304832713755,0.007438894792773645,0.011570247933884297,,,bank_B,0.44509321631090876,0.022623575524205013,0.9667063949512514,0.010940919037199124,0.003977724741447892,0.005834305717619603,0.6906982654333115
2026-02-18T12:32:40.863536,8,Tuning Config 4,federated,26,0.001,512,sgd,1e-05,5,0.67,FedAvg,False,0.0,1.0,False,,,,,,0.026022304832713755,0.007438894792773645,0.011570247933884297,,,bank_C,0.26525104767608154,0.03616100375176022,0.9363474726949453,0.04371584699453552,0.007366482504604052,0.01260835303388495,0.6782502384928913
2026-02-18T12:32:40.934330,8,Tuning Config 4,federated,27,0.001,512,sgd,1e-05,5,0.67,FedAvg,False,0.0,1.0,False,0.711828031710216,0.711828031710216,0.9577027551416376,0.3276558194514058,0.02475407025495998,0.029197080291970802,0.008501594048884165,0.01316872427983539,,,,,,,,,,
2026-02-18T12:32:40.934330,8,Tuning Config 4,federated,27,0.001,512,sgd,1e-05,5,0.67,FedAvg,False,0.0,1.0,False,,,,,,0.029197080291970802,0.008501594048884165,0.01316872427983539,,,bank_A,0.42877291166942677,0.022105021521093095,0.9655724892536147,0.021611001964636542,0.008627450980392156,0.01233183856502242,0.7153560411930084
2026-02-18T12:32:40.934330,8,Tuning Config 4,federated,27,0.001,512,sgd,1e-05,5,0.67,FedAvg,False,0.0,1.0,False,,,,,,0.029197080291970802,0.008501594048884165,0.01316872427983539,,,bank_B,0.4515103211455796,0.02265067526133957,0.9657880854223246,0.00992063492063492,0.003977724741447892,0.0056785917092561046,0.7142551726102829
2026-02-18T12:32:40.934330,8,Tuning Config 4,federated,27,0.001,512,sgd,1e-05,5,0.67,FedAvg,False,0.0,1.0,False,,,,,,0.029197080291970802,0.008501594048884165,0.01316872427983539,,,bank_C,0.26236509279841086,0.03642180817011882,0.9360680721361443,0.05194805194805195,0.009208103130755065,0.01564333202972233,0.7018148852633191
2026-02-18T12:32:41.019908,8,Tuning Config 4,federated,28,0.001,512,sgd,1e-05,5,0.67,FedAvg,False,0.0,1.0,False,0.7191411906055042,0.7191411906055042,0.9593255018167708,0.49038727527958964,0.06045324495734794,0.1624203821656051,0.05419766206163656,0.08127490039840637,,,,,,,,,,
2026-02-18T12:32:41.019908,8,Tuning Config 4,federated,28,0.001,512,sgd,1e-05,5,0.67,FedAvg,False,0.0,1.0,False,,,,,,0.1624203821656051,0.05419766206163656,0.08127490039840637,,,bank_A,0.521465120984773,0.03313639934228423,0.9661391168425166,0.05961538461538462,0.02431372549019608,0.03454038997214485,0.7179261565208435
2026-02-18T12:32:41.019908,8,Tuning Config 4,federated,28,0.001,512,sgd,1e-05,5,0.67,FedAvg,False,0.0,1.0,False,,,,,,0.1624203821656051,0.05419766206163656,0.08127490039840637,,,bank_B,0.5156586221079908,0.03291640956813221,0.9664914714444813,0.07276119402985075,0.031026252983293555,0.04350250976017847,0.7146338766813278
2026-02-18T12:32:41.019908,8,Tuning Config 4,federated,28,0.001,512,sgd,1e-05,5,0.67,FedAvg,False,0.0,1.0,False,,,,,,0.1624203821656051,0.05419766206163656,0.08127490039840637,,,bank_C,0.4501863231126805,0.07855991095428898,0.9376428752857505,0.18625277161862527,0.03867403314917127,0.06404879908501715,0.7246596929314849
2026-02-18T12:32:41.090998,8,Tuning Config 4,federated,29,0.001,512,sgd,1e-05,5,0.67,FedAvg,False,0.0,1.0,False,0.7138695738145283,0.7138695738145283,0.9577733093449042,0.4836575575536994,0.044159258077151334,0.05862068965517241,0.018065887353878853,0.02761982128350934,,,,,,,,,,
2026-02-18T12:32:41.090998,8,Tuning Config 4,federated,29,0.001,512,sgd,1e-05,5,0.67,FedAvg,False,0.0,1.0,False,,,,,,0.05862068965517241,0.018065887353878853,0.02761982128350934,,,bank_A,0.46003309818066085,0.024365016627788005,0.9655724892536147,0.01972386587771203,0.00784313725490196,0.01122334455667789,0.7114145964384079
2026-02-18T12:32:41.090998,8,Tuning Config 4,federated,29,0.001,512,sgd,1e-05,5,0.67,FedAvg,False,0.0,1.0,False,,,,,,0.05862068965517241,0.018065887353878853,0.02761982128350934,,,bank_B,0.46611258819053336,0.024473005132128918,0.9658662394247866,0.013888888888888888,0.005568814638027049,0.007950028392958546,0.7085331183671951
2026-02-18T12:32:41.090998,8,Tuning Config 4,federated,29,0.001,512,sgd,1e-05,5,0.67,FedAvg,False,0.0,1.0,False,,,,,,0.05862068965517241,0.018065887353878853,0.02761982128350934,,,bank_C,0.48747949354096054,0.07291679653335328,0.9363220726441452,0.05333333333333334,0.009208103130755065,0.015704750687082842,0.7219885502542768
2026-02-18T12:32:41.175297,8,Tuning Config 4,federated,30,0.001,512,sgd,1e-05,5,0.67,FedAvg,False,0.0,1.0,False,0.7032911138875144,0.7032911138875144,0.9576322009383709,0.32513818076093237,0.02522631054440304,0.04225352112676056,0.012752391073326248,0.019591836734693877,,,,,,,,,,
2026-02-18T12:32:41.175297,8,Tuning Config 4,federated,30,0.001,512,sgd,1e-05,5,0.67,FedAvg,False,0.0,1.0,False,,,,,,0.04225352112676056,0.012752391073326248,0.019591836734693877,,,bank_A,0.4324202023059499,0.022529200335919965,0.9655529503712388,0.015873015873015872,0.006274509803921568,0.008993816750983699,0.7065992993116379
2026-02-18T12:32:41.175297,8,Tuning Config 4,federated,30,0.001,512,sgd,1e-05,5,0.67,FedAvg,False,0.0,1.0,False,,,,,,0.04225352112676056,0.012752391073326248,0.019591836734693877,,,bank_B,0.45608402735562986,0.023484469917354974,0.9658076239229402,0.011881188118811881,0.00477326968973747,0.00681044267877412,0.7052653533220291
2026-02-18T12:32:41.175297,8,Tuning Config 4,federated,30,0.001,512,sgd,1e-05,5,0.67,FedAvg,False,0.0,1.0,False,,,,,,0.04225352112676056,0.012752391073326248,0.019591836734693877,,,bank_C,0.23196872923423972,0.03544230639793407,0.9360426720853442,0.05641025641025641,0.010128913443830571,0.01717408274785324,0.6933197758414529
2026-02-18T12:32:41.245985,8,Tuning Config 4,federated,31,0.001,512,sgd,1e-05,5,0.67,FedAvg,False,0.0,1.0,False,0.7069973519870213,0.7069973519870213,0.9577380322432709,0.32734235302849124,0.025139970209869626,0.03942652329749104,0.011689691817215728,0.018032786885245903,,,,,,,,,,
2026-02-18T12:32:41.245985,8,Tuning Config 4,federated,31,0.001,512,sgd,1e-05,5,0.67,FedAvg,False,0.0,1.0,False,,,,,,0.03942652329749104,0.011689691817215728,0.018032786885245903,,,bank_A,0.4347261443802047,0.022633993261098644,0.9659437280187573,0.01652892561983471,0.006274509803921568,0.009096077316657191,0.7085620087385177
2026-02-18T12:32:41.245985,8,Tuning Config 4,federated,31,0.001,512,sgd,1e-05,5,0.67,FedAvg,False,0.0,1.0,False,,,,,,0.03942652329749104,0.011689691817215728,0.018032786885245903,,,bank_B,0.4554955433611516,0.023416515905375534,0.9658662394247866,0.015810276679841896,0.006364359586316627,0.009075439591605219,0.707104195356369
2026-02-18T12:32:41.245985,8,Tuning Config 4,federated,31,0.001,512,sgd,1e-05,5,0.67,FedAvg,False,0.0,1.0,False,,,,,,0.03942652329749104,0.011689691817215728,0.018032786885245903,,,bank_C,0.23706504473546916,0.036022864852577025,0.9359156718313436,0.04884318766066838,0.008747697974217311,0.01483795392424834,0.7015949975360524
2026-02-18T12:32:41.328569,8,Tuning Config 4,federated,32,0.001,512,sgd,1e-05,5,0.67,FedAvg,False,0.0,1.0,False,0.6959550157189369,0.6959550157189369,0.9575616467351042,0.3106513517405801,0.02392725302205919,0.03214285714285714,0.009564293304994687,0.014742014742014743,,,,,,,,,,
2026-02-18T12:32:41.328569,8,Tuning Config 4,federated,32,0.001,512,sgd,1e-05,5,0.67,FedAvg,False,0.0,1.0,False,,,,,,0.03214285714285714,0.009564293304994687,0.014742014742014743,,,bank_A,0.4301468633540983,0.022524014490940943,0.9659632669011332,0.02053388090349076,0.00784313725490196,0.011350737797956867,0.7026139563322067
2026-02-18T12:32:41.328569,8,Tuning Config 4,federated,32,0.001,512,sgd,1e-05,5,0.67,FedAvg,False,0.0,1.0,False,,,,,,0.03214285714285714,0.009564293304994687,0.014742014742014743,,,bank_B,0.44783648711674207,0.023057518243267062,0.9669994724604833,0.01569506726457399,0.005568814638027049,0.008220786846741044,0.7000735813379287
2026-02-18T12:32:41.328569,8,Tuning Config 4,federated,32,0.001,512,sgd,1e-05,5,0.67,FedAvg,False,0.0,1.0,False,,,,,,0.03214285714285714,0.009564293304994687,0.014742014742014743,,,bank_C,0.2254257912240475,0.034749284564396965,0.935991871983744,0.05154639175257732,0.009208103130755065,0.015625,0.678437310379821
2026-02-18T12:32:41.391542,8,Tuning Config 4,federated,33,0.001,512,sgd,1e-05,5,0.67,FedAvg,False,0.0,1.0,False,0.7117528691887856,0.7117528691887856,0.9575616467351042,0.3313191771421091,0.025459707912459398,0.03214285714285714,0.009564293304994687,0.014742014742014743,,,,,,,,,,
2026-02-18T12:32:41.391542,8,Tuning Config 4,federated,33,0.001,512,sgd,1e-05,5,0.67,FedAvg,False,0.0,1.0,False,,,,,,0.03214285714285714,0.009564293304994687,0.014742014742014743,,,bank_A,0.452877871878137,0.023692453956409638,0.965748339194998,0.012244897959183673,0.004705882352941176,0.006798866855524079,0.7173428410291671
2026-02-18T12:32:41.391542,8,Tuning Config 4,federated,33,0.001,512,sgd,1e-05,5,0.67,FedAvg,False,0.0,1.0,False,,,,,,0.03214285714285714,0.009564293304994687,0.014742014742014743,,,bank_B,0.4657067127076912,0.02387582934495721,0.965885777925402,0.01775147928994083,0.007159904534606206,0.01020408163265306,0.7122219008207321
2026-02-18T12:32:41.391542,8,Tuning Config 4,federated,33,0.001,512,sgd,1e-05,5,0.67,FedAvg,False,0.0,1.0,False,,,,,,0.03214285714285714,0.009564293304994687,0.014742014742014743,,,bank_C,0.23290425597645453,0.035921321942738775,0.9362204724409449,0.050397877984084884,0.008747697974217311,0.01490780698313064,0.7021536486489433
2026-02-18T12:32:41.481816,8,Tuning Config 4,federated,34,0.001,512,sgd,1e-05,5,0.67,FedAvg,False,0.0,1.0,False,0.7429534111704145,0.7429534111704145,0.9579849719547042,0.43370138623972365,0.03639062324418981,0.07482993197278912,0.023379383634431455,0.03562753036437247,,,,,,,,,,
2026-02-18T12:32:41.481816,8,Tuning Config 4,federated,34,0.001,512,sgd,1e-05,5,0.67,FedAvg,False,0.0,1.0,False,,,,,,0.07482993197278912,0.023379383634431455,0.03562753036437247,,,bank_A,0.5286854906675624,0.03086698760147087,0.9660023446658851,0.05029013539651837,0.0203921568627451,0.029017857142857144,0.7461139518022537
2026-02-18T12:32:41.481816,8,Tuning Config 4,federated,34,0.001,512,sgd,1e-05,5,0.67,FedAvg,False,0.0,1.0,False,,,,,,0.07482993197278912,0.023379383634431455,0.03562753036437247,,,bank_B,0.5357277110531795,0.0313496870240433,0.9662765479377112,0.05502846299810247,0.023070803500397773,0.032511210762331835,0.7386301237344742
2026-02-18T12:32:41.481816,8,Tuning Config 4,federated,34,0.001,512,sgd,1e-05,5,0.67,FedAvg,False,0.0,1.0,False,,,,,,0.07482993197278912,0.023379383634431455,0.03562753036437247,,,bank_C,0.34242486848289927,0.048515858619413765,0.936499872999746,0.09803921568627451,0.01841620626151013,0.031007751937984496,0.7451006104419757
2026-02-18T12:32:41.550827,8,Tuning Config 4,federated,35,0.001,512,sgd,1e-05,5,0.67,FedAvg,False,0.0,1.0,False,0.70002089121512,0.70002089121512,0.9574558154302043,0.3261414555621794,0.024922057693461536,0.03180212014134275,0.009564293304994687,0.014705882352941176,,,,,,,,,,
2026-02-18T12:32:41.550827,8,Tuning Config 4,federated,35,0.001,512,sgd,1e-05,5,0.67,FedAvg,False,0.0,1.0,False,,,,,,0.03180212014134275,0.009564293304994687,0.014705882352941176,,,bank_A,0.43886133457490806,0.022797363591337362,0.9655334114888628,0.019646365422396856,0.00784313725490196,0.011210762331838564,0.7044796228408814
2026-02-18T12:32:41.550827,8,Tuning Config 4,federated,35,0.001,512,sgd,1e-05,5,0.67,FedAvg,False,0.0,1.0,False,,,,,,0.03180212014134275,0.009564293304994687,0.014705882352941176,,,bank_B,0.44621487349713496,0.02314264810376391,0.9659248549266329,0.01972386587771203,0.007955449482895784,0.011337868480725623,0.7015635532140732
2026-02-18T12:32:41.550827,8,Tuning Config 4,federated,35,0.001,512,sgd,1e-05,5,0.67,FedAvg,False,0.0,1.0,False,,,,,,0.03180212014134275,0.009564293304994687,0.014705882352941176,,,bank_C,0.22735267183516567,0.03474292023450816,0.9360426720853442,0.04473684210526316,0.007826887661141806,0.013322884012539185,0.6905737248334017
2026-02-18T12:32:41.640592,8,Tuning Config 4,federated,36,0.001,512,sgd,1e-05,5,0.67,FedAvg,False,0.0,1.0,False,0.7203281947544643,0.7203281947544643,0.9574558154302043,0.3828697463256298,0.028499606168488997,0.028469750889679714,0.008501594048884165,0.01309328968903437,,,,,,,,,,
2026-02-18T12:32:41.640592,8,Tuning Config 4,federated,36,0.001,512,sgd,1e-05,5,0.67,FedAvg,False,0.0,1.0,False,,,,,,0.028469750889679714,0.008501594048884165,0.01309328968903437,,,bank_A,0.4898012105353112,0.025388862212404863,0.9654552559593591,0.011881188118811881,0.004705882352941176,0.006741573033707865,0.7226283067464828
2026-02-18T12:32:41.640592,8,Tuning Config 4,federated,36,0.001,512,sgd,1e-05,5,0.67,FedAvg,False,0.0,1.0,False,,,,,,0.028469750889679714,0.008501594048884165,0.01309328968903437,,,bank_B,0.5078247018204346,0.026565535036621492,0.9658467009241711,0.015779092702169626,0.006364359586316627,0.009070294784580499,0.7169900977611542
2026-02-18T12:32:41.640592,8,Tuning Config 4,federated,36,0.001,512,sgd,1e-05,5,0.67,FedAvg,False,0.0,1.0,False,,,,,,0.028469750889679714,0.008501594048884165,0.01309328968903437,,,bank_C,0.2873329877138487,0.039331423798669295,0.9358902717805435,0.04871794871794872,0.008747697974217311,0.01483216237314598,0.7209200023056624
2026-02-18T12:32:41.709697,8,Tuning Config 4,federated,37,0.001,512,sgd,1e-05,5,0.67,FedAvg,False,0.0,1.0,False,0.7127956716077668,0.7127956716077668,0.9577733093449042,0.3911780218624606,0.03449595582034143,0.05862068965517241,0.018065887353878853,0.02761982128350934,,,,,,,,,,
2026-02-18T12:32:41.709697,8,Tuning Config 4,federated,37,0.001,512,sgd,1e-05,5,0.67,FedAvg,False,0.0,1.0,False,,,,,,0.05862068965517241,0.018065887353878853,0.02761982128350934,,,bank_A,0.4848211130559828,0.027393313261684853,0.9656897225478702,0.02564102564102564,0.01019607843137255,0.014590347923681257,0.7137332218885422
2026-02-18T12:32:41.709697,8,Tuning Config 4,federated,37,0.001,512,sgd,1e-05,5,0.67,FedAvg,False,0.0,1.0,False,,,,,,0.05862068965517241,0.018065887353878853,0.02761982128350934,,,bank_B,0.5102300046587918,0.03205427368135243,0.9668431644555597,0.09706959706959707,0.042163882259347654,0.058790904048807546,0.7086284798383713
2026-02-18T12:32:41.709697,8,Tuning Config 4,federated,37,0.001,512,sgd,1e-05,5,0.67,FedAvg,False,0.0,1.0,False,,,,,,0.05862068965517241,0.018065887353878853,0.02761982128350934,,,bank_C,0.31944691574835654,0.04621781821371226,0.936245872491745,0.07537688442211055,0.013812154696132596,0.023346303501945526,0.7145982810429165
2026-02-18T12:32:41.797167,8,Tuning Config 4,federated,38,0.001,512,sgd,1e-05,5,0.67,FedAvg,False,0.0,1.0,False,0.7002868875861168,0.7002868875861168,0.9581613574628709,0.3251050659260525,0.027095791677684996,0.03065134099616858,0.008501594048884165,0.013311148086522463,,,,,,,,,,
2026-02-18T12:32:41.797167,8,Tuning Config 4,federated,38,0.001,512,sgd,1e-05,5,0.67,FedAvg,False,0.0,1.0,False,,,,,,0.03065134099616858,0.008501594048884165,0.013311148086522463,,,bank_A,0.4370091251809812,0.02368119743433618,0.9655138726064869,0.01,0.00392156862745098,0.005633802816901409,0.7047218018770218
2026-02-18T12:32:41.797167,8,Tuning Config 4,federated,38,0.001,512,sgd,1e-05,5,0.67,FedAvg,False,0.0,1.0,False,,,,,,0.03065134099616858,0.008501594048884165,0.013311148086522463,,,bank_B,0.46257934972853254,0.026685765271266045,0.9663156249389422,0.05860113421550094,0.024661893396976928,0.03471444568868981,0.7006038278341293
2026-02-18T12:32:41.797167,8,Tuning Config 4,federated,38,0.001,512,sgd,1e-05,5,0.67,FedAvg,False,0.0,1.0,False,,,,,,0.03065134099616858,0.008501594048884165,0.013311148086522463,,,bank_C,0.2289732427840979,0.03561123788979655,0.9359410718821438,0.05357142857142857,0.009668508287292817,0.01638065522620905,0.6915767819850476
2026-02-18T12:32:41.867788,8,Tuning Config 4,federated,39,0.001,512,sgd,1e-05,5,0.67,FedAvg,False,0.0,1.0,False,0.7006734300936971,0.7006734300936971,0.9577733093449042,0.33073856241134325,0.027012120944385546,0.039568345323741004,0.011689691817215728,0.01804757998359311,,,,,,,,,,
2026-02-18T12:32:41.867788,8,Tuning Config 4,federated,39,0.001,512,sgd,1e-05,5,0.67,FedAvg,False,0.0,1.0,False,,,,,,0.039568345323741004,0.011689691817215728,0.01804757998359311,,,bank_A,0.4493551394708771,0.024712684379165212,0.9658264947245018,0.020242914979757085,0.00784313725490196,0.011305822498586773,0.7074307519197464
2026-02-18T12:32:41.867788,8,Tuning Config 4,federated,39,0.001,512,sgd,1e-05,5,0.67,FedAvg,False,0.0,1.0,False,,,,,,0.039568345323741004,0.011689691817215728,0.01804757998359311,,,bank_B,0.470154324310422,0.027222488654636865,0.9660811629315567,0.038535645472061654,0.015910898965791568,0.02252252252252252,0.702904462814331
2026-02-18T12:32:41.867788,8,Tuning Config 4,federated,39,0.001,512,sgd,1e-05,5,0.67,FedAvg,False,0.0,1.0,False,,,,,,0.039568345323741004,0.011689691817215728,0.01804757998359311,,,bank_C,0.2528630262107401,0.036713415364384855,0.9360426720853442,0.04473684210526316,0.007826887661141806,0.013322884012539185,0.6867300620326748
2026-02-18T12:32:41.955853,8,Tuning Config 4,federated,40,0.001,512,sgd,1e-05,5,0.67,FedAvg,False,0.0,1.0,False,0.6850276131715093,0.6850276131715093,0.9580908032596042,0.3290668061160541,0.028994158978849792,0.08970099667774087,0.028692879914984058,0.043478260869565216,,,,,,,,,,
2026-02-18T12:32:41.955853,8,Tuning Config 4,federated,40,0.001,512,sgd,1e-05,5,0.67,FedAvg,False,0.0,1.0,False,,,,,,0.08970099667774087,0.028692879914984058,0.043478260869565216,,,bank_A,0.427345069357269,0.024106320824226188,0.9655920281359907,0.014,0.005490196078431373,0.007887323943661971,0.691300036907196
2026-02-18T12:32:41.955853,8,Tuning Config 4,federated,40,0.001,512,sgd,1e-05,5,0.67,FedAvg,False,0.0,1.0,False,,,,,,0.08970099667774087,0.028692879914984058,0.043478260869565216,,,bank_B,0.4394046970488221,0.02893495103270709,0.9669017799574061,0.09158878504672897,0.03898170246618934,0.0546875,0.6884817653894424
2026-02-18T12:32:41.955853,8,Tuning Config 4,federated,40,0.001,512,sgd,1e-05,5,0.67,FedAvg,False,0.0,1.0,False,,,,,,0.08970099667774087,0.028692879914984058,0.043478260869565216,,,bank_C,0.2464256900284843,0.03691129220767389,0.9364490728981458,0.08121827411167512,0.014732965009208104,0.02494154325798909,0.6710808230684949
2026-02-18T12:32:42.022337,8,Tuning Config 4,federated,41,0.001,512,sgd,1e-05,5,0.67,FedAvg,False,0.0,1.0,False,0.685017038668905,0.685017038668905,0.9575263696334709,0.33185180638322176,0.02928330167415371,0.0353356890459364,0.010626992561105207,0.016339869281045753,,,,,,,,,,
2026-02-18T12:32:42.022337,8,Tuning Config 4,federated,41,0.001,512,sgd,1e-05,5,0.67,FedAvg,False,0.0,1.0,False,,,,,,0.0353356890459364,0.010626992561105207,0.016339869281045753,,,bank_A,0.4248388094241804,0.0241593660884152,0.965748339194998,0.022,0.008627450980392156,0.012394366197183098,0.6909756731986999
2026-02-18T12:32:42.022337,8,Tuning Config 4,federated,41,0.001,512,sgd,1e-05,5,0.67,FedAvg,False,0.0,1.0,False,,,,,,0.0353356890459364,0.010626992561105207,0.016339869281045753,,,bank_B,0.43984210813483426,0.02785469531544242,0.9665891639475587,0.08440366972477065,0.03659506762132061,0.051054384017758046,0.6890832144021988
2026-02-18T12:32:42.022337,8,Tuning Config 4,federated,41,0.001,512,sgd,1e-05,5,0.67,FedAvg,False,0.0,1.0,False,,,,,,0.0353356890459364,0.010626992561105207,0.016339869281045753,,,bank_C,0.25406062049911193,0.037018661702156355,0.9359664719329439,0.05597964376590331,0.010128913443830571,0.017153996101364522,0.670595090884667
2026-02-18T12:32:42.107828,8,Tuning Config 4,federated,42,0.001,512,sgd,1e-05,5,0.67,FedAvg,False,0.0,1.0,False,0.6714352348021099,0.6714352348021099,0.9576674780400042,0.32961254169696697,0.02593058061418943,0.032490974729241874,0.009564293304994687,0.014778325123152709,,,,,,,,,,
2026-02-18T12:32:42.107828,8,Tuning Config 4,federated,42,0.001,512,sgd,1e-05,5,0.67,FedAvg,False,0.0,1.0,False,,,,,,0.032490974729241874,0.009564293304994687,0.014778325123152709,,,bank_A,0.41956228991947453,0.022842858678659497,0.9657288003126221,0.02004008016032064,0.00784313725490196,0.011273957158962795,0.6790549379587173
2026-02-18T12:32:42.107828,8,Tuning Config 4,federated,42,0.001,512,sgd,1e-05,5,0.67,FedAvg,False,0.0,1.0,False,,,,,,0.032490974729241874,0.009564293304994687,0.014778325123152709,,,bank_B,0.4317434337902442,0.02541605039082458,0.9667259334518669,0.0694980694980695,0.028639618138424822,0.04056338028169014,0.677956685423851
2026-02-18T12:32:42.107828,8,Tuning Config 4,federated,42,0.001,512,sgd,1e-05,5,0.67,FedAvg,False,0.0,1.0,False,,,,,,0.032490974729241874,0.009564293304994687,0.014778325123152709,,,bank_C,0.2846316318121224,0.036877800957202125,0.9359156718313436,0.046511627906976744,0.008287292817679558,0.01406799531066823,0.6514134120631527
2026-02-18T12:32:42.175858,8,Tuning Config 4,federated,43,0.001,512,sgd,1e-05,5,0.67,FedAvg,False,0.0,1.0,False,0.6862556785345078,0.6862556785345078,0.9573852612269376,0.33587748844994114,0.02726468432615429,0.02491103202846975,0.007438894792773645,0.011456628477905073,,,,,,,,,,
2026-02-18T12:32:42.175858,8,Tuning Config 4,federated,43,0.001,512,sgd,1e-05,5,0.67,FedAvg,False,0.0,1.0,False,,,,,,0.02491103202846975,0.007438894792773645,0.011456628477905073,,,bank_A,0.426474835520823,0.02356904999896947,0.9656115670183666,0.023575638506876228,0.009411764705882352,0.013452914798206279,0.6902150851488114
2026-02-18T12:32:42.175858,8,Tuning Config 4,federated,43,0.001,512,sgd,1e-05,5,0.67,FedAvg,False,0.0,1.0,False,,,,,,0.02491103202846975,0.007438894792773645,0.011456628477905073,,,bank_B,0.4429253866035483,0.02637671611525592,0.9667454719524824,0.05765407554671968,0.023070803500397773,0.03295454545454545,0.6890378195047379
2026-02-18T12:32:42.175858,8,Tuning Config 4,federated,43,0.001,512,sgd,1e-05,5,0.67,FedAvg,False,0.0,1.0,False,,,,,,0.02491103202846975,0.007438894792773645,0.011456628477905073,,,bank_C,0.25144477212531574,0.03590431245787076,0.9359156718313436,0.04415584415584416,0.007826887661141806,0.01329683222526398,0.6753951071144698
2026-02-18T12:32:42.262589,8,Tuning Config 4,federated,44,0.001,512,sgd,1e-05,5,0.67,FedAvg,False,0.0,1.0,False,0.6897665698613439,0.6897665698613439,0.9580202490563375,0.34438840816368316,0.02985396529893042,0.07796610169491526,0.024442082890541977,0.0372168284789644,,,,,,,,,,
2026-02-18T12:32:42.262589,8,Tuning Config 4,federated,44,0.001,512,sgd,1e-05,5,0.67,FedAvg,False,0.0,1.0,False,,,,,,0.07796610169491526,0.024442082890541977,0.0372168284789644,,,bank_A,0.4262823442973022,0.0238984750159891,0.9660609613130129,0.02074688796680498,0.00784313725490196,0.011383039271485486,0.6910169738531112
2026-02-18T12:32:42.262589,8,Tuning Config 4,federated,44,0.001,512,sgd,1e-05,5,0.67,FedAvg,False,0.0,1.0,False,,,,,,0.07796610169491526,0.024442082890541977,0.0372168284789644,,,bank_B,0.44378459235763107,0.028653944920608774,0.966686856450636,0.08671586715867159,0.03739061256961018,0.05225125069483046,0.6901355469226838
2026-02-18T12:32:42.262589,8,Tuning Config 4,federated,44,0.001,512,sgd,1e-05,5,0.67,FedAvg,False,0.0,1.0,False,,,,,,0.07796610169491526,0.024442082890541977,0.0372168284789644,,,bank_C,0.2590401266647635,0.03795368356062217,0.935991871983744,0.04922279792746114,0.008747697974217311,0.014855355746677092,0.6848748574009189
2026-02-18T12:32:42.337983,8,Tuning Config 4,federated,45,0.001,512,sgd,1e-05,5,0.67,FedAvg,False,0.0,1.0,False,0.6935671025088855,0.6935671025088855,0.9591138392069708,0.43268812657901334,0.047696969293797124,0.1696969696969697,0.05951115834218916,0.08811959087332809,,,,,,,,,,
2026-02-18T12:32:42.337983,8,Tuning Config 4,federated,45,0.001,512,sgd,1e-05,5,0.67,FedAvg,False,0.0,1.0,False,,,,,,0.1696969696969697,0.05951115834218916,0.08811959087332809,,,bank_A,0.45006570523209793,0.02622290739974453,0.9656701836654943,0.029296875,0.011764705882352941,0.016787912702853944,0.6973383456468583
2026-02-18T12:32:42.337983,8,Tuning Config 4,federated,45,0.001,512,sgd,1e-05,5,0.67,FedAvg,False,0.0,1.0,False,,,,,,0.1696969696969697,0.05951115834218916,0.08811959087332809,,,bank_B,0.4649216291659105,0.031437226634722745,0.9670580879623297,0.10351201478743069,0.04455051710421639,0.06229143492769744,0.6965409076213837
2026-02-18T12:32:42.337983,8,Tuning Config 4,federated,45,0.001,512,sgd,1e-05,5,0.67,FedAvg,False,0.0,1.0,False,,,,,,0.1696969696969697,0.05951115834218916,0.08811959087332809,,,bank_C,0.41815636783973315,0.07923821594590093,0.9388112776225552,0.26534653465346536,0.061694290976058934,0.1001120657452372,0.684862204186328
2026-02-18T12:32:42.403804,8,Tuning Config 4,federated,46,0.001,512,sgd,1e-05,5,0.67,FedAvg,False,0.0,1.0,False,0.6881776217903409,0.6881776217903409,0.9579849719547042,0.33097816026230675,0.027472951844952822,0.043795620437956206,0.012752391073326248,0.019753086419753086,,,,,,,,,,
2026-02-18T12:32:42.403804,8,Tuning Config 4,federated,46,0.001,512,sgd,1e-05,5,0.67,FedAvg,False,0.0,1.0,False,,,,,,0.043795620437956206,0.012752391073326248,0.019753086419753086,,,bank_A,0.4147083379990609,0.02369914869073463,0.9663735834310277,0.06274509803921569,0.025098039215686273,0.035854341736694675,0.6920320147275925
2026-02-18T12:32:42.403804,8,Tuning Config 4,federated,46,0.001,512,sgd,1e-05,5,0.67,FedAvg,False,0.0,1.0,False,,,,,,0.043795620437956206,0.012752391073326248,0.019753086419753086,,,bank_B,0.4333394715416917,0.0255721640865151,0.9664914714444813,0.06628787878787878,0.02784407319013524,0.0392156862745098,0.6931638687849044
2026-02-18T12:32:42.403804,8,Tuning Config 4,federated,46,0.001,512,sgd,1e-05,5,0.67,FedAvg,False,0.0,1.0,False,,,,,,0.043795620437956206,0.012752391073326248,0.019753086419753086,,,bank_C,0.27183307272010204,0.03655149249494454,0.9361696723393447,0.059431524547803614,0.010589318600368325,0.01797577178585385,0.6758338120076564
2026-02-18T12:32:42.494032,8,Tuning Config 4,federated,47,0.001,512,sgd,1e-05,5,0.67,FedAvg,False,0.0,1.0,False,0.694974636392934,0.694974636392934,0.9575616467351042,0.3470177027874548,0.028661024316256906,0.04195804195804196,0.012752391073326248,0.019559902200488997,,,,,,,,,,
2026-02-18T12:32:42.494032,8,Tuning Config 4,federated,47,0.001,512,sgd,1e-05,5,0.67,FedAvg,False,0.0,1.0,False,,,,,,0.04195804195804196,0.012752391073326248,0.019559902200488997,,,bank_A,0.43221832854973474,0.02402790610256166,0.9655724892536147,0.021611001964636542,0.008627450980392156,0.01233183856502242,0.6998640149831772
2026-02-18T12:32:42.494032,8,Tuning Config 4,federated,47,0.001,512,sgd,1e-05,5,0.67,FedAvg,False,0.0,1.0,False,,,,,,0.04195804195804196,0.012752391073326248,0.019559902200488997,,,bank_B,0.45230192215158294,0.025754266289949555,0.9662374709364804,0.04093567251461988,0.016706443914081145,0.023728813559322035,0.6998253834247589
2026-02-18T12:32:42.494032,8,Tuning Config 4,federated,47,0.001,512,sgd,1e-05,5,0.67,FedAvg,False,0.0,1.0,False,,,,,,0.04195804195804196,0.012752391073326248,0.019559902200488997,,,bank_C,0.2634254925882171,0.036660913889087744,0.9360680721361443,0.05426356589147287,0.009668508287292817,0.016412661195779603,0.6825315929078436
2026-02-18T12:32:42.563631,8,Tuning Config 4,federated,48,0.001,512,sgd,1e-05,5,0.67,FedAvg,False,0.0,1.0,False,0.6865699291229248,0.6865699291229248,0.9580908032596042,0.35567164834247844,0.029766604304628234,0.08417508417508418,0.026567481402763018,0.04038772213247173,,,,,,,,,,
2026-02-18T12:32:42.563631,8,Tuning Config 4,federated,48,0.001,512,sgd,1e-05,5,0.67,FedAvg,False,0.0,1.0,False,,,,,,0.08417508417508418,0.026567481402763018,0.04038772213247173,,,bank_A,0.4288301576917712,0.024199391031518105,0.9658851113716296,0.03913894324853229,0.01568627450980392,0.022396416573348264,0.6894626408815384
2026-02-18T12:32:42.563631,8,Tuning Config 4,federated,48,0.001,512,sgd,1e-05,5,0.67,FedAvg,False,0.0,1.0,False,,,,,,0.08417508417508418,0.026567481402763018,0.04038772213247173,,,bank_B,0.4354749768574247,0.02606192528577269,0.9670190109610989,0.07662082514734773,0.031026252983293555,0.044167610419026046,0.6896394896507263
2026-02-18T12:32:42.563631,8,Tuning Config 4,federated,48,0.001,512,sgd,1e-05,5,0.67,FedAvg,False,0.0,1.0,False,,,,,,0.08417508417508418,0.026567481402763018,0.04038772213247173,,,bank_C,0.2907809641342922,0.038869225109654085,0.9362204724409449,0.07088607594936709,0.01289134438305709,0.0218153486560187,0.6792140045723358
2026-02-18T12:32:42.661334,8,Tuning Config 4,federated,49,0.001,512,sgd,1e-05,5,0.67,FedAvg,False,0.0,1.0,False,0.6939948626926967,0.6939948626926967,0.9588316223939041,0.48139171181438817,0.052465733827719005,0.146875,0.04994686503719448,0.07454401268834258,,,,,,,,,,
2026-02-18T12:32:42.661334,8,Tuning Config 4,federated,49,0.001,512,sgd,1e-05,5,0.67,FedAvg,False,0.0,1.0,False,,,,,,0.146875,0.04994686503719448,0.07454401268834258,,,bank_A,0.45208406560700626,0.026644071899195234,0.9657092614302462,0.03667953667953668,0.014901960784313726,0.021193530395984383,0.693881276845932
2026-02-18T12:32:42.661334,8,Tuning Config 4,federated,49,0.001,512,sgd,1e-05,5,0.67,FedAvg,False,0.0,1.0,False,,,,,,0.146875,0.04994686503719448,0.07454401268834258,,,bank_B,0.46295283707926577,0.032450560821495444,0.9670776264629453,0.12190812720848057,0.05489260143198091,0.07569939659901262,0.693212548494339
2026-02-18T12:32:42.661334,8,Tuning Config 4,federated,49,0.001,512,sgd,1e-05,5,0.67,FedAvg,False,0.0,1.0,False,,,,,,0.146875,0.04994686503719448,0.07454401268834258,,,bank_C,0.4610001755574692,0.0668932394741503,0.9364744729489459,0.09975669099756691,0.018876611418047883,0.031746031746031744,0.6967226561013754
2026-02-18T12:32:42.737684,8,Tuning Config 4,federated,50,0.001,512,sgd,1e-05,5,0.67,FedAvg,False,0.0,1.0,False,0.6885744716439929,0.6885744716439929,0.9581613574628709,0.3956001707081371,0.03330558043616538,0.07017543859649122,0.021253985122210415,0.03262642740619902,,,,,,,,,,
2026-02-18T12:32:42.737684,8,Tuning Config 4,federated,50,0.001,512,sgd,1e-05,5,0.67,FedAvg,False,0.0,1.0,False,,,,,,0.07017543859649122,0.021253985122210415,0.03262642740619902,,,bank_A,0.4363313825680558,0.02465135612159671,0.9656506447831184,0.031067961165048542,0.012549019607843137,0.017877094972067038,0.687884071469307
2026-02-18T12:32:42.737684,8,Tuning Config 4,federated,50,0.001,512,sgd,1e-05,5,0.67,FedAvg,False,0.0,1.0,False,,,,,,0.07017543859649122,0.021253985122210415,0.03262642740619902,,,bank_B,0.4448234506585253,0.027866657776750743,0.9668627029561752,0.08818011257035648,0.03739061256961018,0.05251396648044693,0.6876974922418594
2026-02-18T12:32:42.737684,8,Tuning Config 4,federated,50,0.001,512,sgd,1e-05,5,0.67,FedAvg,False,0.0,1.0,False,,,,,,0.07017543859649122,0.021253985122210415,0.03262642740619902,,,bank_C,0.3312916299189138,0.042777242772418206,0.9362204724409449,0.07304785894206549,0.013351749539594844,0.022576878162709226,0.6911627387071585
2026-02-18T17:19:07.269941,6,Tuning Config 2,federated,0,0.001,512,adam,0.0001,5,1.0,FedAvg,False,0.0,1.0,False,0.7121366634964943,0.7121366634964943,0.9600310438494374,0.29484157731154537,0.024099975697260974,0.0514018691588785,0.011689691817215728,0.01904761904761905,,,,,,,,,,
2026-02-18T17:19:07.269941,6,Tuning Config 2,federated,0,0.001,512,adam,0.0001,5,1.0,FedAvg,False,0.0,1.0,False,,,,,,0.0514018691588785,0.011689691817215728,0.01904761904761905,,,bank_A,0.38672676516754384,0.01989122920428699,0.9657288003126221,0.03313840155945419,0.013333333333333334,0.01901565995525727,0.6766425341367721
2026-02-18T17:19:07.269941,6,Tuning Config 2,federated,0,0.001,512,adam,0.0001,5,1.0,FedAvg,False,0.0,1.0,False,,,,,,0.0514018691588785,0.011689691817215728,0.01904761904761905,,,bank_B,0.39689235354524877,0.02007487428244055,0.9700084015552647,0.060126582278481014,0.015115354017501989,0.024157660521296885,0.6740300154685974
2026-02-18T17:19:07.269941,6,Tuning Config 2,federated,0,0.001,512,adam,0.0001,5,1.0,FedAvg,False,0.0,1.0,False,,,,,,0.0514018691588785,0.011689691817215728,0.01904761904761905,,,bank_C,0.25140747358939375,0.034457682766219036,0.9402082804165608,0.030927835051546393,0.0027624309392265192,0.00507185122569738,0.7519338649588746
2026-02-18T17:19:09.229729,6,Tuning Config 2,federated,1,0.001,512,adam,0.0001,5,1.0,FedAvg,False,0.0,1.0,False,1.4054571049554008,1.4054571049554008,0.9616890676262039,0.5838852084718449,0.1124587391027616,0.30971128608923887,0.12539851222104145,0.17851739788199697,,,,,,,,,,
2026-02-18T17:19:09.229729,6,Tuning Config 2,federated,1,0.001,512,adam,0.0001,5,1.0,FedAvg,False,0.0,1.0,False,,,,,,0.30971128608923887,0.12539851222104145,0.17851739788199697,,,bank_A,0.5677936078549244,0.045896201396498276,0.9666080500195389,0.11387900355871886,0.05019607843137255,0.06967882416984214,1.209850890636444
2026-02-18T17:19:09.229729,6,Tuning Config 2,federated,1,0.001,512,adam,0.0001,5,1.0,FedAvg,False,0.0,1.0,False,,,,,,0.30971128608923887,0.12539851222104145,0.17851739788199697,,,bank_B,0.5647427606270202,0.04467542758943531,0.9675270119771009,0.14659685863874344,0.06682577565632458,0.09180327868852459,1.1170147424936294
2026-02-18T17:19:09.229729,6,Tuning Config 2,federated,1,0.001,512,adam,0.0001,5,1.0,FedAvg,False,0.0,1.0,False,,,,,,0.30971128608923887,0.12539851222104145,0.17851739788199697,,,bank_C,0.6066526230593002,0.16829488554574729,0.9448310896621793,0.0,0.0,0.0,1.9855655137594643
2026-02-18T17:19:10.442079,6,Tuning Config 2,federated,2,0.001,512,adam,0.0001,5,1.0,FedAvg,False,0.0,1.0,False,0.6740641274622509,0.6740641274622509,0.9627121035735704,0.5991389134751243,0.1712927890415433,0.36574074074074076,0.16790648246546228,0.23015294974508377,,,,,,,,,,
2026-02-18T17:19:10.442079,6,Tuning Config 2,federated,2,0.001,512,adam,0.0001,5,1.0,FedAvg,False,0.0,1.0,False,,,,,,0.36574074074074076,0.16790648246546228,0.23015294974508377,,,bank_A,0.5624882885325255,0.06508872796192773,0.9677022274325908,0.18604651162790697,0.08784313725490196,0.11933937133724028,0.6687143051624298
2026-02-18T17:19:10.442079,6,Tuning Config 2,federated,2,0.001,512,adam,0.0001,5,1.0,FedAvg,False,0.0,1.0,False,,,,,,0.36574074074074076,0.16790648246546228,0.23015294974508377,,,bank_B,0.5661779652087879,0.0770162701825684,0.9678982434887947,0.1825657894736842,0.0883054892601432,0.11903485254691688,0.6677185237407685
2026-02-18T17:19:10.442079,6,Tuning Config 2,federated,2,0.001,512,adam,0.0001,5,1.0,FedAvg,False,0.0,1.0,False,,,,,,0.36574074074074076,0.16790648246546228,0.23015294974508377,,,bank_C,0.6309278556333402,0.23604573709502702,0.9447040894081788,0.4966078697421981,0.1685082872928177,0.2516328635269852,0.6853582278474585
2026-02-18T17:19:11.581901,6,Tuning Config 2,federated,3,0.001,512,adam,0.0001,5,1.0,FedAvg,False,0.0,1.0,False,0.6468977236321994,0.6468977236321994,0.9584082971743042,0.3230723618081879,0.025555104258159038,0.055970149253731345,0.015940488841657812,0.02481389578163772,,,,,,,,,,
2026-02-18T17:19:11.581901,6,Tuning Config 2,federated,3,0.001,512,adam,0.0001,5,1.0,FedAvg,False,0.0,1.0,False,,,,,,0.055970149253731345,0.015940488841657812,0.02481389578163772,,,bank_A,0.45897304486367235,0.02624321450198979,0.9659046502540055,0.04980842911877394,0.0203921568627451,0.028937117417918753,0.6239888882637024
2026-02-18T17:19:11.581901,6,Tuning Config 2,federated,3,0.001,512,adam,0.0001,5,1.0,FedAvg,False,0.0,1.0,False,,,,,,0.055970149253731345,0.015940488841657812,0.02481389578163772,,,bank_B,0.48286856642621845,0.028255777339896836,0.9670971649635607,0.054279749478079335,0.020684168655529037,0.029953917050691243,0.6274883508682251
2026-02-18T17:19:11.581901,6,Tuning Config 2,federated,3,0.001,512,adam,0.0001,5,1.0,FedAvg,False,0.0,1.0,False,,,,,,0.055970149253731345,0.015940488841657812,0.02481389578163772,,,bank_C,0.24940460347726573,0.035406051317106266,0.936271272542545,0.04825737265415549,0.008287292817679558,0.014145383104125737,0.6723046689838558
2026-02-18T17:19:12.574205,6,Tuning Config 2,federated,4,0.001,512,adam,0.0001,5,1.0,FedAvg,False,0.0,1.0,False,0.6397073460476739,0.6397073460476739,0.9588316223939041,0.395336240821006,0.05796199442634653,0.146875,0.04994686503719448,0.07454401268834258,,,,,,,,,,
2026-02-18T17:19:12.574205,6,Tuning Config 2,federated,4,0.001,512,adam,0.0001,5,1.0,FedAvg,False,0.0,1.0,False,,,,,,0.146875,0.04994686503719448,0.07454401268834258,,,bank_A,0.4640011629940023,0.02677954374530367,0.9681125439624854,0.05263157894736842,0.01647058823529412,0.025089605734767026,0.6361523431539535
2026-02-18T17:19:12.574205,6,Tuning Config 2,federated,4,0.001,512,adam,0.0001,5,1.0,FedAvg,False,0.0,1.0,False,,,,,,0.146875,0.04994686503719448,0.07454401268834258,,,bank_B,0.47337846924301874,0.02650620505243615,0.9694027080361853,0.05730659025787966,0.015910898965791568,0.024906600249066,0.6423127824068069
2026-02-18T17:19:12.574205,6,Tuning Config 2,federated,4,0.001,512,adam,0.0001,5,1.0,FedAvg,False,0.0,1.0,False,,,,,,0.146875,0.04994686503719448,0.07454401268834258,,,bank_C,0.36980655482873637,0.08667062377248522,0.9385318770637542,0.2448559670781893,0.05478821362799263,0.08954100827689992,0.6326410723971082
2026-02-18T17:19:13.990838,6,Tuning Config 2,federated,5,0.001,512,adam,0.0001,5,1.0,FedAvg,False,0.0,1.0,False,0.6375538621629987,0.6375538621629987,0.9586552368857375,0.42065887198774243,0.058315710185402686,0.12131147540983607,0.039319872476089264,0.0593900481540931,,,,,,,,,,
2026-02-18T17:19:13.990838,6,Tuning Config 2,federated,5,0.001,512,adam,0.0001,5,1.0,FedAvg,False,0.0,1.0,False,,,,,,0.12131147540983607,0.039319872476089264,0.0593900481540931,,,bank_A,0.4661803465800708,0.027311477899984414,0.9670183665494334,0.04415011037527594,0.01568627450980392,0.023148148148148147,0.6335971164703369
2026-02-18T17:19:13.990838,6,Tuning Config 2,federated,5,0.001,512,adam,0.0001,5,1.0,FedAvg,False,0.0,1.0,False,,,,,,0.12131147540983607,0.039319872476089264,0.0593900481540931,,,bank_B,0.4786421183588075,0.027130196320196885,0.9665305484457123,0.04032258064516129,0.015910898965791568,0.022818026240730177,0.6366035151481628
2026-02-18T17:19:13.990838,6,Tuning Config 2,federated,5,0.001,512,adam,0.0001,5,1.0,FedAvg,False,0.0,1.0,False,,,,,,0.12131147540983607,0.039319872476089264,0.0593900481540931,,,bank_C,0.4101521094571611,0.08494786998103768,0.9379730759461519,0.21398305084745764,0.046500920810313075,0.07639939485627836,0.6341690777184127
2026-02-18T17:19:15.445745,6,Tuning Config 2,federated,6,0.001,512,adam,0.0001,5,1.0,FedAvg,False,0.0,1.0,False,0.6438212894967624,0.6438212894967624,0.9619007302360039,0.5204273550871171,0.15069576006129595,0.32923832923832924,0.14240170031880978,0.19881305637982197,,,,,,,,,,
2026-02-18T17:19:15.445745,6,Tuning Config 2,federated,6,0.001,512,adam,0.0001,5,1.0,FedAvg,False,0.0,1.0,False,,,,,,0.32923832923832924,0.14240170031880978,0.19881305637982197,,,bank_A,0.5285120316837285,0.057240969515026906,0.9674677608440797,0.17927631578947367,0.08549019607843138,0.11577270313329793,0.6487491029500961
2026-02-18T17:19:15.445745,6,Tuning Config 2,federated,6,0.001,512,adam,0.0001,5,1.0,FedAvg,False,0.0,1.0,False,,,,,,0.32923832923832924,0.14240170031880978,0.19881305637982197,,,bank_B,0.5264506823641626,0.060752284660508804,0.9678200894863328,0.17391304347826086,0.08273667462211615,0.11212938005390835,0.6544634652137756
2026-02-18T17:19:15.445745,6,Tuning Config 2,federated,6,0.001,512,adam,0.0001,5,1.0,FedAvg,False,0.0,1.0,False,,,,,,0.32923832923832924,0.14240170031880978,0.19881305637982197,,,bank_C,0.5426302709694386,0.21704918149164223,0.9443992887985776,0.4881450488145049,0.16114180478821363,0.24229837313949462,0.6179433372113612
2026-02-18T17:19:16.657589,6,Tuning Config 2,federated,7,0.001,512,adam,0.0001,5,1.0,FedAvg,False,0.0,1.0,False,0.6557180423821721,0.6557180423821721,0.9579144177514376,0.3481456816975703,0.0289452828913648,0.07142857142857142,0.022316684378320937,0.0340080971659919,,,,,,,,,,
2026-02-18T17:19:16.657589,6,Tuning Config 2,federated,7,0.001,512,adam,0.0001,5,1.0,FedAvg,False,0.0,1.0,False,,,,,,0.07142857142857142,0.022316684378320937,0.0340080971659919,,,bank_A,0.45489593364647735,0.032439436810716094,0.9666666666666667,0.09719626168224299,0.0407843137254902,0.057458563535911604,0.6357893186807633
2026-02-18T17:19:16.657589,6,Tuning Config 2,federated,7,0.001,512,adam,0.0001,5,1.0,FedAvg,False,0.0,1.0,False,,,,,,0.07142857142857142,0.022316684378320937,0.0340080971659919,,,bank_B,0.4606798594802844,0.031205484238164514,0.9671557804654071,0.09386973180076628,0.03898170246618934,0.05508712759977515,0.6451755946874619
2026-02-18T17:19:16.657589,6,Tuning Config 2,federated,7,0.001,512,adam,0.0001,5,1.0,FedAvg,False,0.0,1.0,False,,,,,,0.07142857142857142,0.022316684378320937,0.0340080971659919,,,bank_C,0.27732633573935195,0.03867922796429435,0.9360934721869444,0.05897435897435897,0.010589318600368325,0.01795472287275566,0.666576527155839
2026-02-18T17:19:17.575225,6,Tuning Config 2,federated,8,0.001,512,adam,0.0001,5,1.0,FedAvg,False,0.0,1.0,False,0.6312782477055278,0.6312782477055278,0.9578438635481709,0.34264383025258094,0.028327358415938274,0.059027777777777776,0.018065887353878853,0.027664768104149716,,,,,,,,,,
2026-02-18T17:19:17.575225,6,Tuning Config 2,federated,8,0.001,512,adam,0.0001,5,1.0,FedAvg,False,0.0,1.0,False,,,,,,0.059027777777777776,0.018065887353878853,0.027664768104149716,,,bank_A,0.4458633128434221,0.02758347165703571,0.9664908167252834,0.06,0.023529411764705882,0.03380281690140845,0.6294373190402984
2026-02-18T17:19:17.575225,6,Tuning Config 2,federated,8,0.001,512,adam,0.0001,5,1.0,FedAvg,False,0.0,1.0,False,,,,,,0.059027777777777776,0.018065887353878853,0.027664768104149716,,,bank_B,0.45781643786702164,0.028928421030668623,0.9664914714444813,0.05961538461538462,0.024661893396976928,0.03489026449071469,0.6404368674755097
2026-02-18T17:19:17.575225,6,Tuning Config 2,federated,8,0.001,512,adam,0.0001,5,1.0,FedAvg,False,0.0,1.0,False,,,,,,0.059027777777777776,0.018065887353878853,0.027664768104149716,,,bank_C,0.27311560518758954,0.03869137588430566,0.9361696723393447,0.06835443037974684,0.012430939226519336,0.02103622906116089,0.6088800979899122
2026-02-18T17:19:18.539049,6,Tuning Config 2,federated,9,0.001,512,adam,0.0001,5,1.0,FedAvg,False,0.0,1.0,False,0.6300364306994847,0.6300364306994847,0.9583377429710375,0.3409046034506279,0.029912812785296828,0.07142857142857142,0.021253985122210415,0.03276003276003276,,,,,,,,,,
2026-02-18T17:19:18.539049,6,Tuning Config 2,federated,9,0.001,512,adam,0.0001,5,1.0,FedAvg,False,0.0,1.0,False,,,,,,0.07142857142857142,0.021253985122210415,0.03276003276003276,,,bank_A,0.44938025385487335,0.027785646053960607,0.9658851113716296,0.05313092979127135,0.02196078431372549,0.03107658157602664,0.6336779826879502
2026-02-18T17:19:18.539049,6,Tuning Config 2,federated,9,0.001,512,adam,0.0001,5,1.0,FedAvg,False,0.0,1.0,False,,,,,,0.07142857142857142,0.021253985122210415,0.03276003276003276,,,bank_B,0.4805255778759849,0.02959529996811181,0.9665500869463277,0.056530214424951264,0.023070803500397773,0.0327683615819209,0.6459191799163818
2026-02-18T17:19:18.539049,6,Tuning Config 2,federated,9,0.001,512,adam,0.0001,5,1.0,FedAvg,False,0.0,1.0,False,,,,,,0.07142857142857142,0.021253985122210415,0.03276003276003276,,,bank_C,0.2861983683552166,0.045136614686216464,0.9367284734569469,0.12114014251781473,0.023480662983425413,0.039336675665252605,0.5924886108992936
2026-02-18T17:19:19.607933,6,Tuning Config 2,federated,10,0.001,512,adam,0.0001,5,1.0,FedAvg,False,0.0,1.0,False,0.6383326979620116,0.6383326979620116,0.9582671887677708,0.3279014663822772,0.029334512903084246,0.0798611111111111,0.024442082890541977,0.03742880390561432,,,,,,,,,,
2026-02-18T17:19:19.607933,6,Tuning Config 2,federated,10,0.001,512,adam,0.0001,5,1.0,FedAvg,False,0.0,1.0,False,,,,,,0.0798611111111111,0.024442082890541977,0.03742880390561432,,,bank_A,0.4501690231046831,0.028892142896235817,0.9664126611957796,0.06640625,0.02666666666666667,0.038052602126468944,0.6374135679006576
2026-02-18T17:19:19.607933,6,Tuning Config 2,federated,10,0.001,512,adam,0.0001,5,1.0,FedAvg,False,0.0,1.0,False,,,,,,0.0798611111111111,0.024442082890541977,0.03742880390561432,,,bank_B,0.47844863412753347,0.03057639984176824,0.9664523944432504,0.0708955223880597,0.030230708035003977,0.042387060791968766,0.6489779895544052
2026-02-18T17:19:19.607933,6,Tuning Config 2,federated,10,0.001,512,adam,0.0001,5,1.0,FedAvg,False,0.0,1.0,False,,,,,,0.0798611111111111,0.024442082890541977,0.03742880390561432,,,bank_C,0.24599527470189142,0.03614983209810241,0.9361442722885446,0.0725,0.013351749539594844,0.02255054432348367,0.6101626552544631
2026-02-18T17:19:20.618571,6,Tuning Config 2,federated,11,0.001,512,adam,0.0001,5,1.0,FedAvg,False,0.0,1.0,False,0.9443466631429536,0.9443466631429536,0.9590080079020707,0.5649257246662012,0.06496866351959846,0.15789473684210525,0.05419766206163656,0.08069620253164557,,,,,,,,,,
2026-02-18T17:19:20.618571,6,Tuning Config 2,federated,11,0.001,512,adam,0.0001,5,1.0,FedAvg,False,0.0,1.0,False,,,,,,0.15789473684210525,0.05419766206163656,0.08069620253164557,,,bank_A,0.5760583382937385,0.03949775988883788,0.9661586557248926,0.07763401109057301,0.03294117647058824,0.046255506607929514,0.929881159067154
2026-02-18T17:19:20.618571,6,Tuning Config 2,federated,11,0.001,512,adam,0.0001,5,1.0,FedAvg,False,0.0,1.0,False,,,,,,0.15789473684210525,0.05419766206163656,0.08069620253164557,,,bank_B,0.5782788247045613,0.03795961283445408,0.9665305484457123,0.06981132075471698,0.0294351630867144,0.04141018466703973,0.899410805106163
2026-02-18T17:19:20.618571,6,Tuning Config 2,federated,11,0.001,512,adam,0.0001,5,1.0,FedAvg,False,0.0,1.0,False,,,,,,0.15789473684210525,0.05419766206163656,0.08069620253164557,,,bank_C,0.538112160132176,0.09135367934818255,0.938252476504953,0.22964509394572025,0.05064456721915286,0.08298755186721991,1.0155624143488995
2026-02-18T17:19:21.669089,6,Tuning Config 2,federated,12,0.001,512,adam,0.0001,5,1.0,FedAvg,False,0.0,1.0,False,0.6397115226302829,0.6397115226302829,0.9583377429710375,0.3416794673211254,0.03275031785896068,0.10526315789473684,0.03400637619553666,0.05140562248995984,,,,,,,,,,
2026-02-18T17:19:21.669089,6,Tuning Config 2,federated,12,0.001,512,adam,0.0001,5,1.0,FedAvg,False,0.0,1.0,False,,,,,,0.10526315789473684,0.03400637619553666,0.05140562248995984,,,bank_A,0.4527889106950265,0.028112810925162858,0.9660023446658851,0.06049149338374291,0.025098039215686273,0.03547671840354767,0.6459719586372376
2026-02-18T17:19:21.669089,6,Tuning Config 2,federated,12,0.001,512,adam,0.0001,5,1.0,FedAvg,False,0.0,1.0,False,,,,,,0.10526315789473684,0.03400637619553666,0.05140562248995984,,,bank_B,0.48162690184864604,0.031193663836373786,0.9665305484457123,0.0762081784386617,0.03261734287987271,0.045682451253481894,0.6535581332445145
2026-02-18T17:19:21.669089,6,Tuning Config 2,federated,12,0.001,512,adam,0.0001,5,1.0,FedAvg,False,0.0,1.0,False,,,,,,0.10526315789473684,0.03400637619553666,0.05140562248995984,,,bank_C,0.2771551102719735,0.04203742668527357,0.9367284734569469,0.11192214111922141,0.02117863720073665,0.03561749903213318,0.6019824178187878
2026-02-18T17:19:22.704172,6,Tuning Config 2,federated,13,0.001,512,adam,0.0001,5,1.0,FedAvg,False,0.0,1.0,False,0.7990000024437904,0.7990000024437904,0.9600663209510707,0.5495650750322443,0.07305649073190737,0.2182890855457227,0.07863974495217853,0.115625,,,,,,,,,,
2026-02-18T17:19:22.704172,6,Tuning Config 2,federated,13,0.001,512,adam,0.0001,5,1.0,FedAvg,False,0.0,1.0,False,,,,,,0.2182890855457227,0.07863974495217853,0.115625,,,bank_A,0.579054839489147,0.043344132939797976,0.9663931223134037,0.09618874773139746,0.04156862745098039,0.05805038335158817,0.815051206946373
2026-02-18T17:19:22.704172,6,Tuning Config 2,federated,13,0.001,512,adam,0.0001,5,1.0,FedAvg,False,0.0,1.0,False,,,,,,0.2182890855457227,0.07863974495217853,0.115625,,,bank_B,0.5784414824455208,0.04189757635097145,0.9668431644555597,0.10431654676258993,0.046141607000795545,0.06398234969663541,0.8000834685564041
2026-02-18T17:19:22.704172,6,Tuning Config 2,federated,13,0.001,512,adam,0.0001,5,1.0,FedAvg,False,0.0,1.0,False,,,,,,0.2182890855457227,0.07863974495217853,0.115625,,,bank_C,0.5184637035675,0.10656098769376876,0.939268478536957,0.28982725527831094,0.06952117863720074,0.11214259190493873,0.7778588417288544
2026-02-18T17:19:23.753530,6,Tuning Config 2,federated,14,0.001,512,adam,0.0001,5,1.0,FedAvg,False,0.0,1.0,False,0.6735236027411052,0.6735236027411052,0.9575969238367376,0.37690709846343284,0.03212538092545752,0.04529616724738676,0.01381509032943677,0.021172638436482084,,,,,,,,,,
2026-02-18T17:19:23.753530,6,Tuning Config 2,federated,14,0.001,512,adam,0.0001,5,1.0,FedAvg,False,0.0,1.0,False,,,,,,0.04529616724738676,0.01381509032943677,0.021172638436482084,,,bank_A,0.4678444652683235,0.025751503371542236,0.9656311059007425,0.021739130434782608,0.008627450980392156,0.012352610892756879,0.6843231612443924
2026-02-18T17:19:23.753530,6,Tuning Config 2,federated,14,0.001,512,adam,0.0001,5,1.0,FedAvg,False,0.0,1.0,False,,,,,,0.04529616724738676,0.01381509032943677,0.021172638436482084,,,bank_B,0.4918312668987967,0.027024195017059667,0.9659248549266329,0.01972386587771203,0.007955449482895784,0.011337868480725623,0.6893193554878235
2026-02-18T17:19:23.753530,6,Tuning Config 2,federated,14,0.001,512,adam,0.0001,5,1.0,FedAvg,False,0.0,1.0,False,,,,,,0.04529616724738676,0.01381509032943677,0.021172638436482084,,,bank_C,0.3107766801557778,0.042780372009134315,0.9361188722377445,0.07017543859649122,0.01289134438305709,0.021781408012446518,0.6371045228722808
2026-02-18T17:19:25.075230,6,Tuning Config 2,federated,15,0.001,512,adam,0.0001,5,1.0,FedAvg,False,0.0,1.0,False,0.669767253100872,0.669767253100872,0.9577027551416376,0.3640262807705256,0.031451884936579556,0.04895104895104895,0.01487778958554729,0.022819885900570498,,,,,,,,,,
2026-02-18T17:19:25.075230,6,Tuning Config 2,federated,15,0.001,512,adam,0.0001,5,1.0,FedAvg,False,0.0,1.0,False,,,,,,0.04895104895104895,0.01487778958554729,0.022819885900570498,,,bank_A,0.4512901571809968,0.02493782430968662,0.965494333724111,0.015779092702169626,0.006274509803921568,0.008978675645342313,0.6771778923273086
2026-02-18T17:19:25.075230,6,Tuning Config 2,federated,15,0.001,512,adam,0.0001,5,1.0,FedAvg,False,0.0,1.0,False,,,,,,0.04895104895104895,0.01487778958554729,0.022819885900570498,,,bank_B,0.4752880464224476,0.027006165746661058,0.9658662394247866,0.01195219123505976,0.00477326968973747,0.006822057987492893,0.6802214813232422
2026-02-18T17:19:25.075230,6,Tuning Config 2,federated,15,0.001,512,adam,0.0001,5,1.0,FedAvg,False,0.0,1.0,False,,,,,,0.04895104895104895,0.01487778958554729,0.022819885900570498,,,bank_C,0.30406533247940914,0.04486847795233897,0.9363728727457455,0.08270676691729323,0.015193370165745856,0.025670945157526253,0.642831040667249
2026-02-18T17:19:25.992806,6,Tuning Config 2,federated,16,0.001,512,adam,0.0001,5,1.0,FedAvg,False,0.0,1.0,False,0.7288486244423049,0.7288486244423049,0.9610893568984372,0.5504064787817278,0.11182807983078363,0.2890625,0.1179596174282678,0.16754716981132076,,,,,,,,,,
2026-02-18T17:19:25.992806,6,Tuning Config 2,federated,16,0.001,512,adam,0.0001,5,1.0,FedAvg,False,0.0,1.0,False,,,,,,0.2890625,0.1179596174282678,0.16754716981132076,,,bank_A,0.5533937697311166,0.05087510038922509,0.9671942164908167,0.1541095890410959,0.07058823529411765,0.09682625067240452,0.7245715457201004
2026-02-18T17:19:25.992806,6,Tuning Config 2,federated,16,0.001,512,adam,0.0001,5,1.0,FedAvg,False,0.0,1.0,False,,,,,,0.2890625,0.1179596174282678,0.16754716981132076,,,bank_B,0.5603233701224271,0.046100293749506166,0.9671753189660226,0.1295971978984238,0.0588703261734288,0.08096280087527352,0.7227580124139785
2026-02-18T17:19:25.992806,6,Tuning Config 2,federated,16,0.001,512,adam,0.0001,5,1.0,FedAvg,False,0.0,1.0,False,,,,,,0.2890625,0.1179596174282678,0.16754716981132076,,,bank_C,0.5510349610372327,0.1627104124796313,0.9413258826517653,0.38576158940397354,0.1072744014732965,0.16786743515850144,0.7388519257694096
2026-02-18T17:19:26.880231,6,Tuning Config 2,federated,17,0.001,512,adam,0.0001,5,1.0,FedAvg,False,0.0,1.0,False,0.681517131626606,0.681517131626606,0.9587257910890041,0.42244127603634507,0.0475576038078247,0.14106583072100312,0.04782146652497343,0.07142857142857142,,,,,,,,,,
2026-02-18T17:19:26.880231,6,Tuning Config 2,federated,17,0.001,512,adam,0.0001,5,1.0,FedAvg,False,0.0,1.0,False,,,,,,0.14106583072100312,0.04782146652497343,0.07142857142857142,,,bank_A,0.5208535747331694,0.03654142053035474,0.9662368112543962,0.08133086876155268,0.034509803921568626,0.048458149779735685,0.6873057758808137
2026-02-18T17:19:26.880231,6,Tuning Config 2,federated,17,0.001,512,adam,0.0001,5,1.0,FedAvg,False,0.0,1.0,False,,,,,,0.14106583072100312,0.04782146652497343,0.07142857142857142,,,bank_B,0.532942753972514,0.03751929983884887,0.9667454719524824,0.09323583180987204,0.0405727923627685,0.0565410199556541,0.6926459312438965
2026-02-18T17:19:26.880231,6,Tuning Config 2,federated,17,0.001,512,adam,0.0001,5,1.0,FedAvg,False,0.0,1.0,False,,,,,,0.14106583072100312,0.04782146652497343,0.07142857142857142,,,bank_C,0.34769092419373027,0.060761132502706344,0.9377952755905512,0.2021505376344086,0.0432780847145488,0.07129313613955252,0.6589796078669561
2026-02-18T17:19:27.728220,6,Tuning Config 2,federated,18,0.001,512,adam,0.0001,5,1.0,FedAvg,False,0.0,1.0,False,0.6791357238377843,0.6791357238377843,0.9645465128585036,0.5989851078632378,0.23426530174472637,0.43388429752066116,0.22316684378320936,0.29473684210526313,,,,,,,,,,
2026-02-18T17:19:27.728220,6,Tuning Config 2,federated,18,0.001,512,adam,0.0001,5,1.0,FedAvg,False,0.0,1.0,False,,,,,,0.43388429752066116,0.22316684378320936,0.29473684210526313,,,bank_A,0.5863289740703415,0.09618947856760016,0.9683079327862446,0.22932917316692666,0.11529411764705882,0.1534446764091858,0.6845284748077393
2026-02-18T17:19:27.728220,6,Tuning Config 2,federated,18,0.001,512,adam,0.0001,5,1.0,FedAvg,False,0.0,1.0,False,,,,,,0.43388429752066116,0.22316684378320936,0.29473684210526313,,,bank_B,0.5666647353300804,0.08163512867047973,0.9676833199820246,0.16971713810316139,0.081145584725537,0.10979547900968784,0.6887072533369064
2026-02-18T17:19:27.728220,6,Tuning Config 2,federated,18,0.001,512,adam,0.0001,5,1.0,FedAvg,False,0.0,1.0,False,,,,,,0.43388429752066116,0.22316684378320936,0.29473684210526313,,,bank_C,0.5996688357866325,0.3198446596109471,0.9498602997205995,0.6066810344827587,0.25920810313075504,0.3632258064516129,0.6587589855317946
2026-02-18T17:19:28.708878,6,Tuning Config 2,federated,19,0.001,512,adam,0.0001,5,1.0,FedAvg,False,0.0,1.0,False,0.7049298190644809,0.7049298190644809,0.960207429357604,0.582468424772285,0.08789000572876755,0.2395543175487465,0.09139213602550478,0.13230769230769232,,,,,,,,,,
2026-02-18T17:19:28.708878,6,Tuning Config 2,federated,19,0.001,512,adam,0.0001,5,1.0,FedAvg,False,0.0,1.0,False,,,,,,0.2395543175487465,0.09139213602550478,0.13230769230769232,,,bank_A,0.5943318265488743,0.053429138177131644,0.9671355998436889,0.155668358714044,0.07215686274509804,0.09860664523043944,0.7099825847148895
2026-02-18T17:19:28.708878,6,Tuning Config 2,federated,19,0.001,512,adam,0.0001,5,1.0,FedAvg,False,0.0,1.0,False,,,,,,0.2395543175487465,0.09139213602550478,0.13230769230769232,,,bank_B,0.5890265215856823,0.04569068894425208,0.9670580879623297,0.12035398230088495,0.05409705648369133,0.07464324917672886,0.7095029133558274
2026-02-18T17:19:28.708878,6,Tuning Config 2,federated,19,0.001,512,adam,0.0001,5,1.0,FedAvg,False,0.0,1.0,False,,,,,,0.2395543175487465,0.09139213602550478,0.13230769230769232,,,bank_C,0.5787729669123184,0.12907753820011,0.9397256794513589,0.3142329020332717,0.07826887661141804,0.12532252119424991,0.690814128943852
2026-02-18T17:19:29.670755,6,Tuning Config 2,federated,20,0.001,512,adam,0.0001,5,1.0,FedAvg,False,0.0,1.0,False,0.6900060155561992,0.6900060155561992,0.9585846826824708,0.44175079217742297,0.04428665435036881,0.12540192926045016,0.04144527098831031,0.06230031948881789,,,,,,,,,,
2026-02-18T17:19:29.670755,6,Tuning Config 2,federated,20,0.001,512,adam,0.0001,5,1.0,FedAvg,False,0.0,1.0,False,,,,,,0.12540192926045016,0.04144527098831031,0.06230031948881789,,,bank_A,0.5584800139873604,0.03558456569848298,0.9659632669011332,0.05860113421550094,0.02431372549019608,0.03436807095343681,0.6964894711971283
2026-02-18T17:19:29.670755,6,Tuning Config 2,federated,20,0.001,512,adam,0.0001,5,1.0,FedAvg,False,0.0,1.0,False,,,,,,0.12540192926045016,0.04144527098831031,0.06230031948881789,,,bank_B,0.5570153347487545,0.03411553650016771,0.9663351634395576,0.058712121212121215,0.024661893396976928,0.03473389355742297,0.6986332267522812
2026-02-18T17:19:29.670755,6,Tuning Config 2,federated,20,0.001,512,adam,0.0001,5,1.0,FedAvg,False,0.0,1.0,False,,,,,,0.12540192926045016,0.04144527098831031,0.06230031948881789,,,bank_C,0.37386612327025637,0.059883295627993695,0.9377190754381509,0.1943231441048035,0.040976058931860036,0.06768060836501902,0.6675347066544867
2026-02-18T17:19:30.659269,6,Tuning Config 2,federated,21,0.001,512,adam,0.0001,5,1.0,FedAvg,False,0.0,1.0,False,0.6507238458309855,0.6507238458309855,0.9580555261579708,0.33652776454002997,0.03040610501670113,0.06643356643356643,0.020191285866099893,0.030969845150774247,,,,,,,,,,
2026-02-18T17:19:30.659269,6,Tuning Config 2,federated,21,0.001,512,adam,0.0001,5,1.0,FedAvg,False,0.0,1.0,False,,,,,,0.06643356643356643,0.020191285866099893,0.030969845150774247,,,bank_A,0.45604836640597524,0.02979606784071081,0.9661586557248926,0.07129455909943715,0.02980392156862745,0.0420353982300885,0.6522276186943055
2026-02-18T17:19:30.659269,6,Tuning Config 2,federated,21,0.001,512,adam,0.0001,5,1.0,FedAvg,False,0.0,1.0,False,,,,,,0.06643356643356643,0.020191285866099893,0.030969845150774247,,,bank_B,0.4842854137493446,0.03340809653582272,0.9668431644555597,0.0817490494296578,0.03420843277645187,0.04823331463825014,0.6599152624607086
2026-02-18T17:19:30.659269,6,Tuning Config 2,federated,21,0.001,512,adam,0.0001,5,1.0,FedAvg,False,0.0,1.0,False,,,,,,0.06643356643356643,0.020191285866099893,0.030969845150774247,,,bank_C,0.2556212241653025,0.036960460333450164,0.9361696723393447,0.07481296758104738,0.013812154696132596,0.023319082782743878,0.6269199886879364
2026-02-18T17:19:31.631241,6,Tuning Config 2,federated,22,0.001,512,adam,0.0001,5,1.0,FedAvg,False,0.0,1.0,False,0.6558001041412354,0.6558001041412354,0.9578085864465375,0.33015996404054654,0.027488434436064198,0.058823529411764705,0.018065887353878853,0.027642276422764227,,,,,,,,,,
2026-02-18T17:19:31.631241,6,Tuning Config 2,federated,22,0.001,512,adam,0.0001,5,1.0,FedAvg,False,0.0,1.0,False,,,,,,0.058823529411764705,0.018065887353878853,0.027642276422764227,,,bank_A,0.46772029208437205,0.028700765473037328,0.9660805001953888,0.0691588785046729,0.029019607843137254,0.04088397790055249,0.6613280284404754
2026-02-18T17:19:31.631241,6,Tuning Config 2,federated,22,0.001,512,adam,0.0001,5,1.0,FedAvg,False,0.0,1.0,False,,,,,,0.058823529411764705,0.018065887353878853,0.027642276422764227,,,bank_B,0.48391941590517507,0.032340819360436736,0.9668431644555597,0.07854406130268199,0.03261734287987271,0.04609331084879146,0.6681113535165787
2026-02-18T17:19:31.631241,6,Tuning Config 2,federated,22,0.001,512,adam,0.0001,5,1.0,FedAvg,False,0.0,1.0,False,,,,,,0.058823529411764705,0.018065887353878853,0.027642276422764227,,,bank_C,0.2524217066166353,0.036160876996689045,0.936271272542545,0.08188585607940446,0.015193370165745856,0.025631067961165047,0.6264817490206136
2026-02-18T17:19:32.687223,6,Tuning Config 2,federated,23,0.001,512,adam,0.0001,5,1.0,FedAvg,False,0.0,1.0,False,0.6542397513985634,0.6542397513985634,0.9580202490563375,0.31592335753714973,0.029080051657253587,0.08080808080808081,0.025504782146652496,0.03877221324717286,,,,,,,,,,
2026-02-18T17:19:32.687223,6,Tuning Config 2,federated,23,0.001,512,adam,0.0001,5,1.0,FedAvg,False,0.0,1.0,False,,,,,,0.08080808080808081,0.025504782146652496,0.03877221324717286,,,bank_A,0.44771512933396984,0.029384435075906268,0.9662368112543962,0.08287292817679558,0.03529411764705882,0.04950495049504951,0.6538287723064422
2026-02-18T17:19:32.687223,6,Tuning Config 2,federated,23,0.001,512,adam,0.0001,5,1.0,FedAvg,False,0.0,1.0,False,,,,,,0.08080808080808081,0.025504782146652496,0.03877221324717286,,,bank_B,0.4692210043115974,0.031784163763047844,0.9665305484457123,0.07462686567164178,0.031821797931583136,0.044617958728388175,0.6603479498624801
2026-02-18T17:19:32.687223,6,Tuning Config 2,federated,23,0.001,512,adam,0.0001,5,1.0,FedAvg,False,0.0,1.0,False,,,,,,0.08080808080808081,0.025504782146652496,0.03877221324717286,,,bank_C,0.22441568597571088,0.03527584626818674,0.9365760731521463,0.07349081364829396,0.01289134438305709,0.021934978456717588,0.6355167890523935
2026-02-18T17:19:33.866404,6,Tuning Config 2,federated,24,0.001,512,adam,0.0001,5,1.0,FedAvg,False,0.0,1.0,False,0.6715946378452438,0.6715946378452438,0.9595371644265707,0.3798251978766488,0.07215025199863584,0.19883040935672514,0.07226354941551541,0.10600155884645363,,,,,,,,,,
2026-02-18T17:19:33.866404,6,Tuning Config 2,federated,24,0.001,512,adam,0.0001,5,1.0,FedAvg,False,0.0,1.0,False,,,,,,0.19883040935672514,0.07226354941551541,0.10600155884645363,,,bank_A,0.5104897658492311,0.07991397257821224,0.9673505275498242,0.17109634551495018,0.08078431372549019,0.10974960042621204,0.6745722657442093
2026-02-18T17:19:33.866404,6,Tuning Config 2,federated,24,0.001,512,adam,0.0001,5,1.0,FedAvg,False,0.0,1.0,False,,,,,,0.19883040935672514,0.07226354941551541,0.10600155884645363,,,bank_B,0.512009822153221,0.06317050980177533,0.967194857466638,0.13368055555555555,0.061256961018297536,0.08401527550463721,0.677991446852684
2026-02-18T17:19:33.866404,6,Tuning Config 2,federated,24,0.001,512,adam,0.0001,5,1.0,FedAvg,False,0.0,1.0,False,,,,,,0.19883040935672514,0.07226354941551541,0.10600155884645363,,,bank_C,0.28160757890407184,0.054759867552117515,0.9375412750825501,0.1789709172259508,0.03683241252302026,0.061092019854906456,0.6566849946975708
2026-02-18T17:19:34.914525,6,Tuning Config 2,federated,25,0.001,512,adam,0.0001,5,1.0,FedAvg,False,0.0,1.0,False,0.6806906961968967,0.6806906961968967,0.9584082971743042,0.42429454350502155,0.04607113457267937,0.10333333333333333,0.03294367693942614,0.0499597099113618,,,,,,,,,,
2026-02-18T17:19:34.914525,6,Tuning Config 2,federated,25,0.001,512,adam,0.0001,5,1.0,FedAvg,False,0.0,1.0,False,,,,,,0.10333333333333333,0.03294367693942614,0.0499597099113618,,,bank_A,0.5387590696833788,0.054556044914416166,0.9671355998436889,0.15332197614991483,0.07058823529411765,0.0966702470461869,0.6811233633756637
2026-02-18T17:19:34.914525,6,Tuning Config 2,federated,25,0.001,512,adam,0.0001,5,1.0,FedAvg,False,0.0,1.0,False,,,,,,0.10333333333333333,0.03294367693942614,0.0499597099113618,,,bank_B,0.5400731307291139,0.046247002052959965,0.9668236259549442,0.10270270270270271,0.045346062052505964,0.06291390728476821,0.6830730950832367
2026-02-18T17:19:34.914525,6,Tuning Config 2,federated,25,0.001,512,adam,0.0001,5,1.0,FedAvg,False,0.0,1.0,False,,,,,,0.10333333333333333,0.03294367693942614,0.0499597099113618,,,bank_C,0.3415358921948417,0.04944948045541536,0.936499872999746,0.10386473429951691,0.01979742173112339,0.033255993812838364,0.6742107814008539
2026-02-18T17:19:36.209537,6,Tuning Config 2,federated,26,0.001,512,adam,0.0001,5,1.0,FedAvg,False,0.0,1.0,False,0.7010871203882354,0.7010871203882354,0.9595018873249374,0.5245033879888383,0.06538837764556558,0.19469026548672566,0.07013815090329437,0.103125,,,,,,,,,,
2026-02-18T17:19:36.209537,6,Tuning Config 2,federated,26,0.001,512,adam,0.0001,5,1.0,FedAvg,False,0.0,1.0,False,,,,,,0.19469026548672566,0.07013815090329437,0.103125,,,bank_A,0.5595146228815141,0.039903057951839994,0.9663931223134037,0.09023941068139964,0.038431372549019606,0.0539053905390539,0.7079358583688736
2026-02-18T17:19:36.209537,6,Tuning Config 2,federated,26,0.001,512,adam,0.0001,5,1.0,FedAvg,False,0.0,1.0,False,,,,,,0.19469026548672566,0.07013815090329437,0.103125,,,bank_B,0.5509721236103858,0.03730187167525278,0.9668627029561752,0.09426987060998152,0.0405727923627685,0.05672969966629588,0.7068249332904816
2026-02-18T17:19:36.209537,6,Tuning Config 2,federated,26,0.001,512,adam,0.0001,5,1.0,FedAvg,False,0.0,1.0,False,,,,,,0.19469026548672566,0.07013815090329437,0.103125,,,bank_C,0.4949861596254061,0.09628715289370735,0.9391160782321565,0.2815533980582524,0.06675874769797421,0.10792705619650167,0.6832987828688188
2026-02-18T17:19:37.102467,6,Tuning Config 2,federated,27,0.001,512,adam,0.0001,5,1.0,FedAvg,False,0.0,1.0,False,0.7014127778155463,0.7014127778155463,0.9615832363213038,0.5620540790845849,0.1078570924389681,0.31313131313131315,0.13177470775770456,0.1854899027673897,,,,,,,,,,
2026-02-18T17:19:37.102467,6,Tuning Config 2,federated,27,0.001,512,adam,0.0001,5,1.0,FedAvg,False,0.0,1.0,False,,,,,,0.31313131313131315,0.13177470775770456,0.1854899027673897,,,bank_A,0.5740501226840803,0.0586164938462895,0.9674872997264556,0.17957166392092258,0.08549019607843138,0.11583421891604676,0.7095761436223984
2026-02-18T17:19:37.102467,6,Tuning Config 2,federated,27,0.001,512,adam,0.0001,5,1.0,FedAvg,False,0.0,1.0,False,,,,,,0.31313131313131315,0.13177470775770456,0.1854899027673897,,,bank_B,0.5585526356465965,0.05096668685920719,0.9674097809734081,0.14991482112436116,0.07000795544948289,0.09544468546637744,0.7078851574659347
2026-02-18T17:19:37.102467,6,Tuning Config 2,federated,27,0.001,512,adam,0.0001,5,1.0,FedAvg,False,0.0,1.0,False,,,,,,0.31313131313131315,0.13177470775770456,0.1854899027673897,,,bank_C,0.54326359726265,0.1646850616915484,0.9421132842265685,0.4152139461172742,0.12062615101289134,0.18694256154120584,0.6838465511024773
2026-02-18T17:19:38.160916,6,Tuning Config 2,federated,28,0.001,512,adam,0.0001,5,1.0,FedAvg,False,0.0,1.0,False,0.6986661053129605,0.6986661053129605,0.9595018873249374,0.5106656523859007,0.0726818334792755,0.19648093841642228,0.07120085015940489,0.10452418096723869,,,,,,,,,,
2026-02-18T17:19:38.160916,6,Tuning Config 2,federated,28,0.001,512,adam,0.0001,5,1.0,FedAvg,False,0.0,1.0,False,,,,,,0.19648093841642228,0.07120085015940489,0.10452418096723869,,,bank_A,0.5740021648976191,0.04774882542398685,0.9668034388432981,0.13066202090592335,0.058823529411764705,0.08112493239588967,0.6966123801469802
2026-02-18T17:19:38.160916,6,Tuning Config 2,federated,28,0.001,512,adam,0.0001,5,1.0,FedAvg,False,0.0,1.0,False,,,,,,0.19648093841642228,0.07120085015940489,0.10452418096723869,,,bank_B,0.5628227220410824,0.0440509477337626,0.9671557804654071,0.1280701754385965,0.05807478122513922,0.07991242474001095,0.6966059029102325
2026-02-18T17:19:38.160916,6,Tuning Config 2,federated,28,0.001,512,adam,0.0001,5,1.0,FedAvg,False,0.0,1.0,False,,,,,,0.19648093841642228,0.07120085015940489,0.10452418096723869,,,bank_C,0.46604628934584,0.0978204085545536,0.9391160782321565,0.2807017543859649,0.06629834254143646,0.10726256983240223,0.7019123876249636
2026-02-18T17:19:39.117745,6,Tuning Config 2,federated,29,0.001,512,adam,0.0001,5,1.0,FedAvg,False,0.0,1.0,False,0.7032715231180191,0.7032715231180191,0.9586199597841042,0.47057553040155103,0.0461057231425555,0.1282051282051282,0.04250797024442083,0.06384676775738228,,,,,,,,,,
2026-02-18T17:19:39.117745,6,Tuning Config 2,federated,29,0.001,512,adam,0.0001,5,1.0,FedAvg,False,0.0,1.0,False,,,,,,0.1282051282051282,0.04250797024442083,0.06384676775738228,,,bank_A,0.566980179989038,0.038680513538525044,0.9661195779601407,0.07102803738317758,0.02980392156862745,0.041988950276243095,0.6997985160350799
2026-02-18T17:19:39.117745,6,Tuning Config 2,federated,29,0.001,512,adam,0.0001,5,1.0,FedAvg,False,0.0,1.0,False,,,,,,0.1282051282051282,0.04250797024442083,0.06384676775738228,,,bank_B,0.5617695619696753,0.036442918131122236,0.9664719329438659,0.07421150278293136,0.031821797931583136,0.044543429844097995,0.7004982310533524
2026-02-18T17:19:39.117745,6,Tuning Config 2,federated,29,0.001,512,adam,0.0001,5,1.0,FedAvg,False,0.0,1.0,False,,,,,,0.1282051282051282,0.04250797024442083,0.06384676775738228,,,bank_C,0.3930355470704429,0.06068030793069025,0.9372110744221488,0.15753424657534246,0.031767955801104975,0.052873563218390804,0.7079245912564265
2026-02-18T17:19:40.071328,6,Tuning Config 2,federated,30,0.001,512,adam,0.0001,5,1.0,FedAvg,False,0.0,1.0,False,0.683469329561506,0.683469329561506,0.9586905139873708,0.41777413945440245,0.05686966978058925,0.13836477987421383,0.04675876726886291,0.0698967434471803,,,,,,,,,,
2026-02-18T17:19:40.071328,6,Tuning Config 2,federated,30,0.001,512,adam,0.0001,5,1.0,FedAvg,False,0.0,1.0,False,,,,,,0.13836477987421383,0.04675876726886291,0.0698967434471803,,,bank_A,0.4938982891022355,0.048035383614128534,0.967389605314576,0.11220472440944881,0.04470588235294118,0.06393718452047112,0.679725946187973
2026-02-18T17:19:40.071328,6,Tuning Config 2,federated,30,0.001,512,adam,0.0001,5,1.0,FedAvg,False,0.0,1.0,False,,,,,,0.13836477987421383,0.04675876726886291,0.0698967434471803,,,bank_B,0.5037260613857806,0.04794831655422767,0.9668822414567906,0.10752688172043011,0.0477326968973747,0.06611570247933884,0.6821730303764343
2026-02-18T17:19:40.071328,6,Tuning Config 2,federated,30,0.001,512,adam,0.0001,5,1.0,FedAvg,False,0.0,1.0,False,,,,,,0.13836477987421383,0.04675876726886291,0.0698967434471803,,,bank_C,0.37803813810263465,0.07421803010290622,0.9374142748285497,0.17117117117117117,0.034990791896869246,0.0581039755351682,0.686984404340967
2026-02-18T17:19:41.060351,6,Tuning Config 2,federated,31,0.001,512,adam,0.0001,5,1.0,FedAvg,False,0.0,1.0,False,0.6862863089357104,0.6862863089357104,0.9608776942886372,0.5384681736579165,0.11881843872196332,0.2765957446808511,0.11052072263549416,0.15793470007593013,,,,,,,,,,
2026-02-18T17:19:41.060351,6,Tuning Config 2,federated,31,0.001,512,adam,0.0001,5,1.0,FedAvg,False,0.0,1.0,False,,,,,,0.2765957446808511,0.11052072263549416,0.15793470007593013,,,bank_A,0.5976653131145254,0.10887306853260274,0.9684447049628762,0.23684210526315788,0.12,0.1592920353982301,0.6831843870878219
2026-02-18T17:19:41.060351,6,Tuning Config 2,federated,31,0.001,512,adam,0.0001,5,1.0,FedAvg,False,0.0,1.0,False,,,,,,0.2765957446808511,0.11052072263549416,0.15793470007593013,,,bank_B,0.589797128070626,0.0857725100356399,0.9681327054961802,0.19543973941368079,0.0954653937947494,0.1282736504543025,0.6844285678863525
2026-02-18T17:19:41.060351,6,Tuning Config 2,federated,31,0.001,512,adam,0.0001,5,1.0,FedAvg,False,0.0,1.0,False,,,,,,0.2765957446808511,0.11052072263549416,0.15793470007593013,,,bank_C,0.4845709256136367,0.12801562029185565,0.9395478790957582,0.29844961240310075,0.070902394106814,0.11458333333333333,0.6911043625373345
2026-02-18T17:19:42.315209,6,Tuning Config 2,federated,32,0.001,512,adam,0.0001,5,1.0,FedAvg,False,0.0,1.0,False,0.6726928129792213,0.6726928129792213,0.9600310438494374,0.385445762514829,0.08754834633673492,0.2257142857142857,0.08395324123273114,0.12238574748257165,,,,,,,,,,
2026-02-18T17:19:42.315209,6,Tuning Config 2,federated,32,0.001,512,adam,0.0001,5,1.0,FedAvg,False,0.0,1.0,False,,,,,,0.2257142857142857,0.08395324123273114,0.12238574748257165,,,bank_A,0.5051468142411759,0.08128806356501202,0.9677608440797186,0.17391304347826086,0.0784313725490196,0.10810810810810811,0.6733100956678391
2026-02-18T17:19:42.315209,6,Tuning Config 2,federated,32,0.001,512,adam,0.0001,5,1.0,FedAvg,False,0.0,1.0,False,,,,,,0.2257142857142857,0.08395324123273114,0.12238574748257165,,,bank_B,0.5103671184018325,0.06260665575693931,0.9678200894863328,0.13619402985074627,0.05807478122513922,0.08142777467930842,0.6771648412942887
2026-02-18T17:19:42.315209,6,Tuning Config 2,federated,32,0.001,512,adam,0.0001,5,1.0,FedAvg,False,0.0,1.0,False,,,,,,0.2257142857142857,0.08395324123273114,0.12238574748257165,,,bank_C,0.2806033156696577,0.08356871448918442,0.9386588773177547,0.2565130260521042,0.058931860036832415,0.09584425308873082,0.6642070946755347
2026-02-18T17:19:43.281159,6,Tuning Config 2,federated,33,0.001,512,adam,0.0001,5,1.0,FedAvg,False,0.0,1.0,False,0.6694389273013387,0.6694389273013387,0.9600663209510707,0.3797331626768978,0.08297705805370643,0.21492537313432836,0.0765143464399575,0.11285266457680251,,,,,,,,,,
2026-02-18T17:19:43.281159,6,Tuning Config 2,federated,33,0.001,512,adam,0.0001,5,1.0,FedAvg,False,0.0,1.0,False,,,,,,0.21492537313432836,0.0765143464399575,0.11285266457680251,,,bank_A,0.5127858696228715,0.08548380902107246,0.9675849941383353,0.17457627118644067,0.08078431372549019,0.11045576407506702,0.6747946554422378
2026-02-18T17:19:43.281159,6,Tuning Config 2,federated,33,0.001,512,adam,0.0001,5,1.0,FedAvg,False,0.0,1.0,False,,,,,,0.21492537313432836,0.0765143464399575,0.11285266457680251,,,bank_B,0.5154308136274856,0.06994820572155246,0.9673707039721772,0.14211438474870017,0.06523468575974542,0.08942202835332606,0.6778748917579651
2026-02-18T17:19:43.281159,6,Tuning Config 2,federated,33,0.001,512,adam,0.0001,5,1.0,FedAvg,False,0.0,1.0,False,,,,,,0.21492537313432836,0.0765143464399575,0.11285266457680251,,,bank_C,0.2787509269246243,0.07398505578365817,0.9381508763017526,0.22431865828092243,0.049263351749539594,0.08078520196300491,0.6514452680364832
2026-02-18T17:19:44.353061,6,Tuning Config 2,federated,34,0.001,512,adam,0.0001,5,1.0,FedAvg,False,0.0,1.0,False,0.6690010630658695,0.6690010630658695,0.9598546583412707,0.40547409159687414,0.09791912373372853,0.21937321937321938,0.0818278427205101,0.11919504643962849,,,,,,,,,,
2026-02-18T17:19:44.353061,6,Tuning Config 2,federated,34,0.001,512,adam,0.0001,5,1.0,FedAvg,False,0.0,1.0,False,,,,,,0.21937321937321938,0.0818278427205101,0.11919504643962849,,,bank_A,0.4944753777274862,0.08134441711852183,0.9678194607268464,0.17482517482517482,0.0784313725490196,0.10828370330265295,0.6702286326885223
2026-02-18T17:19:44.353061,6,Tuning Config 2,federated,34,0.001,512,adam,0.0001,5,1.0,FedAvg,False,0.0,1.0,False,,,,,,0.21937321937321938,0.0818278427205101,0.11919504643962849,,,bank_B,0.5020865924638227,0.06569937545132545,0.9672730114690998,0.13588850174216027,0.06205250596658711,0.085199344620426,0.6735862171649933
2026-02-18T17:19:44.353061,6,Tuning Config 2,federated,34,0.001,512,adam,0.0001,5,1.0,FedAvg,False,0.0,1.0,False,,,,,,0.21937321937321938,0.0818278427205101,0.11919504643962849,,,bank_C,0.3250332734873466,0.1051139099081136,0.9398526797053595,0.32051282051282054,0.08057090239410682,0.1287711552612215,0.6607368449112038
2026-02-18T17:19:45.324960,6,Tuning Config 2,federated,35,0.001,512,adam,0.0001,5,1.0,FedAvg,False,0.0,1.0,False,0.682006088750703,0.682006088750703,0.9632765371997036,0.5225894552283943,0.19219688414194716,0.38789237668161436,0.18384697130712008,0.2494592645998558,,,,,,,,,,
2026-02-18T17:19:45.324960,6,Tuning Config 2,federated,35,0.001,512,adam,0.0001,5,1.0,FedAvg,False,0.0,1.0,False,,,,,,0.38789237668161436,0.18384697130712008,0.2494592645998558,,,bank_A,0.5608415754639698,0.12088103642090182,0.9684056271981243,0.2328125,0.11686274509803922,0.1556135770234987,0.683749309182167
2026-02-18T17:19:45.324960,6,Tuning Config 2,federated,35,0.001,512,adam,0.0001,5,1.0,FedAvg,False,0.0,1.0,False,,,,,,0.38789237668161436,0.18384697130712008,0.2494592645998558,,,bank_B,0.5525825507755082,0.09510794817942601,0.9683867060041812,0.19039451114922812,0.0883054892601432,0.12065217391304348,0.6844923287630081
2026-02-18T17:19:45.324960,6,Tuning Config 2,federated,35,0.001,512,adam,0.0001,5,1.0,FedAvg,False,0.0,1.0,False,,,,,,0.38789237668161436,0.18384697130712008,0.2494592645998558,,,bank_C,0.463919740580916,0.23573304598610373,0.946990093980188,0.5524044389642416,0.20626151012891344,0.3003687562856185,0.6777142657862081
2026-02-18T17:19:46.338226,6,Tuning Config 2,federated,36,0.001,512,adam,0.0001,5,1.0,FedAvg,False,0.0,1.0,False,0.6694805685962949,0.6694805685962949,0.9593607789184041,0.3910051383831724,0.06866879960870172,0.1831831831831832,0.06482465462274177,0.09576138147566719,,,,,,,,,,
2026-02-18T17:19:46.338226,6,Tuning Config 2,federated,36,0.001,512,adam,0.0001,5,1.0,FedAvg,False,0.0,1.0,False,,,,,,0.1831831831831832,0.06482465462274177,0.09576138147566719,,,bank_A,0.47984813498588486,0.06451324322508116,0.9672528331379445,0.14260249554367202,0.06274509803921569,0.08714596949891068,0.6675414729118347
2026-02-18T17:19:46.338226,6,Tuning Config 2,federated,36,0.001,512,adam,0.0001,5,1.0,FedAvg,False,0.0,1.0,False,,,,,,0.1831831831831832,0.06482465462274177,0.09576138147566719,,,bank_B,0.4931284494356641,0.05562117729182793,0.967448857974639,0.12477064220183487,0.05409705648369133,0.07547169811320754,0.6715372294187546
2026-02-18T17:19:46.338226,6,Tuning Config 2,federated,36,0.001,512,adam,0.0001,5,1.0,FedAvg,False,0.0,1.0,False,,,,,,0.1831831831831832,0.06482465462274177,0.09576138147566719,,,bank_C,0.2996589377812645,0.07242213296034082,0.9383794767589535,0.22270742358078602,0.04696132596685083,0.07756653992395438,0.6662610134521088
2026-02-18T17:19:47.374295,6,Tuning Config 2,federated,37,0.001,512,adam,0.0001,5,1.0,FedAvg,False,0.0,1.0,False,0.6743226051330566,0.6743226051330566,0.9600663209510707,0.41888352519903216,0.07303183129382197,0.18688524590163935,0.06057385759829968,0.09149277688603531,,,,,,,,,,
2026-02-18T17:19:47.374295,6,Tuning Config 2,federated,37,0.001,512,adam,0.0001,5,1.0,FedAvg,False,0.0,1.0,False,,,,,,0.18688524590163935,0.06057385759829968,0.09149277688603531,,,bank_A,0.5057112042292119,0.07825269946800968,0.9673114497850723,0.16040955631399317,0.07372549019607844,0.10102095647501344,0.6698120802640914
2026-02-18T17:19:47.374295,6,Tuning Config 2,federated,37,0.001,512,adam,0.0001,5,1.0,FedAvg,False,0.0,1.0,False,,,,,,0.18688524590163935,0.06057385759829968,0.09149277688603531,,,bank_B,0.5140993705818684,0.06675218113535336,0.9672730114690998,0.1396551724137931,0.06443914081145585,0.08818726183995645,0.6730088835954666
2026-02-18T17:19:47.374295,6,Tuning Config 2,federated,37,0.001,512,adam,0.0001,5,1.0,FedAvg,False,0.0,1.0,False,,,,,,0.18688524590163935,0.06057385759829968,0.09149277688603531,,,bank_C,0.3220419086275357,0.06826826516320281,0.9378714757429515,0.20346320346320346,0.0432780847145488,0.07137433561123765,0.68003403598612
2026-02-18T17:19:48.303872,6,Tuning Config 2,federated,38,0.001,512,adam,0.0001,5,1.0,FedAvg,False,0.0,1.0,False,0.6914416583521026,0.6914416583521026,0.9583377429710375,0.37699550809285465,0.03725873060626342,0.1,0.031880977683315624,0.048348106365834004,,,,,,,,,,
2026-02-18T17:19:48.303872,6,Tuning Config 2,federated,38,0.001,512,adam,0.0001,5,1.0,FedAvg,False,0.0,1.0,False,,,,,,0.1,0.031880977683315624,0.048348106365834004,,,bank_A,0.5049742667931816,0.03199610660338114,0.9663345056662759,0.07735849056603773,0.03215686274509804,0.04542936288088643,0.6888532853126526
2026-02-18T17:19:48.303872,6,Tuning Config 2,federated,38,0.001,512,adam,0.0001,5,1.0,FedAvg,False,0.0,1.0,False,,,,,,0.1,0.031880977683315624,0.048348106365834004,,,bank_B,0.5243936893863875,0.03349101009699111,0.9664914714444813,0.07116104868913857,0.030230708035003977,0.04243439419318816,0.6893134659528732
2026-02-18T17:19:48.303872,6,Tuning Config 2,federated,38,0.001,512,adam,0.0001,5,1.0,FedAvg,False,0.0,1.0,False,,,,,,0.1,0.031880977683315624,0.048348106365834004,,,bank_C,0.2678918483805294,0.047572246425137986,0.9370586741173482,0.1391509433962264,0.02716390423572744,0.045454545454545456,0.6952571404444707
2026-02-18T17:19:49.266622,6,Tuning Config 2,federated,39,0.001,512,adam,0.0001,5,1.0,FedAvg,False,0.0,1.0,False,0.6857155007975442,0.6857155007975442,0.9582319116661375,0.32393030358703456,0.037059049975008675,0.09090909090909091,0.028692879914984058,0.04361873990306947,,,,,,,,,,
2026-02-18T17:19:49.266622,6,Tuning Config 2,federated,39,0.001,512,adam,0.0001,5,1.0,FedAvg,False,0.0,1.0,False,,,,,,0.09090909090909091,0.028692879914984058,0.04361873990306947,,,bank_A,0.4675733540786317,0.036365361023402126,0.9662758890191481,0.08163265306122448,0.034509803921568626,0.04851157662624035,0.6818815636634826
2026-02-18T17:19:49.266622,6,Tuning Config 2,federated,39,0.001,512,adam,0.0001,5,1.0,FedAvg,False,0.0,1.0,False,,,,,,0.09090909090909091,0.028692879914984058,0.04361873990306947,,,bank_B,0.48817128048954217,0.034939230064341485,0.9670580879623297,0.07692307692307693,0.031026252983293555,0.04421768707482993,0.684212806224823
2026-02-18T17:19:49.266622,6,Tuning Config 2,federated,39,0.001,512,adam,0.0001,5,1.0,FedAvg,False,0.0,1.0,False,,,,,,0.09090909090909091,0.028692879914984058,0.04361873990306947,,,bank_C,0.22032959330572538,0.03935956634211459,0.9368300736601474,0.11491442542787286,0.0216390423572744,0.03641999225106548,0.6878880641677163
2026-02-18T17:19:50.127328,6,Tuning Config 2,federated,40,0.001,512,adam,0.0001,5,1.0,FedAvg,False,0.0,1.0,False,0.682943874171802,0.682943874171802,0.9584082971743042,0.3392691028586323,0.04179726943244906,0.11363636363636363,0.03719447396386823,0.05604483586869496,,,,,,,,,,
2026-02-18T17:19:50.127328,6,Tuning Config 2,federated,40,0.001,512,adam,0.0001,5,1.0,FedAvg,False,0.0,1.0,False,,,,,,0.11363636363636363,0.03719447396386823,0.05604483586869496,,,bank_A,0.4733176643465723,0.04220744889947533,0.9665103556076592,0.1073345259391771,0.047058823529411764,0.06543075245365322,0.6807888412475586
2026-02-18T17:19:50.127328,6,Tuning Config 2,federated,40,0.001,512,adam,0.0001,5,1.0,FedAvg,False,0.0,1.0,False,,,,,,0.11363636363636363,0.03719447396386823,0.05604483586869496,,,bank_B,0.4915746556882611,0.04031462141219228,0.9670580879623297,0.10642201834862386,0.046141607000795545,0.06437291897891231,0.6831172972917556
2026-02-18T17:19:50.127328,6,Tuning Config 2,federated,40,0.001,512,adam,0.0001,5,1.0,FedAvg,False,0.0,1.0,False,,,,,,0.11363636363636363,0.03719447396386823,0.05604483586869496,,,bank_C,0.23919878462346292,0.04871270822914607,0.9370332740665481,0.13539192399049882,0.026243093922651933,0.043964519861164675,0.6807518075038861
2026-02-18T17:19:51.107227,6,Tuning Config 2,federated,41,0.001,512,adam,0.0001,5,1.0,FedAvg,False,0.0,1.0,False,0.6816431071077075,0.6816431071077075,0.9619007302360039,0.49211275593521364,0.15087850202397565,0.32839506172839505,0.14133900106269925,0.1976225854383358,,,,,,,,,,
2026-02-18T17:19:51.107227,6,Tuning Config 2,federated,41,0.001,512,adam,0.0001,5,1.0,FedAvg,False,0.0,1.0,False,,,,,,0.32839506172839505,0.14133900106269925,0.1976225854383358,,,bank_A,0.5441974968125713,0.11596169469315609,0.9682688550214927,0.2302936630602782,0.11686274509803922,0.1550468262226847,0.6792781430482865
2026-02-18T17:19:51.107227,6,Tuning Config 2,federated,41,0.001,512,adam,0.0001,5,1.0,FedAvg,False,0.0,1.0,False,,,,,,0.32839506172839505,0.14133900106269925,0.1976225854383358,,,bank_B,0.5393608388170863,0.08809873627327174,0.9679373204900256,0.18316831683168316,0.0883054892601432,0.11916264090177134,0.6816184610128403
2026-02-18T17:19:51.107227,6,Tuning Config 2,federated,41,0.001,512,adam,0.0001,5,1.0,FedAvg,False,0.0,1.0,False,,,,,,0.32839506172839505,0.14133900106269925,0.1976225854383358,,,bank_C,0.45472632912500394,0.1791585084026897,0.9434594869189739,0.46075581395348836,0.14594843462246776,0.2216783216783217,0.6830317362562403
2026-02-18T17:19:52.074151,6,Tuning Config 2,federated,42,0.001,512,adam,0.0001,5,1.0,FedAvg,False,0.0,1.0,False,0.6765794945614678,0.6765794945614678,0.9593255018167708,0.35979723716805956,0.06493204813247397,0.1728395061728395,0.05951115834218916,0.08853754940711463,,,,,,,,,,
2026-02-18T17:19:52.074151,6,Tuning Config 2,federated,42,0.001,512,adam,0.0001,5,1.0,FedAvg,False,0.0,1.0,False,,,,,,0.1728395061728395,0.05951115834218916,0.08853754940711463,,,bank_A,0.4989289846787328,0.06927919362460339,0.9675654552559594,0.1628721541155867,0.07294117647058823,0.10075839653304441,0.676104581952095
2026-02-18T17:19:52.074151,6,Tuning Config 2,federated,42,0.001,512,adam,0.0001,5,1.0,FedAvg,False,0.0,1.0,False,,,,,,0.1728395061728395,0.05951115834218916,0.08853754940711463,,,bank_B,0.5084766235290211,0.05920504955113646,0.9674683964752545,0.14335664335664336,0.06523468575974542,0.0896664844177146,0.6791233825683594
2026-02-18T17:19:52.074151,6,Tuning Config 2,federated,42,0.001,512,adam,0.0001,5,1.0,FedAvg,False,0.0,1.0,False,,,,,,0.1728395061728395,0.05951115834218916,0.08853754940711463,,,bank_C,0.2553243520785737,0.06343373043456409,0.9377698755397511,0.19913419913419914,0.0423572744014733,0.06985573272589218,0.6717100933000639
2026-02-18T17:19:53.156582,6,Tuning Config 2,federated,43,0.001,512,adam,0.0001,5,1.0,FedAvg,False,0.0,1.0,False,0.6769466495939663,0.6769466495939663,0.9591843934102374,0.3503839963680704,0.05083160658463151,0.15605095541401273,0.052072263549415514,0.07808764940239044,,,,,,,,,,
2026-02-18T17:19:53.156582,6,Tuning Config 2,federated,43,0.001,512,adam,0.0001,5,1.0,FedAvg,False,0.0,1.0,False,,,,,,0.15605095541401273,0.052072263549415514,0.07808764940239044,,,bank_A,0.492173836171078,0.05575556419308207,0.9672723720203205,0.16101694915254236,0.07450980392156863,0.10187667560321716,0.6756668210029602
2026-02-18T17:19:53.156582,6,Tuning Config 2,federated,43,0.001,512,adam,0.0001,5,1.0,FedAvg,False,0.0,1.0,False,,,,,,0.15605095541401273,0.052072263549415514,0.07808764940239044,,,bank_B,0.49977984834482225,0.047378695094068966,0.9672143959672534,0.13134851138353765,0.059665871121718374,0.08205689277899343,0.6788784819841385
2026-02-18T17:19:53.156582,6,Tuning Config 2,federated,43,0.001,512,adam,0.0001,5,1.0,FedAvg,False,0.0,1.0,False,,,,,,0.15605095541401273,0.052072263549415514,0.07808764940239044,,,bank_C,0.24536387305521581,0.051779317494991414,0.93751587503175,0.16972477064220184,0.03406998158379374,0.05674846625766871,0.673214122846529
2026-02-18T17:19:54.158321,6,Tuning Config 2,federated,44,0.001,512,adam,0.0001,5,1.0,FedAvg,False,0.0,1.0,False,0.6762687010424477,0.6762687010424477,0.9590432850037041,0.3599762860557153,0.05353352561012423,0.16257668711656442,0.0563230605738576,0.08366219415943173,,,,,,,,,,
2026-02-18T17:19:54.158321,6,Tuning Config 2,federated,44,0.001,512,adam,0.0001,5,1.0,FedAvg,False,0.0,1.0,False,,,,,,0.16257668711656442,0.0563230605738576,0.08366219415943173,,,bank_A,0.50043528979571,0.06353945673071999,0.9673309886674483,0.16750418760469013,0.0784313725490196,0.10683760683760683,0.6753098249435425
2026-02-18T17:19:54.158321,6,Tuning Config 2,federated,44,0.001,512,adam,0.0001,5,1.0,FedAvg,False,0.0,1.0,False,,,,,,0.16257668711656442,0.0563230605738576,0.08366219415943173,,,bank_B,0.5094613502260906,0.052539415531551024,0.967448857974639,0.14185639229422067,0.06443914081145585,0.0886214442013129,0.6783850228786469
2026-02-18T17:19:54.158321,6,Tuning Config 2,federated,44,0.001,512,adam,0.0001,5,1.0,FedAvg,False,0.0,1.0,False,,,,,,0.16257668711656442,0.0563230605738576,0.08366219415943173,,,bank_C,0.25226001155332517,0.05183798176356474,0.9371856743713487,0.15242494226327943,0.03038674033149171,0.050671785028790786,0.6723575251443046
2026-02-18T17:19:55.256547,6,Tuning Config 2,federated,45,0.001,512,adam,0.0001,5,1.0,FedAvg,False,0.0,1.0,False,0.6931704783013889,0.6931704783013889,0.9583377429710375,0.36646124870225905,0.0442292884573996,0.10784313725490197,0.03506907545164718,0.05292702485966319,,,,,,,,,,
2026-02-18T17:19:55.256547,6,Tuning Config 2,federated,45,0.001,512,adam,0.0001,5,1.0,FedAvg,False,0.0,1.0,False,,,,,,0.10784313725490197,0.03506907545164718,0.05292702485966319,,,bank_A,0.4920400447124046,0.04365563815311965,0.9663540445486518,0.09437386569872959,0.0407843137254902,0.056955093099671415,0.6888640707731247
2026-02-18T17:19:55.256547,6,Tuning Config 2,federated,45,0.001,512,adam,0.0001,5,1.0,FedAvg,False,0.0,1.0,False,,,,,,0.10784313725490197,0.03506907545164718,0.05292702485966319,,,bank_B,0.4942588550029618,0.03579113029185851,0.9664914714444813,0.07276119402985075,0.031026252983293555,0.04350250976017847,0.6895323652029037
2026-02-18T17:19:55.256547,6,Tuning Config 2,federated,45,0.001,512,adam,0.0001,5,1.0,FedAvg,False,0.0,1.0,False,,,,,,0.10784313725490197,0.03506907545164718,0.05292702485966319,,,bank_C,0.25543822184146814,0.051054365899350695,0.937007874015748,0.14351851851851852,0.0285451197053407,0.047619047619047616,0.7005990488188607
2026-02-18T17:19:56.346448,6,Tuning Config 2,federated,46,0.001,512,adam,0.0001,5,1.0,FedAvg,False,0.0,1.0,False,0.6857907005718776,0.6857907005718776,0.9584435742759375,0.3594948413368994,0.044986837572225144,0.1189710610932476,0.039319872476089264,0.05910543130990415,,,,,,,,,,
2026-02-18T17:19:56.346448,6,Tuning Config 2,federated,46,0.001,512,adam,0.0001,5,1.0,FedAvg,False,0.0,1.0,False,,,,,,0.1189710610932476,0.039319872476089264,0.05910543130990415,,,bank_A,0.4572196506696055,0.04596814919030456,0.967116060961313,0.12637362637362637,0.05411764705882353,0.0757825370675453,0.6818469595909119
2026-02-18T17:19:56.346448,6,Tuning Config 2,federated,46,0.001,512,adam,0.0001,5,1.0,FedAvg,False,0.0,1.0,False,,,,,,0.1189710610932476,0.039319872476089264,0.05910543130990415,,,bank_B,0.46765968121982965,0.03989709133556219,0.9669213184580215,0.10931899641577061,0.04852824184566428,0.06721763085399449,0.6831597024202347
2026-02-18T17:19:56.346448,6,Tuning Config 2,federated,46,0.001,512,adam,0.0001,5,1.0,FedAvg,False,0.0,1.0,False,,,,,,0.1189710610932476,0.039319872476089264,0.05910543130990415,,,bank_C,0.2663173327998288,0.053973800938555645,0.9367792735585471,0.12705882352941175,0.024861878453038673,0.041586445899114366,0.6915651637238341
2026-02-18T17:19:57.358040,6,Tuning Config 2,federated,47,0.001,512,adam,0.0001,5,1.0,FedAvg,False,0.0,1.0,False,0.6893671431711742,0.6893671431711742,0.9587963452922708,0.3840571884667622,0.05453151827812707,0.13968253968253969,0.04675876726886291,0.07006369426751592,,,,,,,,,,
2026-02-18T17:19:57.358040,6,Tuning Config 2,federated,47,0.001,512,adam,0.0001,5,1.0,FedAvg,False,0.0,1.0,False,,,,,,0.13968253968253969,0.04675876726886291,0.07006369426751592,,,bank_A,0.4972122719441448,0.05587772266917253,0.9670183665494334,0.12386156648451731,0.05333333333333334,0.07456140350877193,0.6858291357755661
2026-02-18T17:19:57.358040,6,Tuning Config 2,federated,47,0.001,512,adam,0.0001,5,1.0,FedAvg,False,0.0,1.0,False,,,,,,0.13968253968253969,0.04675876726886291,0.07006369426751592,,,bank_B,0.508206563076911,0.05001801736084442,0.9673707039721772,0.1319073083778966,0.0588703261734288,0.0814081408140814,0.6863384979963303
2026-02-18T17:19:57.358040,6,Tuning Config 2,federated,47,0.001,512,adam,0.0001,5,1.0,FedAvg,False,0.0,1.0,False,,,,,,0.13968253968253969,0.04675876726886291,0.07006369426751592,,,bank_C,0.2743092387885564,0.06272194037663438,0.9374650749301499,0.1689497716894977,0.03406998158379374,0.056704980842911874,0.6952501187076816
2026-02-18T17:19:58.581779,6,Tuning Config 2,federated,48,0.001,512,adam,0.0001,5,1.0,FedAvg,False,0.0,1.0,False,0.6890021115541458,0.6890021115541458,0.9587610681906374,0.3976306839733428,0.06708913877566813,0.14375,0.048884165781083955,0.07295796986518636,,,,,,,,,,
2026-02-18T17:19:58.581779,6,Tuning Config 2,federated,48,0.001,512,adam,0.0001,5,1.0,FedAvg,False,0.0,1.0,False,,,,,,0.14375,0.048884165781083955,0.07295796986518636,,,bank_A,0.5330913441421052,0.07266867426293531,0.9669011332551778,0.1369150779896014,0.06196078431372549,0.08531317494600432,0.6880664324760437
2026-02-18T17:19:58.581779,6,Tuning Config 2,federated,48,0.001,512,adam,0.0001,5,1.0,FedAvg,False,0.0,1.0,False,,,,,,0.14375,0.048884165781083955,0.07295796986518636,,,bank_B,0.546419778429163,0.06619934295453267,0.9671167034641761,0.125,0.056483691328560064,0.07780821917808219,0.6884552454948425
2026-02-18T17:19:58.581779,6,Tuning Config 2,federated,48,0.001,512,adam,0.0001,5,1.0,FedAvg,False,0.0,1.0,False,,,,,,0.14375,0.048884165781083955,0.07295796986518636,,,bank_C,0.2610208169274235,0.06723093012898831,0.9376428752857505,0.18763796909492272,0.03913443830570902,0.06476190476190476,0.6902978544111376
2026-02-18T17:19:59.710928,6,Tuning Config 2,federated,49,0.001,512,adam,0.0001,5,1.0,FedAvg,False,0.0,1.0,False,0.6859270600335938,0.6859270600335938,0.9592902247151374,0.36971759250031966,0.0789930012964771,0.18208955223880596,0.06482465462274177,0.09561128526645768,,,,,,,,,,
2026-02-18T17:19:59.710928,6,Tuning Config 2,federated,49,0.001,512,adam,0.0001,5,1.0,FedAvg,False,0.0,1.0,False,,,,,,0.18208955223880596,0.06482465462274177,0.09561128526645768,,,bank_A,0.5187669356090296,0.09149576176145063,0.9674286830793278,0.17333333333333334,0.0815686274509804,0.11093333333333333,0.6846611356735229
2026-02-18T17:19:59.710928,6,Tuning Config 2,federated,49,0.001,512,adam,0.0001,5,1.0,FedAvg,False,0.0,1.0,False,,,,,,0.18208955223880596,0.06482465462274177,0.09561128526645768,,,bank_B,0.5155913998027997,0.07282635238592317,0.9671557804654071,0.12277580071174377,0.05489260143198091,0.07586586036283673,0.6851535671949387
2026-02-18T17:19:59.710928,6,Tuning Config 2,federated,49,0.001,512,adam,0.0001,5,1.0,FedAvg,False,0.0,1.0,False,,,,,,0.18208955223880596,0.06482465462274177,0.09561128526645768,,,bank_C,0.2493545069701662,0.07508406998014064,0.9381000762001525,0.21748400852878466,0.04696132596685083,0.07724346838318819,0.6873843824708616
2026-02-18T17:20:00.676291,6,Tuning Config 2,federated,50,0.001,512,adam,0.0001,5,1.0,FedAvg,False,0.0,1.0,False,0.668716023010867,0.668716023010867,0.9588668994955375,0.33737021524565114,0.046990080657816596,0.12871287128712872,0.04144527098831031,0.06270096463022508,,,,,,,,,,
2026-02-18T17:20:00.676291,6,Tuning Config 2,federated,50,0.001,512,adam,0.0001,5,1.0,FedAvg,False,0.0,1.0,False,,,,,,0.12871287128712872,0.04144527098831031,0.06270096463022508,,,bank_A,0.47145085466307557,0.0551701726540699,0.9672919109026964,0.14183123877917414,0.06196078431372549,0.08624454148471616,0.6674925458431243
2026-02-18T17:20:00.676291,6,Tuning Config 2,federated,50,0.001,512,adam,0.0001,5,1.0,FedAvg,False,0.0,1.0,False,,,,,,0.12871287128712872,0.04144527098831031,0.06270096463022508,,,bank_B,0.4803597410785158,0.046019236552107955,0.9679568589906411,0.1324376199616123,0.05489260143198091,0.07761529808773904,0.6711313760280609
2026-02-18T17:20:00.676291,6,Tuning Config 2,federated,50,0.001,512,adam,0.0001,5,1.0,FedAvg,False,0.0,1.0,False,,,,,,0.12871287128712872,0.04144527098831031,0.06270096463022508,,,bank_C,0.24310887424688765,0.05415004994537193,0.9371856743713487,0.15873015873015872,0.03222836095764273,0.053578262533486416,0.6632830492861859
2026-02-18T18:08:31.681661,7,Tuning Config 3,federated,0,0.002,512,adamw,0.0001,5,1.0,FedAvg,False,0.0,1.0,False,0.7061824436698642,0.7061824436698642,0.9585846826824708,0.3341047008873457,0.030940584609882905,0.11036789297658862,0.03506907545164718,0.0532258064516129,,,,,,,,,,
2026-02-18T18:08:31.681661,7,Tuning Config 3,federated,0,0.002,512,adamw,0.0001,5,1.0,FedAvg,False,0.0,1.0,False,,,,,,0.11036789297658862,0.03506907545164718,0.0532258064516129,,,bank_A,0.41586033070677425,0.022381102034431374,0.9657874169597499,0.04230769230769231,0.017254901960784313,0.024512534818941504,0.6807002687454223
2026-02-18T18:08:31.681661,7,Tuning Config 3,federated,0,0.002,512,adamw,0.0001,5,1.0,FedAvg,False,0.0,1.0,False,,,,,,0.11036789297658862,0.03506907545164718,0.0532258064516129,,,bank_B,0.4295391763977666,0.024366647513277894,0.9662765479377112,0.05162523900573614,0.021479713603818614,0.030337078651685393,0.6687978518009186
2026-02-18T18:08:31.681661,7,Tuning Config 3,federated,0,0.002,512,adamw,0.0001,5,1.0,FedAvg,False,0.0,1.0,False,,,,,,0.11036789297658862,0.03506907545164718,0.0532258064516129,,,bank_C,0.29504739804126184,0.07470974010990235,0.9385826771653544,0.25101214574898784,0.0570902394106814,0.09302325581395349,0.7533318214602285
2026-02-18T18:08:33.319545,7,Tuning Config 3,federated,1,0.002,512,adamw,0.0001,5,1.0,FedAvg,False,0.0,1.0,False,1.1463065445423126,1.1463065445423126,0.9606660316788372,0.6974727758444419,0.12278165312510124,0.26737967914438504,0.10626992561105207,0.1520912547528517,,,,,,,,,,
2026-02-18T18:08:33.319545,7,Tuning Config 3,federated,1,0.002,512,adamw,0.0001,5,1.0,FedAvg,False,0.0,1.0,False,,,,,,0.26737967914438504,0.10626992561105207,0.1520912547528517,,,bank_A,0.6098527280263873,0.04697177122753397,0.9664322000781556,0.1009009009009009,0.04392156862745098,0.06120218579234973,1.0383078855276109
2026-02-18T18:08:33.319545,7,Tuning Config 3,federated,1,0.002,512,adamw,0.0001,5,1.0,FedAvg,False,0.0,1.0,False,,,,,,0.26737967914438504,0.10626992561105207,0.1520912547528517,,,bank_B,0.6002892017186728,0.04785078771704153,0.9673511654715617,0.14554794520547945,0.06762132060461416,0.09234111895708853,0.9382771891355515
2026-02-18T18:08:33.319545,7,Tuning Config 3,federated,1,0.002,512,adamw,0.0001,5,1.0,FedAvg,False,0.0,1.0,False,,,,,,0.26737967914438504,0.10626992561105207,0.1520912547528517,,,bank_C,0.7632468408319544,0.19491325652874292,0.9401066802133604,0.33212996389891697,0.0847145488029466,0.13499633162142333,1.5439208885291955
2026-02-18T18:08:34.489184,7,Tuning Config 3,federated,2,0.002,512,adamw,0.0001,5,1.0,FedAvg,False,0.0,1.0,False,0.6975404588239533,0.6975404588239533,0.9606660316788372,0.4716917213610771,0.09183408397790313,0.26358695652173914,0.1030818278427205,0.14820473644003057,,,,,,,,,,
2026-02-18T18:08:34.489184,7,Tuning Config 3,federated,2,0.002,512,adamw,0.0001,5,1.0,FedAvg,False,0.0,1.0,False,,,,,,0.26358695652173914,0.1030818278427205,0.14820473644003057,,,bank_A,0.460946669259829,0.026971619344011395,0.9665298944900351,0.0755813953488372,0.03058823529411765,0.04355108877721943,0.6777551382780075
2026-02-18T18:08:34.489184,7,Tuning Config 3,federated,2,0.002,512,adamw,0.0001,5,1.0,FedAvg,False,0.0,1.0,False,,,,,,0.26358695652173914,0.1030818278427205,0.14820473644003057,,,bank_B,0.4803255204075668,0.03992673063793552,0.9670971649635607,0.10968921389396709,0.0477326968973747,0.06651884700665188,0.6690288877487183
2026-02-18T18:08:34.489184,7,Tuning Config 3,federated,2,0.002,512,adamw,0.0001,5,1.0,FedAvg,False,0.0,1.0,False,,,,,,0.26358695652173914,0.1030818278427205,0.14820473644003057,,,bank_C,0.49236363378018805,0.18226666232894626,0.9437134874269748,0.46774193548387094,0.1468692449355433,0.2235459004905396,0.7547296417223943
2026-02-18T18:08:35.657406,7,Tuning Config 3,federated,3,0.002,512,adamw,0.0001,5,1.0,FedAvg,False,0.0,1.0,False,0.6853544861078262,0.6853544861078262,0.9610893568984372,0.4643747581822143,0.1061836821521787,0.2786885245901639,0.10839532412327312,0.15608263198163733,,,,,,,,,,
2026-02-18T18:08:35.657406,7,Tuning Config 3,federated,3,0.002,512,adamw,0.0001,5,1.0,FedAvg,False,0.0,1.0,False,,,,,,0.2786885245901639,0.10839532412327312,0.15608263198163733,,,bank_A,0.4713710166964291,0.03129851843968212,0.9664322000781556,0.08442776735459662,0.03529411764705882,0.049778761061946904,0.6740647441148758
2026-02-18T18:08:35.657406,7,Tuning Config 3,federated,3,0.002,512,adamw,0.0001,5,1.0,FedAvg,False,0.0,1.0,False,,,,,,0.2786885245901639,0.10839532412327312,0.15608263198163733,,,bank_B,0.4981976502453977,0.04065615139646646,0.9668431644555597,0.09854014598540146,0.04295942720763723,0.059833795013850416,0.673712283372879
2026-02-18T18:08:35.657406,7,Tuning Config 3,federated,3,0.002,512,adamw,0.0001,5,1.0,FedAvg,False,0.0,1.0,False,,,,,,0.2786885245901639,0.10839532412327312,0.15608263198163733,,,bank_C,0.4753961974628431,0.19657719364465864,0.9447294894589789,0.49722222222222223,0.16482504604051565,0.2475795297372061,0.7082787225772809
2026-02-18T18:08:36.879482,7,Tuning Config 3,federated,4,0.002,512,adamw,0.0001,5,1.0,FedAvg,False,0.0,1.0,False,0.6987187841108867,0.6987187841108867,0.9587257910890041,0.40742113919219813,0.05067058594791903,0.13183279742765272,0.04357066950053135,0.06549520766773163,,,,,,,,,,
2026-02-18T18:08:36.879482,7,Tuning Config 3,federated,4,0.002,512,adamw,0.0001,5,1.0,FedAvg,False,0.0,1.0,False,,,,,,0.13183279742765272,0.04357066950053135,0.06549520766773163,,,bank_A,0.43560381194858466,0.026464780211717318,0.9662172723720204,0.08272058823529412,0.03529411764705882,0.04947773501924134,0.6906268000602722
2026-02-18T18:08:36.879482,7,Tuning Config 3,federated,4,0.002,512,adamw,0.0001,5,1.0,FedAvg,False,0.0,1.0,False,,,,,,0.13183279742765272,0.04357066950053135,0.06549520766773163,,,bank_B,0.45332936293874726,0.03018852266861937,0.968210859498642,0.09956709956709957,0.03659506762132061,0.0535194880744619,0.6899239075183868
2026-02-18T18:08:36.879482,7,Tuning Config 3,federated,4,0.002,512,adamw,0.0001,5,1.0,FedAvg,False,0.0,1.0,False,,,,,,0.13183279742765272,0.04357066950053135,0.06549520766773163,,,bank_C,0.40029835239364636,0.09348736186291584,0.9385572771145543,0.2484725050916497,0.056169429097605895,0.09162598573037928,0.7187504791594171
2026-02-18T18:08:37.999469,7,Tuning Config 3,federated,5,0.002,512,adamw,0.0001,5,1.0,FedAvg,False,0.0,1.0,False,0.6833264944808823,0.6833264944808823,0.9595724415282041,0.4116973152089457,0.04333264010178548,0.13261648745519714,0.039319872476089264,0.060655737704918035,,,,,,,,,,
2026-02-18T18:08:37.999469,7,Tuning Config 3,federated,5,0.002,512,adamw,0.0001,5,1.0,FedAvg,False,0.0,1.0,False,,,,,,0.13261648745519714,0.039319872476089264,0.060655737704918035,,,bank_A,0.45158059135887596,0.026297657227493713,0.9659241891363815,0.05671077504725898,0.023529411764705882,0.03325942350332594,0.6810133546590805
2026-02-18T18:08:37.999469,7,Tuning Config 3,federated,5,0.002,512,adamw,0.0001,5,1.0,FedAvg,False,0.0,1.0,False,,,,,,0.13261648745519714,0.039319872476089264,0.060655737704918035,,,bank_B,0.44298287255020635,0.027504512711206516,0.968289013501104,0.07834101382488479,0.027048528241845664,0.04021289178001183,0.6851915735006332
2026-02-18T18:08:37.999469,7,Tuning Config 3,federated,5,0.002,512,adamw,0.0001,5,1.0,FedAvg,False,0.0,1.0,False,,,,,,0.13261648745519714,0.039319872476089264,0.060655737704918035,,,bank_C,0.3922408103883286,0.08851086656323395,0.9387350774701549,0.2356828193832599,0.049263351749539594,0.08149276466108149,0.6763729189897513
2026-02-18T18:08:39.075970,7,Tuning Config 3,federated,6,0.002,512,adamw,0.0001,5,1.0,FedAvg,False,0.0,1.0,False,0.6971515864133835,0.6971515864133835,0.960524923272304,0.3840342135959585,0.06729902837494668,0.2129032258064516,0.07013815090329437,0.10551558752997602,,,,,,,,,,
2026-02-18T18:08:39.075970,7,Tuning Config 3,federated,6,0.002,512,adamw,0.0001,5,1.0,FedAvg,False,0.0,1.0,False,,,,,,0.2129032258064516,0.07013815090329437,0.10551558752997602,,,bank_A,0.43522659327231544,0.025977232507105777,0.9660609613130129,0.06902985074626866,0.029019607843137254,0.040861402540033134,0.7047649526596069
2026-02-18T18:08:39.075970,7,Tuning Config 3,federated,6,0.002,512,adamw,0.0001,5,1.0,FedAvg,False,0.0,1.0,False,,,,,,0.2129032258064516,0.07013815090329437,0.10551558752997602,,,bank_B,0.42563570134958356,0.02749193853597648,0.967233934467869,0.06967213114754098,0.027048528241845664,0.03896848137535817,0.7086836475133896
2026-02-18T18:08:39.075970,7,Tuning Config 3,federated,6,0.002,512,adamw,0.0001,5,1.0,FedAvg,False,0.0,1.0,False,,,,,,0.2129032258064516,0.07013815090329437,0.10551558752997602,,,bank_C,0.3912152770248346,0.15115502634682232,0.9418592837185674,0.406099518459069,0.11648250460405156,0.1810375670840787,0.6630633132798331
2026-02-18T18:08:40.123871,7,Tuning Config 3,federated,7,0.002,512,adamw,0.0001,5,1.0,FedAvg,False,0.0,1.0,False,0.702186606824398,0.702186606824398,0.9594313331216707,0.3819456524293298,0.06429716952848785,0.18042813455657492,0.06269925611052073,0.09305993690851735,,,,,,,,,,
2026-02-18T18:08:40.123871,7,Tuning Config 3,federated,7,0.002,512,adamw,0.0001,5,1.0,FedAvg,False,0.0,1.0,False,,,,,,0.18042813455657492,0.06269925611052073,0.09305993690851735,,,bank_A,0.42933719950258437,0.025606980945207643,0.9659828057835091,0.06037735849056604,0.025098039215686273,0.03545706371191136,0.702375408411026
2026-02-18T18:08:40.123871,7,Tuning Config 3,federated,7,0.002,512,adamw,0.0001,5,1.0,FedAvg,False,0.0,1.0,False,,,,,,0.18042813455657492,0.06269925611052073,0.09305993690851735,,,bank_B,0.432742334776864,0.029609981972511717,0.9667454719524824,0.0594059405940594,0.02386634844868735,0.0340522133938706,0.706006805896759
2026-02-18T18:08:40.123871,7,Tuning Config 3,federated,7,0.002,512,adamw,0.0001,5,1.0,FedAvg,False,0.0,1.0,False,,,,,,0.18042813455657492,0.06269925611052073,0.09305993690851735,,,bank_C,0.4054631011469458,0.15372150544624535,0.9418846837693675,0.40584415584415584,0.1151012891344383,0.1793400286944046,0.6868843428500286
2026-02-18T18:08:41.300877,7,Tuning Config 3,federated,8,0.002,512,adamw,0.0001,5,1.0,FedAvg,False,0.0,1.0,False,0.6864608504942485,0.6864608504942485,0.9599252125445373,0.3942585545816622,0.0847224875927723,0.21739130434782608,0.07970244420828905,0.1166407465007776,,,,,,,,,,
2026-02-18T18:08:41.300877,7,Tuning Config 3,federated,8,0.002,512,adamw,0.0001,5,1.0,FedAvg,False,0.0,1.0,False,,,,,,0.21739130434782608,0.07970244420828905,0.1166407465007776,,,bank_A,0.4425033995964882,0.02855452311778163,0.9661195779601407,0.06941838649155722,0.029019607843137254,0.04092920353982301,0.6895729196071625
2026-02-18T18:08:41.300877,7,Tuning Config 3,federated,8,0.002,512,adamw,0.0001,5,1.0,FedAvg,False,0.0,1.0,False,,,,,,0.21739130434782608,0.07970244420828905,0.1166407465007776,,,bank_B,0.44341944704240027,0.03286975928047515,0.9668431644555597,0.06692913385826772,0.027048528241845664,0.038526912181303115,0.6957838565111161
2026-02-18T18:08:41.300877,7,Tuning Config 3,federated,8,0.002,512,adamw,0.0001,5,1.0,FedAvg,False,0.0,1.0,False,,,,,,0.21739130434782608,0.07970244420828905,0.1166407465007776,,,bank_C,0.42300327761735346,0.17776274678015772,0.9433832867665736,0.4583941605839416,0.1445672191528545,0.21981099054952746,0.6638163421061132
2026-02-18T18:08:42.374350,7,Tuning Config 3,federated,9,0.002,512,adamw,0.0001,5,1.0,FedAvg,False,0.0,1.0,False,0.6923840844205448,0.6923840844205448,0.9595371644265707,0.3928938666440007,0.08702587174066903,0.19883040935672514,0.07226354941551541,0.10600155884645363,,,,,,,,,,
2026-02-18T18:08:42.374350,7,Tuning Config 3,federated,9,0.002,512,adamw,0.0001,5,1.0,FedAvg,False,0.0,1.0,False,,,,,,0.19883040935672514,0.07226354941551541,0.10600155884645363,,,bank_A,0.4552775685567284,0.03403283152245149,0.9661781946072685,0.07933579335793357,0.03372549019607843,0.04733076499724821,0.6906045252084732
2026-02-18T18:08:42.374350,7,Tuning Config 3,federated,9,0.002,512,adamw,0.0001,5,1.0,FedAvg,False,0.0,1.0,False,,,,,,0.19883040935672514,0.07226354941551541,0.10600155884645363,,,bank_B,0.4486313070170558,0.03719013174027717,0.968289013501104,0.0763888888888889,0.026252983293556086,0.03907637655417407,0.6987457740306854
2026-02-18T18:08:42.374350,7,Tuning Config 3,federated,9,0.002,512,adamw,0.0001,5,1.0,FedAvg,False,0.0,1.0,False,,,,,,0.19883040935672514,0.07226354941551541,0.10600155884645363,,,bank_C,0.39348875491533686,0.16358934691727853,0.9426974853949708,0.43478260869565216,0.1289134438305709,0.19886363636363635,0.6772392012856223
2026-02-18T18:08:43.362128,7,Tuning Config 3,federated,10,0.002,512,adamw,0.0001,5,1.0,FedAvg,False,0.0,1.0,False,0.6895047426223755,0.6895047426223755,0.9612657424066039,0.48747762906778325,0.13450720335790275,0.2982005141388175,0.12327311370882041,0.17443609022556392,,,,,,,,,,
2026-02-18T18:08:43.362128,7,Tuning Config 3,federated,10,0.002,512,adamw,0.0001,5,1.0,FedAvg,False,0.0,1.0,False,,,,,,0.2982005141388175,0.12327311370882041,0.17443609022556392,,,bank_A,0.44597500741605134,0.03633311946749755,0.9675849941383353,0.0949367088607595,0.03529411764705882,0.051457975986277875,0.6782636380195618
2026-02-18T18:08:43.362128,7,Tuning Config 3,federated,10,0.002,512,adamw,0.0001,5,1.0,FedAvg,False,0.0,1.0,False,,,,,,0.2982005141388175,0.12327311370882041,0.17443609022556392,,,bank_B,0.44299127035863006,0.03798015406071362,0.9678200894863328,0.0851063829787234,0.031821797931583136,0.04632310364794441,0.6852752566337585
2026-02-18T18:08:43.362128,7,Tuning Config 3,federated,10,0.002,512,adamw,0.0001,5,1.0,FedAvg,False,0.0,1.0,False,,,,,,0.2982005141388175,0.12327311370882041,0.17443609022556392,,,bank_C,0.5579260806017711,0.2629397690689512,0.9466090932181864,0.5431034482758621,0.20303867403314918,0.2955764075067024,0.6978634054010565
2026-02-18T18:08:44.298719,7,Tuning Config 3,federated,11,0.002,512,adamw,0.0001,5,1.0,FedAvg,False,0.0,1.0,False,0.696399986743927,0.696399986743927,0.9600310438494374,0.4270693650319597,0.09280518023054424,0.2288135593220339,0.08607863974495218,0.1250965250965251,,,,,,,,,,
2026-02-18T18:08:44.298719,7,Tuning Config 3,federated,11,0.002,512,adamw,0.0001,5,1.0,FedAvg,False,0.0,1.0,False,,,,,,0.2288135593220339,0.08607863974495218,0.1250965250965251,,,bank_A,0.44781183071365,0.0324055187718323,0.9678389996092224,0.06557377049180328,0.02196078431372549,0.03290246768507638,0.6755812931060791
2026-02-18T18:08:44.298719,7,Tuning Config 3,federated,11,0.002,512,adamw,0.0001,5,1.0,FedAvg,False,0.0,1.0,False,,,,,,0.2288135593220339,0.08607863974495218,0.1250965250965251,,,bank_B,0.43921914850748156,0.03287191663970508,0.9690900920263379,0.06666666666666667,0.01988862370723946,0.030637254901960783,0.6807736903429031
2026-02-18T18:08:44.298719,7,Tuning Config 3,federated,11,0.002,512,adamw,0.0001,5,1.0,FedAvg,False,0.0,1.0,False,,,,,,0.2288135593220339,0.08607863974495218,0.1250965250965251,,,bank_C,0.43879333152924027,0.1828065085244286,0.9448056896113792,0.49918166939443537,0.14042357274401474,0.21918792669780812,0.7254129121829938
2026-02-18T18:08:45.424045,7,Tuning Config 3,federated,12,0.002,512,adamw,0.0001,5,1.0,FedAvg,False,0.0,1.0,False,0.698558605143002,0.698558605143002,0.9601368751543373,0.40177986808817984,0.07307268637267282,0.21100917431192662,0.07332624867162593,0.10883280757097792,,,,,,,,,,
2026-02-18T18:08:45.424045,7,Tuning Config 3,federated,12,0.002,512,adamw,0.0001,5,1.0,FedAvg,False,0.0,1.0,False,,,,,,0.21100917431192662,0.07332624867162593,0.10883280757097792,,,bank_A,0.4647217713655946,0.03355584026717072,0.9680734661977335,0.10199556541019955,0.03607843137254902,0.05330243337195829,0.7072214710712433
2026-02-18T18:08:45.424045,7,Tuning Config 3,federated,12,0.002,512,adamw,0.0001,5,1.0,FedAvg,False,0.0,1.0,False,,,,,,0.21100917431192662,0.07332624867162593,0.10883280757097792,,,bank_B,0.4532279119950471,0.03265982562941147,0.9671167034641761,0.05991735537190083,0.023070803500397773,0.03331418724870764,0.7097045862674713
2026-02-18T18:08:45.424045,7,Tuning Config 3,federated,12,0.002,512,adamw,0.0001,5,1.0,FedAvg,False,0.0,1.0,False,,,,,,0.21100917431192662,0.07332624867162593,0.10883280757097792,,,bank_C,0.39003738096772855,0.12959321901249019,0.9420878841757684,0.392,0.09023941068139964,0.1467065868263473,0.671400806346497
2026-02-18T18:08:46.515545,7,Tuning Config 3,federated,13,0.002,512,adamw,0.0001,5,1.0,FedAvg,False,0.0,1.0,False,0.685362092086247,0.685362092086247,0.9584435742759375,0.3550389960140441,0.044962187385188625,0.11650485436893204,0.03825717321997875,0.0576,,,,,,,,,,
2026-02-18T18:08:46.515545,7,Tuning Config 3,federated,13,0.002,512,adamw,0.0001,5,1.0,FedAvg,False,0.0,1.0,False,,,,,,0.11650485436893204,0.03825717321997875,0.0576,,,bank_A,0.44374686806893887,0.02907886468768956,0.9679366940211019,0.06839622641509434,0.022745098039215685,0.034137728075338436,0.6816490054130554
2026-02-18T18:08:46.515545,7,Tuning Config 3,federated,13,0.002,512,adamw,0.0001,5,1.0,FedAvg,False,0.0,1.0,False,,,,,,0.11650485436893204,0.03825717321997875,0.0576,,,bank_B,0.448219917982573,0.02810519156222117,0.969265938531877,0.05367231638418079,0.015115354017501989,0.023587833643699565,0.6882955926656723
2026-02-18T18:08:46.515545,7,Tuning Config 3,federated,13,0.002,512,adamw,0.0001,5,1.0,FedAvg,False,0.0,1.0,False,,,,,,0.11650485436893204,0.03825717321997875,0.0576,,,bank_C,0.30691335139802856,0.07439854755263277,0.9384810769621539,0.2119815668202765,0.0423572744014733,0.07060629316960859,0.6730714138452109
2026-02-18T18:08:47.560582,7,Tuning Config 3,federated,14,0.002,512,adamw,0.0001,5,1.0,FedAvg,False,0.0,1.0,False,0.7560099107878548,0.7560099107878548,0.9587610681906374,0.5472093461696875,0.06607364129243021,0.14375,0.048884165781083955,0.07295796986518636,,,,,,,,,,
2026-02-18T18:08:47.560582,7,Tuning Config 3,federated,14,0.002,512,adamw,0.0001,5,1.0,FedAvg,False,0.0,1.0,False,,,,,,0.14375,0.048884165781083955,0.07295796986518636,,,bank_A,0.5668256903803501,0.039712865325722574,0.9663540445486518,0.08687615526802218,0.03686274509803922,0.051762114537444934,0.7590329605340957
2026-02-18T18:08:47.560582,7,Tuning Config 3,federated,14,0.002,512,adamw,0.0001,5,1.0,FedAvg,False,0.0,1.0,False,,,,,,0.14375,0.048884165781083955,0.07295796986518636,,,bank_B,0.5484466858997195,0.03760686677242174,0.9667259334518669,0.08703703703703704,0.03739061256961018,0.05230940456316082,0.7578028732538223
2026-02-18T18:08:47.560582,7,Tuning Config 3,federated,14,0.002,512,adamw,0.0001,5,1.0,FedAvg,False,0.0,1.0,False,,,,,,0.14375,0.048884165781083955,0.07295796986518636,,,bank_C,0.5356568805012092,0.11014135082253429,0.9387858775717551,0.2638888888888889,0.06123388581952118,0.09940209267563528,0.750589294867082
2026-02-18T18:08:48.426691,7,Tuning Config 3,federated,15,0.002,512,adamw,0.0001,5,1.0,FedAvg,False,0.0,1.0,False,0.8887893653341702,0.8887893653341702,0.959889935442904,0.6162944143028789,0.08342938292076152,0.20833333333333334,0.07438894792773645,0.1096319498825372,,,,,,,,,,
2026-02-18T18:08:48.426691,7,Tuning Config 3,federated,15,0.002,512,adamw,0.0001,5,1.0,FedAvg,False,0.0,1.0,False,,,,,,0.20833333333333334,0.07438894792773645,0.1096319498825372,,,bank_A,0.5797561484467546,0.03946100831485425,0.9661586557248926,0.07763401109057301,0.03294117647058824,0.046255506607929514,0.8758869063854218
2026-02-18T18:08:48.426691,7,Tuning Config 3,federated,15,0.002,512,adamw,0.0001,5,1.0,FedAvg,False,0.0,1.0,False,,,,,,0.20833333333333334,0.07438894792773645,0.1096319498825372,,,bank_B,0.565021904097729,0.0373677765554186,0.9666673179500205,0.08957952468007313,0.03898170246618934,0.05432372505543237,0.8518357563018799
2026-02-18T18:08:48.426691,7,Tuning Config 3,federated,15,0.002,512,adamw,0.0001,5,1.0,FedAvg,False,0.0,1.0,False,,,,,,0.20833333333333334,0.07438894792773645,0.1096319498825372,,,bank_C,0.6633233823537713,0.14208422278647187,0.9393192786385572,0.2925430210325048,0.07044198895027624,0.11354359925788497,0.9505679638354809
2026-02-18T18:08:49.275570,7,Tuning Config 3,federated,16,0.002,512,adamw,0.0001,5,1.0,FedAvg,False,0.0,1.0,False,0.728472212595599,0.728472212595599,0.9617596218294705,0.5990039724617964,0.16743401407590883,0.3198992443324937,0.13496280552603612,0.1898355754857997,,,,,,,,,,
2026-02-18T18:08:49.275570,7,Tuning Config 3,federated,16,0.002,512,adamw,0.0001,5,1.0,FedAvg,False,0.0,1.0,False,,,,,,0.3198992443324937,0.13496280552603612,0.1898355754857997,,,bank_A,0.5710706734953274,0.06440350407521236,0.9673309886674483,0.16526138279932545,0.07686274509803921,0.10492505353319058,0.7307212442159653
2026-02-18T18:08:49.275570,7,Tuning Config 3,federated,16,0.002,512,adamw,0.0001,5,1.0,FedAvg,False,0.0,1.0,False,,,,,,0.3198992443324937,0.13496280552603612,0.1898355754857997,,,bank_B,0.5632076428406658,0.06478734531315425,0.9679373204900256,0.17785234899328858,0.08432776451869531,0.11440906637884511,0.7278620606660843
2026-02-18T18:08:49.275570,7,Tuning Config 3,federated,16,0.002,512,adamw,0.0001,5,1.0,FedAvg,False,0.0,1.0,False,,,,,,0.3198992443324937,0.13496280552603612,0.1898355754857997,,,bank_C,0.6171165116404108,0.23795535227949666,0.9446786893573788,0.49591280653950953,0.16758747697974216,0.2505161734342739,0.7236117728344806
2026-02-18T18:08:50.208327,7,Tuning Config 3,federated,17,0.002,512,adamw,0.0001,5,1.0,FedAvg,False,0.0,1.0,False,0.7350812469209943,0.7350812469209943,0.9592902247151374,0.477202510709392,0.07589663147197098,0.1553398058252427,0.05100956429330499,0.0768,,,,,,,,,,
2026-02-18T18:08:50.208327,7,Tuning Config 3,federated,17,0.002,512,adamw,0.0001,5,1.0,FedAvg,False,0.0,1.0,False,,,,,,0.1553398058252427,0.05100956429330499,0.0768,,,bank_A,0.5311645066803397,0.03554194420195446,0.9661195779601407,0.06779661016949153,0.02823529411764706,0.03986710963455149,0.7389172178506851
2026-02-18T18:08:50.208327,7,Tuning Config 3,federated,17,0.002,512,adamw,0.0001,5,1.0,FedAvg,False,0.0,1.0,False,,,,,,0.1553398058252427,0.05100956429330499,0.0768,,,bank_B,0.5229773918249135,0.035903463817033035,0.9663742404407886,0.05384615384615385,0.022275258552108195,0.031513787281935844,0.7384669417142868
2026-02-18T18:08:50.208327,7,Tuning Config 3,federated,17,0.002,512,adamw,0.0001,5,1.0,FedAvg,False,0.0,1.0,False,,,,,,0.1553398058252427,0.05100956429330499,0.0768,,,bank_C,0.437490407710191,0.1260930610628792,0.9400812801625603,0.32653061224489793,0.08103130755064457,0.1298413869420878,0.723511744629253
2026-02-18T18:08:51.288878,7,Tuning Config 3,federated,18,0.002,512,adamw,0.0001,5,1.0,FedAvg,False,0.0,1.0,False,0.6965492889285088,0.6965492889285088,0.9602779835608707,0.39734102610852684,0.08828634885733856,0.22388059701492538,0.07970244420828905,0.11755485893416928,,,,,,,,,,
2026-02-18T18:08:51.288878,7,Tuning Config 3,federated,18,0.002,512,adamw,0.0001,5,1.0,FedAvg,False,0.0,1.0,False,,,,,,0.22388059701492538,0.07970244420828905,0.11755485893416928,,,bank_A,0.47679760171777363,0.038992282264015896,0.9665494333724111,0.0931098696461825,0.0392156862745098,0.05518763796909492,0.7072556334733963
2026-02-18T18:08:51.288878,7,Tuning Config 3,federated,18,0.002,512,adamw,0.0001,5,1.0,FedAvg,False,0.0,1.0,False,,,,,,0.22388059701492538,0.07970244420828905,0.11755485893416928,,,bank_B,0.4835475300340367,0.042709733706753426,0.9699888630546492,0.10028653295128939,0.02784407319013524,0.043586550435865505,0.7114845699071884
2026-02-18T18:08:51.288878,7,Tuning Config 3,federated,18,0.002,512,adamw,0.0001,5,1.0,FedAvg,False,0.0,1.0,False,,,,,,0.22388059701492538,0.07970244420828905,0.11755485893416928,,,bank_C,0.3967248840682042,0.14618059455365845,0.9415290830581661,0.3920265780730897,0.10865561694290976,0.17015140591204037,0.6577624500571907
2026-02-18T18:08:52.850180,7,Tuning Config 3,federated,19,0.002,512,adamw,0.0001,5,1.0,FedAvg,False,0.0,1.0,False,0.675453679902213,0.675453679902213,0.9631707058948037,0.49897908204902186,0.14541835673271822,0.35967302452316074,0.14027630180658873,0.2018348623853211,,,,,,,,,,
2026-02-18T18:08:52.850180,7,Tuning Config 3,federated,19,0.002,512,adamw,0.0001,5,1.0,FedAvg,False,0.0,1.0,False,,,,,,0.35967302452316074,0.14027630180658873,0.2018348623853211,,,bank_A,0.49083703742994045,0.03631033415038366,0.9677999218444705,0.11387163561076605,0.043137254901960784,0.06257110352673492,0.6908803951740264
2026-02-18T18:08:52.850180,7,Tuning Config 3,federated,19,0.002,512,adamw,0.0001,5,1.0,FedAvg,False,0.0,1.0,False,,,,,,0.35967302452316074,0.14027630180658873,0.2018348623853211,,,bank_B,0.48330992145451696,0.03704684957170152,0.9678982434887947,0.07860262008733625,0.028639618138424822,0.04198250728862974,0.6954486781358719
2026-02-18T18:08:52.850180,7,Tuning Config 3,federated,19,0.002,512,adamw,0.0001,5,1.0,FedAvg,False,0.0,1.0,False,,,,,,0.35967302452316074,0.14027630180658873,0.2018348623853211,,,bank_C,0.5428101171204971,0.26689850270706733,0.9485394970789942,0.5926395939086294,0.21500920810313076,0.31554054054054054,0.6245768674008259
2026-02-18T18:08:53.834132,7,Tuning Config 3,federated,20,0.002,512,adamw,0.0001,5,1.0,FedAvg,False,0.0,1.0,False,0.6930358558893204,0.6930358558893204,0.9614774050164039,0.40563594326056107,0.08653269372277288,0.23875432525951557,0.07332624867162593,0.11219512195121951,,,,,,,,,,
2026-02-18T18:08:53.834132,7,Tuning Config 3,federated,20,0.002,512,adamw,0.0001,5,1.0,FedAvg,False,0.0,1.0,False,,,,,,0.23875432525951557,0.07332624867162593,0.11219512195121951,,,bank_A,0.4734872571611552,0.033343994075676765,0.967389605314576,0.08958333333333333,0.03372549019607843,0.049002849002849,0.7087002092599869
2026-02-18T18:08:53.834132,7,Tuning Config 3,federated,20,0.002,512,adamw,0.0001,5,1.0,FedAvg,False,0.0,1.0,False,,,,,,0.23875432525951557,0.07332624867162593,0.11219512195121951,,,bank_B,0.4783035607918786,0.035217751042852144,0.9665110099450969,0.07289719626168224,0.031026252983293555,0.04352678571428571,0.7159286373853684
2026-02-18T18:08:53.834132,7,Tuning Config 3,federated,20,0.002,512,adamw,0.0001,5,1.0,FedAvg,False,0.0,1.0,False,,,,,,0.23875432525951557,0.07332624867162593,0.11219512195121951,,,bank_C,0.41790079829634996,0.15227143735071647,0.9423164846329692,0.4153846153846154,0.11187845303867404,0.176278563656148,0.6385474979103386
2026-02-18T18:08:54.736874,7,Tuning Config 3,federated,21,0.002,512,adamw,0.0001,5,1.0,FedAvg,False,0.0,1.0,False,0.669446944126061,0.669446944126061,0.9614068508131371,0.3901763950477269,0.05935802702309958,0.1825726141078838,0.04675876726886291,0.07445008460236886,,,,,,,,,,
2026-02-18T18:08:54.736874,7,Tuning Config 3,federated,21,0.002,512,adamw,0.0001,5,1.0,FedAvg,False,0.0,1.0,False,,,,,,0.1825726141078838,0.04675876726886291,0.07445008460236886,,,bank_A,0.4767949614070657,0.03007011752458717,0.968776865963267,0.08051948051948052,0.02431372549019608,0.03734939759036145,0.678143652677536
2026-02-18T18:08:54.736874,7,Tuning Config 3,federated,21,0.002,512,adamw,0.0001,5,1.0,FedAvg,False,0.0,1.0,False,,,,,,0.1825726141078838,0.04675876726886291,0.07445008460236886,,,bank_B,0.4741126400752852,0.03283919148116556,0.966940856958637,0.04781704781704782,0.018297533810660304,0.026467203682393557,0.6834007012844086
2026-02-18T18:08:54.736874,7,Tuning Config 3,federated,21,0.002,512,adamw,0.0001,5,1.0,FedAvg,False,0.0,1.0,False,,,,,,0.1825726141078838,0.04675876726886291,0.07445008460236886,,,bank_C,0.3586305594064989,0.10835971043786848,0.9400558801117602,0.3112449799196787,0.07136279926335175,0.11610486891385768,0.6296551661057905
2026-02-18T18:08:55.720549,7,Tuning Config 3,federated,22,0.002,512,adamw,0.0001,5,1.0,FedAvg,False,0.0,1.0,False,0.6779889762401581,0.6779889762401581,0.959784104138004,0.4383730402435205,0.09276543550427048,0.2132564841498559,0.07863974495217853,0.11490683229813664,,,,,,,,,,
2026-02-18T18:08:55.720549,7,Tuning Config 3,federated,22,0.002,512,adamw,0.0001,5,1.0,FedAvg,False,0.0,1.0,False,,,,,,0.2132564841498559,0.07863974495217853,0.11490683229813664,,,bank_A,0.4978164158960849,0.042908373529836445,0.9674482219617038,0.1189083820662768,0.04784313725490196,0.06823266219239374,0.6885862290859223
2026-02-18T18:08:55.720549,7,Tuning Config 3,federated,22,0.002,512,adamw,0.0001,5,1.0,FedAvg,False,0.0,1.0,False,,,,,,0.2132564841498559,0.07863974495217853,0.11490683229813664,,,bank_B,0.4871514088845435,0.042982270660594624,0.9674879349758699,0.09054325955734406,0.03579952267303103,0.05131128848346636,0.6929139631986618
2026-02-18T18:08:55.720549,7,Tuning Config 3,federated,22,0.002,512,adamw,0.0001,5,1.0,FedAvg,False,0.0,1.0,False,,,,,,0.2132564841498559,0.07863974495217853,0.11490683229813664,,,bank_C,0.41193246320001564,0.14622481537509652,0.9414274828549657,0.38943894389438943,0.10865561694290976,0.16990640748740102,0.6408280165164502
2026-02-18T18:08:56.602538,7,Tuning Config 3,federated,23,0.002,512,adamw,0.0001,5,1.0,FedAvg,False,0.0,1.0,False,0.7309058063796589,0.7309058063796589,0.9614774050164039,0.5644485259361668,0.12040205775110578,0.30886075949367087,0.12964930924548354,0.18263473053892215,,,,,,,,,,
2026-02-18T18:08:56.602538,7,Tuning Config 3,federated,23,0.002,512,adamw,0.0001,5,1.0,FedAvg,False,0.0,1.0,False,,,,,,0.30886075949367087,0.12964930924548354,0.18263473053892215,,,bank_A,0.5851238843999678,0.05301521646622883,0.9672919109026964,0.16013628620102216,0.07372549019607844,0.10096670247046187,0.7403150260448456
2026-02-18T18:08:56.602538,7,Tuning Config 3,federated,23,0.002,512,adamw,0.0001,5,1.0,FedAvg,False,0.0,1.0,False,,,,,,0.30886075949367087,0.12964930924548354,0.18263473053892215,,,bank_B,0.5682645417374902,0.05121724944762654,0.9674683964752545,0.15306122448979592,0.07159904534606205,0.0975609756097561,0.7364757454395294
2026-02-18T18:08:56.602538,7,Tuning Config 3,federated,23,0.002,512,adamw,0.0001,5,1.0,FedAvg,False,0.0,1.0,False,,,,,,0.30886075949367087,0.12964930924548354,0.18263473053892215,,,bank_C,0.5618915022659587,0.18539392816034223,0.9431292862585725,0.45037037037037037,0.13996316758747698,0.21355813136635055,0.7099700322398892
2026-02-18T18:08:57.539296,7,Tuning Config 3,federated,24,0.002,512,adamw,0.0001,5,1.0,FedAvg,False,0.0,1.0,False,0.7038343133670943,0.7038343133670943,0.9607718629837373,0.5057694650666799,0.10205136028599053,0.25360230547550433,0.09351753453772582,0.13664596273291926,,,,,,,,,,
2026-02-18T18:08:57.539296,7,Tuning Config 3,federated,24,0.002,512,adamw,0.0001,5,1.0,FedAvg,False,0.0,1.0,False,,,,,,0.25360230547550433,0.09351753453772582,0.13664596273291926,,,bank_A,0.5315851804703446,0.040127583311661746,0.9664517389605315,0.10251798561151079,0.04470588235294118,0.0622610595303113,0.7152714866399765
2026-02-18T18:08:57.539296,7,Tuning Config 3,federated,24,0.002,512,adamw,0.0001,5,1.0,FedAvg,False,0.0,1.0,False,,,,,,0.25360230547550433,0.09351753453772582,0.13664596273291926,,,bank_B,0.5080339697884142,0.041397123328847374,0.968289013501104,0.08597285067873303,0.030230708035003977,0.04473219540906415,0.7163673239946365
2026-02-18T18:08:57.539296,7,Tuning Config 3,federated,24,0.002,512,adamw,0.0001,5,1.0,FedAvg,False,0.0,1.0,False,,,,,,0.25360230547550433,0.09351753453772582,0.13664596273291926,,,bank_C,0.47233598471649946,0.17819520844871792,0.9429260858521717,0.44360902255639095,0.1358195211786372,0.20796616143813887,0.6709860903876168
2026-02-18T18:08:58.483246,7,Tuning Config 3,federated,25,0.002,512,adamw,0.0001,5,1.0,FedAvg,False,0.0,1.0,False,0.8298724155340876,0.8298724155340876,0.9604543690690373,0.5923826534723309,0.09216863048686248,0.2554347826086957,0.09989373007438895,0.1436210847975554,,,,,,,,,,
2026-02-18T18:08:58.483246,7,Tuning Config 3,federated,25,0.002,512,adamw,0.0001,5,1.0,FedAvg,False,0.0,1.0,False,,,,,,0.2554347826086957,0.09989373007438895,0.1436210847975554,,,bank_A,0.5838673322449911,0.04283994054803232,0.9666471277842907,0.11428571428571428,0.05019607843137255,0.06975476839237058,0.836675990819931
2026-02-18T18:08:58.483246,7,Tuning Config 3,federated,25,0.002,512,adamw,0.0001,5,1.0,FedAvg,False,0.0,1.0,False,,,,,,0.2554347826086957,0.09989373007438895,0.1436210847975554,,,bank_B,0.5655361862043035,0.039824704291149586,0.9669017799574061,0.11051693404634581,0.049323786793953855,0.06820682068206821,0.8219947504997254
2026-02-18T18:08:58.483246,7,Tuning Config 3,federated,25,0.002,512,adamw,0.0001,5,1.0,FedAvg,False,0.0,1.0,False,,,,,,0.2554347826086957,0.09989373007438895,0.1436210847975554,,,bank_C,0.6116365169239678,0.15687726593156764,0.9413258826517653,0.38576158940397354,0.1072744014732965,0.16786743515850144,0.8289100504540777
2026-02-18T18:08:59.537789,7,Tuning Config 3,federated,26,0.002,512,adamw,0.0001,5,1.0,FedAvg,False,0.0,1.0,False,0.7171767130494118,0.7171767130494118,0.960101598052704,0.44018497233282694,0.07362049996299197,0.1955128205128205,0.06482465462274177,0.09736632083000799,,,,,,,,,,
2026-02-18T18:08:59.537789,7,Tuning Config 3,federated,26,0.002,512,adamw,0.0001,5,1.0,FedAvg,False,0.0,1.0,False,,,,,,0.1955128205128205,0.06482465462274177,0.09736632083000799,,,bank_A,0.5049143490278588,0.03163273000224348,0.9661000390777648,0.0724907063197026,0.03058823529411765,0.04302261445118588,0.7306804710626602
2026-02-18T18:08:59.537789,7,Tuning Config 3,federated,26,0.002,512,adamw,0.0001,5,1.0,FedAvg,False,0.0,1.0,False,,,,,,0.1955128205128205,0.06482465462274177,0.09736632083000799,,,bank_B,0.5139401627944643,0.036165577950548394,0.9663156249389422,0.05523809523809524,0.023070803500397773,0.03254769921436588,0.7279151862859726
2026-02-18T18:08:59.537789,7,Tuning Config 3,federated,26,0.002,512,adamw,0.0001,5,1.0,FedAvg,False,0.0,1.0,False,,,,,,0.1955128205128205,0.06482465462274177,0.09736632083000799,,,bank_C,0.41633348002729315,0.1298114118504088,0.9405384810769621,0.3525305410122164,0.09300184162062615,0.1471766848816029,0.6834874075728578
2026-02-18T18:09:00.485769,7,Tuning Config 3,federated,27,0.002,512,adamw,0.0001,5,1.0,FedAvg,False,0.0,1.0,False,0.736074896795409,0.736074896795409,0.9581613574628709,0.5182114530331986,0.04967897457842162,0.09302325581395349,0.02975557917109458,0.04508856682769726,,,,,,,,,,
2026-02-18T18:09:00.485769,7,Tuning Config 3,federated,27,0.002,512,adamw,0.0001,5,1.0,FedAvg,False,0.0,1.0,False,,,,,,0.09302325581395349,0.02975557917109458,0.04508856682769726,,,bank_A,0.5732445214535068,0.032786902821955045,0.9658460336068777,0.04431599229287091,0.01803921568627451,0.02564102564102564,0.7447458666563034
2026-02-18T18:09:00.485769,7,Tuning Config 3,federated,27,0.002,512,adamw,0.0001,5,1.0,FedAvg,False,0.0,1.0,False,,,,,,0.09302325581395349,0.02975557917109458,0.04508856682769726,,,bank_B,0.5491885533951145,0.0316255921234939,0.9661983939352494,0.04780114722753346,0.01988862370723946,0.028089887640449437,0.7433554571866989
2026-02-18T18:09:00.485769,7,Tuning Config 3,federated,27,0.002,512,adamw,0.0001,5,1.0,FedAvg,False,0.0,1.0,False,,,,,,0.09302325581395349,0.02975557917109458,0.04508856682769726,,,bank_C,0.4891619935506146,0.08029584222367422,0.9373380746761494,0.16853932584269662,0.034530386740331494,0.0573175391669851,0.7143269413477414
2026-02-18T18:09:01.478076,7,Tuning Config 3,federated,28,0.002,512,adamw,0.0001,5,1.0,FedAvg,False,0.0,1.0,False,0.6986462537731443,0.6986462537731443,0.9608776942886372,0.43207346638568944,0.06549451454577725,0.22903225806451613,0.07545164718384698,0.1135091926458833,,,,,,,,,,
2026-02-18T18:09:01.478076,7,Tuning Config 3,federated,28,0.002,512,adamw,0.0001,5,1.0,FedAvg,False,0.0,1.0,False,,,,,,0.22903225806451613,0.07545164718384698,0.1135091926458833,,,bank_A,0.5297414813636104,0.03733919175826789,0.9668620554904259,0.12208258527827648,0.05333333333333334,0.07423580786026202,0.7094091069698334
2026-02-18T18:09:01.478076,7,Tuning Config 3,federated,28,0.002,512,adamw,0.0001,5,1.0,FedAvg,False,0.0,1.0,False,,,,,,0.22903225806451613,0.07545164718384698,0.1135091926458833,,,bank_B,0.4994511068120281,0.037768269735907065,0.9679177819894101,0.10309278350515463,0.03977724741447892,0.0574052812858783,0.707458872795105
2026-02-18T18:09:01.478076,7,Tuning Config 3,federated,28,0.002,512,adamw,0.0001,5,1.0,FedAvg,False,0.0,1.0,False,,,,,,0.22903225806451613,0.07545164718384698,0.1135091926458833,,,bank_C,0.40662719668387487,0.12264873136818077,0.9408432816865634,0.36252189141856395,0.09530386740331492,0.15092963908129786,0.6726685220544989
2026-02-18T18:09:02.487486,7,Tuning Config 3,federated,29,0.002,512,adamw,0.0001,5,1.0,FedAvg,False,0.0,1.0,False,0.6899703325969833,0.6899703325969833,0.960101598052704,0.42117300500375243,0.08051043685328854,0.22058823529411764,0.07970244420828905,0.117096018735363,,,,,,,,,,
2026-02-18T18:09:02.487486,7,Tuning Config 3,federated,29,0.002,512,adamw,0.0001,5,1.0,FedAvg,False,0.0,1.0,False,,,,,,0.22058823529411764,0.07970244420828905,0.117096018735363,,,bank_A,0.5067120234327576,0.037145959638021545,0.9667252833137945,0.11648745519713262,0.050980392156862744,0.07092198581560284,0.6998521786928177
2026-02-18T18:09:02.487486,7,Tuning Config 3,federated,29,0.002,512,adamw,0.0001,5,1.0,FedAvg,False,0.0,1.0,False,,,,,,0.22058823529411764,0.07970244420828905,0.117096018735363,,,bank_B,0.49524791605276625,0.04416326763752445,0.9667063949512514,0.08534322820037106,0.03659506762132061,0.051224944320712694,0.6992122197151184
2026-02-18T18:09:02.487486,7,Tuning Config 3,federated,29,0.002,512,adamw,0.0001,5,1.0,FedAvg,False,0.0,1.0,False,,,,,,0.22058823529411764,0.07970244420828905,0.117096018735363,,,bank_C,0.3779378027512321,0.1402066138339853,0.943510287020574,0.44881889763779526,0.10497237569060773,0.1701492537313433,0.6627119338357603
2026-02-18T18:09:03.496099,7,Tuning Config 3,federated,30,0.002,512,adamw,0.0001,5,1.0,FedAvg,False,0.0,1.0,False,0.6888807181801114,0.6888807181801114,0.9600663209510707,0.4187735172522473,0.09171240329852795,0.22946175637393768,0.08607863974495218,0.125193199381762,,,,,,,,,,
2026-02-18T18:09:03.496099,7,Tuning Config 3,federated,30,0.002,512,adamw,0.0001,5,1.0,FedAvg,False,0.0,1.0,False,,,,,,0.22946175637393768,0.08607863974495218,0.125193199381762,,,bank_A,0.5033260842659878,0.04110854292647395,0.9668815943728019,0.12365591397849462,0.05411764705882353,0.07528641571194762,0.701901928782463
2026-02-18T18:09:03.496099,7,Tuning Config 3,federated,30,0.002,512,adamw,0.0001,5,1.0,FedAvg,False,0.0,1.0,False,,,,,,0.22946175637393768,0.08607863974495218,0.125193199381762,,,bank_B,0.5039808798952768,0.04905160169101743,0.9685820910103359,0.11764705882352941,0.04295942720763723,0.06293706293706294,0.701951522231102
2026-02-18T18:09:03.496099,7,Tuning Config 3,federated,30,0.002,512,adamw,0.0001,5,1.0,FedAvg,False,0.0,1.0,False,,,,,,0.22946175637393768,0.08607863974495218,0.125193199381762,,,bank_C,0.3934979635135536,0.15130528012640637,0.9420370840741682,0.4110032362459547,0.11694290976058933,0.182078853046595,0.6535402760877238
2026-02-18T18:09:04.523479,7,Tuning Config 3,federated,31,0.002,512,adamw,0.0001,5,1.0,FedAvg,False,0.0,1.0,False,0.6859895916921752,0.6859895916921752,0.9620771157441704,0.4999983907896399,0.1280453749569732,0.33816425120772947,0.1487778958554729,0.2066420664206642,,,,,,,,,,
2026-02-18T18:09:04.523479,7,Tuning Config 3,federated,31,0.002,512,adamw,0.0001,5,1.0,FedAvg,False,0.0,1.0,False,,,,,,0.33816425120772947,0.1487778958554729,0.2066420664206642,,,bank_A,0.5370269158459898,0.0438066473531787,0.9669792887846815,0.14408233276157806,0.06588235294117648,0.09041980624327234,0.6968267726898193
2026-02-18T18:09:04.523479,7,Tuning Config 3,federated,31,0.002,512,adamw,0.0001,5,1.0,FedAvg,False,0.0,1.0,False,,,,,,0.33816425120772947,0.1487778958554729,0.2066420664206642,,,bank_B,0.5278472283439644,0.04917860321401588,0.9685430140091049,0.12526539278131635,0.046937151949085126,0.06828703703703703,0.6972807210683822
2026-02-18T18:09:04.523479,7,Tuning Config 3,federated,31,0.002,512,adamw,0.0001,5,1.0,FedAvg,False,0.0,1.0,False,,,,,,0.33816425120772947,0.1487778958554729,0.2066420664206642,,,bank_C,0.5142512649692943,0.2250041449103678,0.945491490982982,0.5169712793733682,0.18232044198895028,0.269571136827774,0.6580094300307237
2026-02-18T18:09:05.628140,7,Tuning Config 3,federated,32,0.002,512,adamw,0.0001,5,1.0,FedAvg,False,0.0,1.0,False,0.6944925327386174,0.6944925327386174,0.960207429357604,0.5004016433954168,0.09604914235200739,0.23809523809523808,0.09032943676939426,0.13097072419106318,,,,,,,,,,
2026-02-18T18:09:05.628140,7,Tuning Config 3,federated,32,0.002,512,adamw,0.0001,5,1.0,FedAvg,False,0.0,1.0,False,,,,,,0.23809523809523808,0.09032943676939426,0.13097072419106318,,,bank_A,0.562022572299133,0.04827918308261636,0.9666862055490426,0.12147887323943662,0.05411764705882353,0.074877916440586,0.7048560065031052
2026-02-18T18:09:05.628140,7,Tuning Config 3,federated,32,0.002,512,adamw,0.0001,5,1.0,FedAvg,False,0.0,1.0,False,,,,,,0.23809523809523808,0.09032943676939426,0.13097072419106318,,,bank_B,0.5388610815727097,0.04944713873015562,0.9670971649635607,0.12478031634446397,0.056483691328560064,0.07776560788608981,0.7041226530075073
2026-02-18T18:09:05.628140,7,Tuning Config 3,federated,32,0.002,512,adamw,0.0001,5,1.0,FedAvg,False,0.0,1.0,False,,,,,,0.23809523809523808,0.09032943676939426,0.13097072419106318,,,bank_C,0.45395407553248723,0.15228859205133316,0.9420370840741682,0.4110032362459547,0.11694290976058933,0.182078853046595,0.6706939417046386
2026-02-18T18:09:06.668264,7,Tuning Config 3,federated,33,0.002,512,adamw,0.0001,5,1.0,FedAvg,False,0.0,1.0,False,0.6975663953593799,0.6975663953593799,0.9600663209510707,0.4592738909380363,0.07495820240718519,0.22636103151862463,0.08395324123273114,0.12248062015503876,,,,,,,,,,
2026-02-18T18:09:06.668264,7,Tuning Config 3,federated,33,0.002,512,adamw,0.0001,5,1.0,FedAvg,False,0.0,1.0,False,,,,,,0.22636103151862463,0.08395324123273114,0.12248062015503876,,,bank_A,0.5143061935324175,0.03642726999492908,0.9663931223134037,0.09764918625678119,0.042352941176470586,0.05908096280087528,0.7053159296512603
2026-02-18T18:09:06.668264,7,Tuning Config 3,federated,33,0.002,512,adamw,0.0001,5,1.0,FedAvg,False,0.0,1.0,False,,,,,,0.22636103151862463,0.08395324123273114,0.12248062015503876,,,bank_B,0.5093411914511011,0.03851369468285048,0.9670190109610989,0.09869646182495345,0.042163882259347654,0.059085841694537344,0.7044823676347732
2026-02-18T18:09:06.668264,7,Tuning Config 3,federated,33,0.002,512,adamw,0.0001,5,1.0,FedAvg,False,0.0,1.0,False,,,,,,0.22636103151862463,0.08395324123273114,0.12248062015503876,,,bank_C,0.40649456935297323,0.1217257553018509,0.9406908813817627,0.3572679509632224,0.09392265193370165,0.14874225300765584,0.6784311347193532
2026-02-18T18:09:07.663470,7,Tuning Config 3,federated,34,0.002,512,adamw,0.0001,5,1.0,FedAvg,False,0.0,1.0,False,0.7276439230356898,0.7276439230356898,0.9579144177514376,0.4313205110417811,0.04230461136875533,0.07142857142857142,0.022316684378320937,0.0340080971659919,,,,,,,,,,
2026-02-18T18:09:07.663470,7,Tuning Config 3,federated,34,0.002,512,adamw,0.0001,5,1.0,FedAvg,False,0.0,1.0,False,,,,,,0.07142857142857142,0.022316684378320937,0.0340080971659919,,,bank_A,0.506835913726276,0.02923440101291474,0.965748339194998,0.04038461538461539,0.01647058823529412,0.0233983286908078,0.7310128784179688
2026-02-18T18:09:07.663470,7,Tuning Config 3,federated,34,0.002,512,adamw,0.0001,5,1.0,FedAvg,False,0.0,1.0,False,,,,,,0.07142857142857142,0.022316684378320937,0.0340080971659919,,,bank_B,0.516511780483901,0.03049602011441636,0.9661983939352494,0.040776699029126215,0.016706443914081145,0.023702031602708805,0.7268639791011811
2026-02-18T18:09:07.663470,7,Tuning Config 3,federated,34,0.002,512,adamw,0.0001,5,1.0,FedAvg,False,0.0,1.0,False,,,,,,0.07142857142857142,0.022316684378320937,0.0340080971659919,,,bank_C,0.3635246632499796,0.0677027443128248,0.9373380746761494,0.1655328798185941,0.03360957642725598,0.055874473784921545,0.7246908777719968
2026-02-18T18:09:08.581982,7,Tuning Config 3,federated,35,0.002,512,adamw,0.0001,5,1.0,FedAvg,False,0.0,1.0,False,0.7068330720067024,0.7068330720067024,0.9584435742759375,0.4737340225768724,0.05462276261206593,0.11147540983606558,0.036131774707757705,0.05457463884430177,,,,,,,,,,
2026-02-18T18:09:08.581982,7,Tuning Config 3,federated,35,0.002,512,adamw,0.0001,5,1.0,FedAvg,False,0.0,1.0,False,,,,,,0.11147540983606558,0.036131774707757705,0.05457463884430177,,,bank_A,0.5478424457449547,0.033726188989064654,0.9658069558421258,0.045889101338432124,0.018823529411764704,0.026696329254727477,0.7108537179231643
2026-02-18T18:09:08.581982,7,Tuning Config 3,federated,35,0.002,512,adamw,0.0001,5,1.0,FedAvg,False,0.0,1.0,False,,,,,,0.11147540983606558,0.036131774707757705,0.05457463884430177,,,bank_B,0.5506938725064165,0.034621907637325026,0.9661593169340185,0.045889101338432124,0.01909307875894988,0.02696629213483146,0.7091565734148025
2026-02-18T18:09:08.581982,7,Tuning Config 3,federated,35,0.002,512,adamw,0.0001,5,1.0,FedAvg,False,0.0,1.0,False,,,,,,0.11147540983606558,0.036131774707757705,0.05457463884430177,,,bank_C,0.4008755050000213,0.0898960952837195,0.9381254762509526,0.22384937238493724,0.049263351749539594,0.08075471698113207,0.7000956070887578
2026-02-18T18:09:09.512648,7,Tuning Config 3,federated,36,0.002,512,adamw,0.0001,5,1.0,FedAvg,False,0.0,1.0,False,0.7097573280334473,0.7097573280334473,0.9591491163086041,0.47812567397801387,0.06291867015334988,0.16819571865443425,0.05844845908607864,0.08675078864353312,,,,,,,,,,
2026-02-18T18:09:09.512648,7,Tuning Config 3,federated,36,0.002,512,adamw,0.0001,5,1.0,FedAvg,False,0.0,1.0,False,,,,,,0.16819571865443425,0.05844845908607864,0.08675078864353312,,,bank_A,0.5580858768915842,0.03771441210947124,0.9664908167252834,0.09706959706959707,0.04156862745098039,0.058209774848984076,0.7129582554101944
2026-02-18T18:09:09.512648,7,Tuning Config 3,federated,36,0.002,512,adamw,0.0001,5,1.0,FedAvg,False,0.0,1.0,False,,,,,,0.16819571865443425,0.05844845908607864,0.08675078864353312,,,bank_B,0.5459660975852747,0.03766879717983216,0.9665500869463277,0.07635009310986965,0.03261734287987271,0.045707915273132664,0.7091310840845108
2026-02-18T18:09:09.512648,7,Tuning Config 3,federated,36,0.002,512,adamw,0.0001,5,1.0,FedAvg,False,0.0,1.0,False,,,,,,0.16819571865443425,0.05844845908607864,0.08675078864353312,,,bank_C,0.38305254163746894,0.0969254796532234,0.9391922783845568,0.2865384615384615,0.06860036832412524,0.11069836552748885,0.7074727996603235
2026-02-18T18:09:10.476988,7,Tuning Config 3,federated,37,0.002,512,adamw,0.0001,5,1.0,FedAvg,False,0.0,1.0,False,0.7073680492384093,0.7073680492384093,0.9581966345645042,0.43862553116544134,0.053045586331102366,0.09602649006622517,0.030818278427205102,0.04666130329847144,,,,,,,,,,
2026-02-18T18:09:10.476988,7,Tuning Config 3,federated,37,0.002,512,adamw,0.0001,5,1.0,FedAvg,False,0.0,1.0,False,,,,,,0.09602649006622517,0.030818278427205102,0.04666130329847144,,,bank_A,0.514327756069866,0.03101257431498481,0.9659046502540055,0.05152671755725191,0.021176470588235293,0.03001667593107282,0.7142680650949478
2026-02-18T18:09:10.476988,7,Tuning Config 3,federated,37,0.002,512,adamw,0.0001,5,1.0,FedAvg,False,0.0,1.0,False,,,,,,0.09602649006622517,0.030818278427205102,0.04666130329847144,,,bank_B,0.5145784679427128,0.032569187218192526,0.9661983939352494,0.04431599229287091,0.018297533810660304,0.0259009009009009,0.7135577231645585
2026-02-18T18:09:10.476988,7,Tuning Config 3,federated,37,0.002,512,adamw,0.0001,5,1.0,FedAvg,False,0.0,1.0,False,,,,,,0.09602649006622517,0.030818278427205102,0.04666130329847144,,,bank_C,0.3731475741235221,0.08561334469431564,0.9382016764033528,0.2229299363057325,0.04834254143646409,0.07945516458569807,0.6912219895944967
2026-02-18T18:09:11.401209,7,Tuning Config 3,federated,38,0.002,512,adamw,0.0001,5,1.0,FedAvg,False,0.0,1.0,False,0.7070902170879501,0.7070902170879501,0.9580555261579708,0.4208611477911979,0.04272867627668534,0.07534246575342465,0.023379383634431455,0.035685320356853206,,,,,,,,,,
2026-02-18T18:09:11.401209,7,Tuning Config 3,federated,38,0.002,512,adamw,0.0001,5,1.0,FedAvg,False,0.0,1.0,False,,,,,,0.07534246575342465,0.023379383634431455,0.035685320356853206,,,bank_A,0.5323393113582473,0.03204562723191013,0.9659241891363815,0.05333333333333334,0.02196078431372549,0.03111111111111111,0.7129082429409027
2026-02-18T18:09:11.401209,7,Tuning Config 3,federated,38,0.002,512,adamw,0.0001,5,1.0,FedAvg,False,0.0,1.0,False,,,,,,0.07534246575342465,0.023379383634431455,0.035685320356853206,,,bank_B,0.5326938872304678,0.03266018221617136,0.9659639319278639,0.025440313111545987,0.010342084327764518,0.014705882352941176,0.7102796685695648
2026-02-18T18:09:11.401209,7,Tuning Config 3,federated,38,0.002,512,adamw,0.0001,5,1.0,FedAvg,False,0.0,1.0,False,,,,,,0.07534246575342465,0.023379383634431455,0.035685320356853206,,,bank_C,0.32491380306491857,0.060212380499953776,0.9368554737109475,0.13317757009345793,0.026243093922651933,0.04384615384615385,0.6959930758971673
2026-02-18T18:09:12.294312,7,Tuning Config 3,federated,39,0.002,512,adamw,0.0001,5,1.0,FedAvg,False,0.0,1.0,False,0.693627978009837,0.693627978009837,0.9591491163086041,0.41927570721305474,0.06036343298235258,0.15987460815047022,0.05419766206163656,0.08095238095238096,,,,,,,,,,
2026-02-18T18:09:12.294312,7,Tuning Config 3,federated,39,0.002,512,adamw,0.0001,5,1.0,FedAvg,False,0.0,1.0,False,,,,,,0.15987460815047022,0.05419766206163656,0.08095238095238096,,,bank_A,0.5228903151281552,0.044177297350613265,0.9666471277842907,0.11837455830388692,0.05254901960784314,0.07278652906029331,0.6995036417245865
2026-02-18T18:09:12.294312,7,Tuning Config 3,federated,39,0.002,512,adamw,0.0001,5,1.0,FedAvg,False,0.0,1.0,False,,,,,,0.15987460815047022,0.05419766206163656,0.08095238095238096,,,bank_B,0.5005957185391166,0.04307790204071687,0.9668431644555597,0.1057347670250896,0.046937151949085126,0.06501377410468319,0.6991375708580017
2026-02-18T18:09:12.294312,7,Tuning Config 3,federated,39,0.002,512,adamw,0.0001,5,1.0,FedAvg,False,0.0,1.0,False,,,,,,0.15987460815047022,0.05419766206163656,0.08095238095238096,,,bank_C,0.3353128848983643,0.0759367964025549,0.9384302768605537,0.2375,0.052486187845303865,0.08597285067873303,0.679887132211165
2026-02-18T18:09:13.146996,7,Tuning Config 3,federated,40,0.002,512,adamw,0.0001,5,1.0,FedAvg,False,0.0,1.0,False,0.6907399807657514,0.6907399807657514,0.9580555261579708,0.3689597707491778,0.03723297547872313,0.08108108108108109,0.025504782146652496,0.038803556992724336,,,,,,,,,,
2026-02-18T18:09:13.146996,7,Tuning Config 3,federated,40,0.002,512,adamw,0.0001,5,1.0,FedAvg,False,0.0,1.0,False,,,,,,0.08108108108108109,0.025504782146652496,0.038803556992724336,,,bank_A,0.4713328029137715,0.02931150996301267,0.9658460336068777,0.049523809523809526,0.0203921568627451,0.028888888888888888,0.6968101733922958
2026-02-18T18:09:13.146996,7,Tuning Config 3,federated,40,0.002,512,adamw,0.0001,5,1.0,FedAvg,False,0.0,1.0,False,,,,,,0.08108108108108109,0.025504782146652496,0.038803556992724336,,,bank_B,0.47734261726192945,0.029006998078415804,0.966178855434634,0.040697674418604654,0.016706443914081145,0.023688663282571912,0.6976322197914123
2026-02-18T18:09:13.146996,7,Tuning Config 3,federated,40,0.002,512,adamw,0.0001,5,1.0,FedAvg,False,0.0,1.0,False,,,,,,0.08108108108108109,0.025504782146652496,0.038803556992724336,,,bank_C,0.2815138281954801,0.047157917008447056,0.9370840741681483,0.1445221445221445,0.0285451197053407,0.04767397154940407,0.6734666545669754
2026-02-18T18:09:14.005761,7,Tuning Config 3,federated,41,0.002,512,adamw,0.0001,5,1.0,FedAvg,False,0.0,1.0,False,0.6792744525841304,0.6792744525841304,0.9593607789184041,0.3680554139148846,0.0437360337293242,0.1447811447811448,0.04569606801275239,0.06946688206785137,,,,,,,,,,
2026-02-18T18:09:14.005761,7,Tuning Config 3,federated,41,0.002,512,adamw,0.0001,5,1.0,FedAvg,False,0.0,1.0,False,,,,,,0.1447811447811448,0.04569606801275239,0.06946688206785137,,,bank_A,0.4744290465610149,0.035326956152177624,0.9667252833137945,0.11921708185053381,0.05254901960784314,0.07294501905280348,0.6853174966573715
2026-02-18T18:09:14.005761,7,Tuning Config 3,federated,41,0.002,512,adamw,0.0001,5,1.0,FedAvg,False,0.0,1.0,False,,,,,,0.1447811447811448,0.04569606801275239,0.06946688206785137,,,bank_B,0.4757407074186335,0.037159309027844485,0.9668431644555597,0.10431654676258993,0.046141607000795545,0.06398234969663541,0.6875704950094224
2026-02-18T18:09:14.005761,7,Tuning Config 3,federated,41,0.002,512,adamw,0.0001,5,1.0,FedAvg,False,0.0,1.0,False,,,,,,0.1447811447811448,0.04569606801275239,0.06946688206785137,,,bank_C,0.3090133759344871,0.05108158091938286,0.9373634747269495,0.16590909090909092,0.03360957642725598,0.055895865237366005,0.6613174506596157
2026-02-18T18:09:14.901832,7,Tuning Config 3,federated,42,0.002,512,adamw,0.0001,5,1.0,FedAvg,False,0.0,1.0,False,0.6865461990237236,0.6865461990237236,0.9590785621053374,0.39000263910499056,0.045819914508222453,0.15457413249211358,0.052072263549415514,0.07790143084260731,,,,,,,,,,
2026-02-18T18:09:14.901832,7,Tuning Config 3,federated,42,0.002,512,adamw,0.0001,5,1.0,FedAvg,False,0.0,1.0,False,,,,,,0.15457413249211358,0.052072263549415514,0.07790143084260731,,,bank_A,0.4876677294703073,0.03809814246923439,0.9669792887846815,0.14408233276157806,0.06588235294117648,0.09041980624327234,0.6898281222581863
2026-02-18T18:09:14.901832,7,Tuning Config 3,federated,42,0.002,512,adamw,0.0001,5,1.0,FedAvg,False,0.0,1.0,False,,,,,,0.15457413249211358,0.052072263549415514,0.07790143084260731,,,bank_B,0.47848306195504675,0.03628303029311761,0.9673902424727926,0.10687022900763359,0.04455051710421639,0.06288601909039865,0.6922508120536804
2026-02-18T18:09:14.901832,7,Tuning Config 3,federated,42,0.002,512,adamw,0.0001,5,1.0,FedAvg,False,0.0,1.0,False,,,,,,0.15457413249211358,0.052072263549415514,0.07790143084260731,,,bank_C,0.31628606441048085,0.05016615299850747,0.9368300736601474,0.13114754098360656,0.02578268876611418,0.04309349749903809,0.6749600737125843
2026-02-18T18:09:15.857773,7,Tuning Config 3,federated,43,0.002,512,adamw,0.0001,5,1.0,FedAvg,False,0.0,1.0,False,0.6860052230102676,0.6860052230102676,0.9586199597841042,0.3261500250920487,0.03183381430233224,0.11333333333333333,0.036131774707757705,0.0547945205479452,,,,,,,,,,
2026-02-18T18:09:15.857773,7,Tuning Config 3,federated,43,0.002,512,adamw,0.0001,5,1.0,FedAvg,False,0.0,1.0,False,,,,,,0.11333333333333333,0.036131774707757705,0.0547945205479452,,,bank_A,0.4273574300975776,0.025790385080113824,0.9661781946072685,0.07777777777777778,0.03294117647058824,0.04628099173553719,0.6912133079767228
2026-02-18T18:09:15.857773,7,Tuning Config 3,federated,43,0.002,512,adamw,0.0001,5,1.0,FedAvg,False,0.0,1.0,False,,,,,,0.11333333333333333,0.036131774707757705,0.0547945205479452,,,bank_B,0.4380588884922106,0.02882235627231424,0.9666282409487896,0.0847145488029466,0.03659506762132061,0.051111111111111114,0.6926400738954545
2026-02-18T18:09:15.857773,7,Tuning Config 3,federated,43,0.002,512,adamw,0.0001,5,1.0,FedAvg,False,0.0,1.0,False,,,,,,0.11333333333333333,0.036131774707757705,0.0547945205479452,,,bank_C,0.2556052452670528,0.04016230017157721,0.9365252730505461,0.09828009828009827,0.01841620626151013,0.031019775106630478,0.6686867862552791
2026-02-18T18:09:16.777977,7,Tuning Config 3,federated,44,0.002,512,adamw,0.0001,5,1.0,FedAvg,False,0.0,1.0,False,0.7129591309598514,0.7129591309598514,0.9584788513775708,0.44175065646088657,0.03698981010791465,0.0661764705882353,0.019128586609989374,0.02967848309975268,,,,,,,,,,
2026-02-18T18:09:16.777977,7,Tuning Config 3,federated,44,0.002,512,adamw,0.0001,5,1.0,FedAvg,False,0.0,1.0,False,,,,,,0.0661764705882353,0.019128586609989374,0.02967848309975268,,,bank_A,0.5198182350387305,0.030749014457644344,0.9658460336068777,0.046065259117082535,0.018823529411764704,0.026726057906458798,0.7120017224550247
2026-02-18T18:09:16.777977,7,Tuning Config 3,federated,44,0.002,512,adamw,0.0001,5,1.0,FedAvg,False,0.0,1.0,False,,,,,,0.0661764705882353,0.019128586609989374,0.02967848309975268,,,bank_B,0.5260053037179758,0.03107742492541794,0.9663156249389422,0.05182341650671785,0.021479713603818614,0.030371203599550055,0.7089137649536132
2026-02-18T18:09:16.777977,7,Tuning Config 3,federated,44,0.002,512,adamw,0.0001,5,1.0,FedAvg,False,0.0,1.0,False,,,,,,0.0661764705882353,0.019128586609989374,0.02967848309975268,,,bank_C,0.3825674997675571,0.0506521383859189,0.9364744729489459,0.07493540051679587,0.013351749539594844,0.022665103556076593,0.718732960038371
2026-02-18T18:09:17.750941,7,Tuning Config 3,federated,45,0.002,512,adamw,0.0001,5,1.0,FedAvg,False,0.0,1.0,False,0.7054066817675319,0.7054066817675319,0.9578438635481709,0.38141228644130537,0.031515363447439305,0.06206896551724138,0.019128586609989374,0.02924451665312754,,,,,,,,,,
2026-02-18T18:09:17.750941,7,Tuning Config 3,federated,45,0.002,512,adamw,0.0001,5,1.0,FedAvg,False,0.0,1.0,False,,,,,,0.06206896551724138,0.019128586609989374,0.02924451665312754,,,bank_A,0.497388575548444,0.029235109123825088,0.9658460336068777,0.049523809523809526,0.0203921568627451,0.028888888888888888,0.7099470919370652
2026-02-18T18:09:17.750941,7,Tuning Config 3,federated,45,0.002,512,adamw,0.0001,5,1.0,FedAvg,False,0.0,1.0,False,,,,,,0.06206896551724138,0.019128586609989374,0.02924451665312754,,,bank_B,0.49831893244637177,0.028168978215630063,0.966139778433403,0.044061302681992334,0.018297533810660304,0.025857223159078135,0.7088950842618942
2026-02-18T18:09:17.750941,7,Tuning Config 3,federated,45,0.002,512,adamw,0.0001,5,1.0,FedAvg,False,0.0,1.0,False,,,,,,0.06206896551724138,0.019128586609989374,0.02924451665312754,,,bank_C,0.29304694147302124,0.040763905830297424,0.9359156718313436,0.04884318766066838,0.008747697974217311,0.01483795392424834,0.6955169857322395
2026-02-18T18:09:18.701243,7,Tuning Config 3,federated,46,0.002,512,adamw,0.0001,5,1.0,FedAvg,False,0.0,1.0,False,0.7027489809053284,0.7027489809053284,0.9628179348784703,0.6457700684236245,0.18101592089349425,0.3701149425287356,0.17109458023379384,0.23401162790697674,,,,,,,,,,
2026-02-18T18:09:18.701243,7,Tuning Config 3,federated,46,0.002,512,adamw,0.0001,5,1.0,FedAvg,False,0.0,1.0,False,,,,,,0.3701149425287356,0.17109458023379384,0.23401162790697674,,,bank_A,0.5821051684475012,0.07697482583593558,0.9679757717858538,0.2111111111111111,0.10431372549019607,0.13963254593175853,0.7024511098861694
2026-02-18T18:09:18.701243,7,Tuning Config 3,federated,46,0.002,512,adamw,0.0001,5,1.0,FedAvg,False,0.0,1.0,False,,,,,,0.3701149425287356,0.17109458023379384,0.23401162790697674,,,bank_B,0.5436719183086692,0.06783822777621576,0.9678591664875638,0.1819672131147541,0.0883054892601432,0.11890733797536154,0.7020721596479416
2026-02-18T18:09:18.701243,7,Tuning Config 3,federated,46,0.002,512,adamw,0.0001,5,1.0,FedAvg,False,0.0,1.0,False,,,,,,0.3701149425287356,0.17109458023379384,0.23401162790697674,,,bank_C,0.6534391218086638,0.24263043605848836,0.9445262890525781,0.49164345403899723,0.1625230202578269,0.24429065743944636,0.7053177674095352
2026-02-18T18:09:19.641944,7,Tuning Config 3,federated,47,0.002,512,adamw,0.0001,5,1.0,FedAvg,False,0.0,1.0,False,0.6941698576722827,0.6941698576722827,0.9629590432850037,0.6429736873554763,0.20729870458344282,0.37528604118993136,0.1742826780021254,0.23802612481857766,,,,,,,,,,
2026-02-18T18:09:19.641944,7,Tuning Config 3,federated,47,0.002,512,adamw,0.0001,5,1.0,FedAvg,False,0.0,1.0,False,,,,,,0.37528604118993136,0.1742826780021254,0.23802612481857766,,,bank_A,0.5676882626009025,0.10559776936167728,0.9685423993747557,0.23950233281493002,0.1207843137254902,0.16058394160583941,0.692016550898552
2026-02-18T18:09:19.641944,7,Tuning Config 3,federated,47,0.002,512,adamw,0.0001,5,1.0,FedAvg,False,0.0,1.0,False,,,,,,0.37528604118993136,0.1742826780021254,0.23802612481857766,,,bank_B,0.5331848004830508,0.09300208528943042,0.9689923995232606,0.24056603773584906,0.12171837708830549,0.16164817749603805,0.6922219806909561
2026-02-18T18:09:19.641944,7,Tuning Config 3,federated,47,0.002,512,adamw,0.0001,5,1.0,FedAvg,False,0.0,1.0,False,,,,,,0.37528604118993136,0.1742826780021254,0.23802612481857766,,,bank_C,0.6421082449431678,0.2503322723176197,0.9454406908813817,0.516042780748663,0.17771639042357273,0.26438356164383564,0.700452391977434
2026-02-18T18:09:20.626960,7,Tuning Config 3,federated,48,0.002,512,adamw,0.0001,5,1.0,FedAvg,False,0.0,1.0,False,0.7189782559871674,0.7189782559871674,0.9587610681906374,0.6657263901890748,0.0878428418227393,0.14375,0.048884165781083955,0.07295796986518636,,,,,,,,,,
2026-02-18T18:09:20.626960,7,Tuning Config 3,federated,48,0.002,512,adamw,0.0001,5,1.0,FedAvg,False,0.0,1.0,False,,,,,,0.14375,0.048884165781083955,0.07295796986518636,,,bank_A,0.5946161157179033,0.044477510834481905,0.9663540445486518,0.09289617486338798,0.04,0.05592105263157895,0.7097865498065948
2026-02-18T18:09:20.626960,7,Tuning Config 3,federated,48,0.002,512,adamw,0.0001,5,1.0,FedAvg,False,0.0,1.0,False,,,,,,0.14375,0.048884165781083955,0.07295796986518636,,,bank_B,0.5833887955197069,0.04336870627359794,0.9667454719524824,0.09618874773139746,0.042163882259347654,0.0586283185840708,0.707454714179039
2026-02-18T18:09:20.626960,7,Tuning Config 3,federated,48,0.002,512,adamw,0.0001,5,1.0,FedAvg,False,0.0,1.0,False,,,,,,0.14375,0.048884165781083955,0.07295796986518636,,,bank_C,0.6870274961811547,0.12116163259458834,0.9378714757429515,0.20474137931034483,0.043738489871086556,0.07207890743550835,0.745905711279287
2026-02-18T18:09:21.545378,7,Tuning Config 3,federated,49,0.002,512,adamw,0.0001,5,1.0,FedAvg,False,0.0,1.0,False,0.7072023036224502,0.7072023036224502,0.9597135499347373,0.5815155008060399,0.07915094829451388,0.1829652996845426,0.061636556854410204,0.09220985691573927,,,,,,,,,,
2026-02-18T18:09:21.545378,7,Tuning Config 3,federated,49,0.002,512,adamw,0.0001,5,1.0,FedAvg,False,0.0,1.0,False,,,,,,0.1829652996845426,0.061636556854410204,0.09220985691573927,,,bank_A,0.5734435112989189,0.04247479621916127,0.9666275889019148,0.1168141592920354,0.05176470588235294,0.07173913043478261,0.7049820739030838
2026-02-18T18:09:21.545378,7,Tuning Config 3,federated,49,0.002,512,adamw,0.0001,5,1.0,FedAvg,False,0.0,1.0,False,,,,,,0.1829652996845426,0.061636556854410204,0.09220985691573927,,,bank_B,0.5713379483991482,0.04555604010903389,0.9670776264629453,0.11090909090909092,0.04852824184566428,0.06751521859435529,0.7017999923229218
2026-02-18T18:09:21.545378,7,Tuning Config 3,federated,49,0.002,512,adamw,0.0001,5,1.0,FedAvg,False,0.0,1.0,False,,,,,,0.1829652996845426,0.061636556854410204,0.09220985691573927,,,bank_C,0.5226016255453247,0.10798602079414181,0.9387096774193548,0.25948103792415167,0.05985267034990792,0.09726898615787505,0.7178065010479519
2026-02-18T18:09:22.511403,7,Tuning Config 3,federated,50,0.002,512,adamw,0.0001,5,1.0,FedAvg,False,0.0,1.0,False,0.7026620698826653,0.7026620698826653,0.9584082971743042,0.5253781392301212,0.06484581730366719,0.10596026490066225,0.03400637619553666,0.05148833467417538,,,,,,,,,,
2026-02-18T18:09:22.511403,7,Tuning Config 3,federated,50,0.002,512,adamw,0.0001,5,1.0,FedAvg,False,0.0,1.0,False,,,,,,0.10596026490066225,0.03400637619553666,0.05148833467417538,,,bank_A,0.5311178140427596,0.03305705968735318,0.966021883548261,0.06060606060606061,0.025098039215686273,0.03549639489739324,0.7005998849868774
2026-02-18T18:09:22.511403,7,Tuning Config 3,federated,50,0.002,512,adamw,0.0001,5,1.0,FedAvg,False,0.0,1.0,False,,,,,,0.10596026490066225,0.03400637619553666,0.05148833467417538,,,bank_B,0.5399763886134769,0.03578321359970955,0.9662960864383268,0.05849056603773585,0.024661893396976928,0.03469501958589815,0.6978544503450393
2026-02-18T18:09:22.511403,7,Tuning Config 3,federated,50,0.002,512,adamw,0.0001,5,1.0,FedAvg,False,0.0,1.0,False,,,,,,0.10596026490066225,0.03400637619553666,0.05148833467417538,,,bank_C,0.5056224495029684,0.08615901104144008,0.93751587503175,0.18141592920353983,0.037753222836095765,0.0625,0.7121162863520832
2026-02-18T18:57:56.700412,8,Tuning Config 4,federated,0,0.001,512,sgd,1e-05,5,0.67,FedAvg,False,0.0,1.0,False,2.5869064160755704,2.5869064160755704,0.9668042473630366,0.6746457391250533,0.08182964890803451,0.0,0.0,0.0,,,,,,,,,,
2026-02-18T18:57:56.700412,8,Tuning Config 4,federated,0,0.001,512,sgd,1e-05,5,0.67,FedAvg,False,0.0,1.0,False,,,,,,0.0,0.0,0.0,,,bank_A,0.5782221829318842,0.04032979949031298,0.9750879249706916,0.0,0.0,0.0,2.310849838256836
2026-02-18T18:57:56.700412,8,Tuning Config 4,federated,0,0.001,512,sgd,1e-05,5,0.67,FedAvg,False,0.0,1.0,False,,,,,,0.0,0.0,0.0,,,bank_B,0.5710473953822699,0.037714801763352485,0.9754401047263633,0.0,0.0,0.0,2.035591104030609
2026-02-18T18:57:56.700412,8,Tuning Config 4,federated,0,0.001,512,sgd,1e-05,5,0.67,FedAvg,False,0.0,1.0,False,,,,,,0.0,0.0,0.0,,,bank_C,0.7367953528660574,0.1384495370102805,0.9448310896621793,0.0,0.0,0.0,3.615148048896294
2026-02-18T18:58:00.335539,8,Tuning Config 4,federated,1,0.001,512,sgd,1e-05,5,0.67,FedAvg,False,0.0,1.0,False,2.250313460826874,2.250313460826874,0.9668042473630366,0.7050532617608266,0.08848618589160365,0.0,0.0,0.0,,,,,,,,,,
2026-02-18T18:58:00.335539,8,Tuning Config 4,federated,1,0.001,512,sgd,1e-05,5,0.67,FedAvg,False,0.0,1.0,False,,,,,,0.0,0.0,0.0,,,bank_A,0.5992598957627335,0.04273766858561594,0.9750879249706916,0.0,0.0,0.0,1.954675360918045
2026-02-18T18:58:00.335539,8,Tuning Config 4,federated,1,0.001,512,sgd,1e-05,5,0.67,FedAvg,False,0.0,1.0,False,,,,,,0.0,0.0,0.0,,,bank_B,0.5878464064104566,0.040321022077290464,0.9754401047263633,0.0,0.0,0.0,1.7376223969459534
2026-02-18T18:58:00.335539,8,Tuning Config 4,federated,1,0.001,512,sgd,1e-05,5,0.67,FedAvg,False,0.0,1.0,False,,,,,,0.0,0.0,0.0,,,bank_C,0.7615545504981208,0.14471812124972497,0.9448310896621793,0.0,0.0,0.0,3.2644358145726193
2026-02-18T18:58:02.551733,8,Tuning Config 4,federated,2,0.001,512,sgd,1e-05,5,0.67,FedAvg,False,0.0,1.0,False,0.7460878917149135,0.7460878917149135,0.9605602003739373,0.6316014946811138,0.08683673513926946,0.21904761904761905,0.07332624867162593,0.10987261146496816,,,,,,,,,,
2026-02-18T18:58:02.551733,8,Tuning Config 4,federated,2,0.001,512,sgd,1e-05,5,0.67,FedAvg,False,0.0,1.0,False,,,,,,0.21904761904761905,0.07332624867162593,0.10987261146496816,,,bank_A,0.5823496172138828,0.05123660161179397,0.9667838999609223,0.12784588441331,0.05725490196078432,0.0790899241603467,0.7344156175851821
2026-02-18T18:58:02.551733,8,Tuning Config 4,federated,2,0.001,512,sgd,1e-05,5,0.67,FedAvg,False,0.0,1.0,False,,,,,,0.21904761904761905,0.07332624867162593,0.10987261146496816,,,bank_B,0.5650048933567566,0.04907866745510502,0.9672730114690998,0.1396551724137931,0.06443914081145585,0.08818726183995645,0.7181534379720688
2026-02-18T18:58:02.551733,8,Tuning Config 4,federated,2,0.001,512,sgd,1e-05,5,0.67,FedAvg,False,0.0,1.0,False,,,,,,0.21904761904761905,0.07332624867162593,0.10987261146496816,,,bank_C,0.6319805011398364,0.13971747328971662,0.9427228854457709,0.42628774422735344,0.11049723756906077,0.17550274223034734,0.8091779653128092
2026-02-18T18:58:03.636782,8,Tuning Config 4,federated,3,0.001,512,sgd,1e-05,5,0.67,FedAvg,False,0.0,1.0,False,0.6971881975020681,0.6971881975020681,0.9586199597841042,0.44201381082495256,0.047676063897089095,0.07037037037037037,0.020191285866099893,0.03137902559867878,,,,,,,,,,
2026-02-18T18:58:03.636782,8,Tuning Config 4,federated,3,0.001,512,sgd,1e-05,5,0.67,FedAvg,False,0.0,1.0,False,,,,,,0.07037037037037037,0.020191285866099893,0.03137902559867878,,,bank_A,0.47194113521573333,0.03386316567995984,0.9662368112543962,0.08133086876155268,0.034509803921568626,0.048458149779735685,0.6517734271287918
2026-02-18T18:58:03.636782,8,Tuning Config 4,federated,3,0.001,512,sgd,1e-05,5,0.67,FedAvg,False,0.0,1.0,False,,,,,,0.07037037037037037,0.020191285866099893,0.03137902559867878,,,bank_B,0.47612833718867636,0.04881349953818004,0.9674683964752545,0.14705882352941177,0.06762132060461416,0.09264305177111716,0.6490170270204544
2026-02-18T18:58:03.636782,8,Tuning Config 4,federated,3,0.001,512,sgd,1e-05,5,0.67,FedAvg,False,0.0,1.0,False,,,,,,0.07037037037037037,0.020191285866099893,0.03137902559867878,,,bank_C,0.4001148240410161,0.05780908111319684,0.9364236728473457,0.09732360097323602,0.01841620626151013,0.03097173828881146,0.8080850708020197
2026-02-18T18:58:08.355085,8,Tuning Config 4,federated,4,0.001,512,sgd,1e-05,5,0.67,FedAvg,False,0.0,1.0,False,0.685541213623115,0.685541213623115,0.9575616467351042,0.4300439419123918,0.03896197413503223,0.02877697841726619,0.008501594048884165,0.013125512715340444,,,,,,,,,,
2026-02-18T18:58:08.355085,8,Tuning Config 4,federated,4,0.001,512,sgd,1e-05,5,0.67,FedAvg,False,0.0,1.0,False,,,,,,0.02877697841726619,0.008501594048884165,0.013125512715340444,,,bank_A,0.43578260656030776,0.030282791314599,0.9661391168425166,0.06792452830188679,0.02823529411764706,0.039889196675900275,0.6476222479343414
2026-02-18T18:58:08.355085,8,Tuning Config 4,federated,4,0.001,512,sgd,1e-05,5,0.67,FedAvg,False,0.0,1.0,False,,,,,,0.02877697841726619,0.008501594048884165,0.013125512715340444,,,bank_B,0.43697221686271004,0.036522076843953415,0.9669213184580215,0.11209964412811388,0.050119331742243436,0.06926882902693787,0.6483744537830353
2026-02-18T18:58:08.355085,8,Tuning Config 4,federated,4,0.001,512,sgd,1e-05,5,0.67,FedAvg,False,0.0,1.0,False,,,,,,0.02877697841726619,0.008501594048884165,0.013125512715340444,,,bank_C,0.4053442433933506,0.0533505816000658,0.9405892811785623,0.07179487179487179,0.006445672191528545,0.011829319814110688,0.776254886930639
2026-02-18T18:58:18.083546,8,Tuning Config 4,federated,5,0.001,512,sgd,1e-05,5,0.67,FedAvg,False,0.0,1.0,False,0.7785935252904892,0.7785935252904892,0.9592196705118707,0.6556737693980617,0.0764822971156302,0.16923076923076924,0.05844845908607864,0.08688783570300158,,,,,,,,,,
2026-02-18T18:58:18.083546,8,Tuning Config 4,federated,5,0.001,512,sgd,1e-05,5,0.67,FedAvg,False,0.0,1.0,False,,,,,,0.16923076923076924,0.05844845908607864,0.08688783570300158,,,bank_A,0.5624934434248602,0.04304231866970412,0.9665103556076592,0.1073345259391771,0.047058823529411764,0.06543075245365322,0.7436289805173874
2026-02-18T18:58:18.083546,8,Tuning Config 4,federated,5,0.001,512,sgd,1e-05,5,0.67,FedAvg,False,0.0,1.0,False,,,,,,0.16923076923076924,0.05844845908607864,0.08688783570300158,,,bank_B,0.5506804471675227,0.042825437096102786,0.9669603954592525,0.1111111111111111,0.049323786793953855,0.06831955922865014,0.7318335682153702
2026-02-18T18:58:18.083546,8,Tuning Config 4,federated,5,0.001,512,sgd,1e-05,5,0.67,FedAvg,False,0.0,1.0,False,,,,,,0.16923076923076924,0.05844845908607864,0.08688783570300158,,,bank_C,0.660896502089213,0.10387198605300384,0.938252476504953,0.23076923076923078,0.05110497237569061,0.08367885412740295,0.884917249927273
2026-02-18T18:58:20.795222,8,Tuning Config 4,federated,6,0.001,512,sgd,1e-05,5,0.67,FedAvg,False,0.0,1.0,False,0.669985009091241,0.669985009091241,0.9616890676262039,0.4238948389172674,0.06278281387715691,0.21115537848605578,0.0563230605738576,0.08892617449664429,,,,,,,,,,
2026-02-18T18:58:20.795222,8,Tuning Config 4,federated,6,0.001,512,sgd,1e-05,5,0.67,FedAvg,False,0.0,1.0,False,,,,,,0.21115537848605578,0.0563230605738576,0.08892617449664429,,,bank_A,0.4536198227612857,0.034356531575224857,0.9664126611957796,0.0948905109489051,0.0407843137254902,0.05704882062534284,0.6609402996301651
2026-02-18T18:58:20.795222,8,Tuning Config 4,federated,6,0.001,512,sgd,1e-05,5,0.67,FedAvg,False,0.0,1.0,False,,,,,,0.21115537848605578,0.0563230605738576,0.08892617449664429,,,bank_B,0.4653673902549856,0.045997921960808597,0.9673902424727926,0.14846416382252559,0.06921241050119331,0.09441128594682582,0.6624482876062393
2026-02-18T18:58:20.795222,8,Tuning Config 4,federated,6,0.001,512,sgd,1e-05,5,0.67,FedAvg,False,0.0,1.0,False,,,,,,0.21115537848605578,0.0563230605738576,0.08892617449664429,,,bank_C,0.38885833383584556,0.09525348029055003,0.9397002794005588,0.2860169491525424,0.062154696132596686,0.1021180030257186,0.6891170577569441
2026-02-18T18:58:21.833984,8,Tuning Config 4,federated,7,0.001,512,sgd,1e-05,5,0.67,FedAvg,False,0.0,1.0,False,0.817571362214429,0.817571362214429,0.9590432850037041,0.6626223203448472,0.07148803691957856,0.1518987341772152,0.05100956429330499,0.07637231503579953,,,,,,,,,,
2026-02-18T18:58:21.833984,8,Tuning Config 4,federated,7,0.001,512,sgd,1e-05,5,0.67,FedAvg,False,0.0,1.0,False,,,,,,0.1518987341772152,0.05100956429330499,0.07637231503579953,,,bank_A,0.5584324255300758,0.038354943619438385,0.9661977334896444,0.07948243992606285,0.03372549019607843,0.0473568281938326,0.7940457838773728
2026-02-18T18:58:21.833984,8,Tuning Config 4,federated,7,0.001,512,sgd,1e-05,5,0.67,FedAvg,False,0.0,1.0,False,,,,,,0.1518987341772152,0.05100956429330499,0.07637231503579953,,,bank_B,0.5394319891294433,0.03514278554969526,0.9664523944432504,0.0724907063197026,0.031026252983293555,0.043454038997214485,0.7849630266427994
2026-02-18T18:58:21.833984,8,Tuning Config 4,federated,7,0.001,512,sgd,1e-05,5,0.67,FedAvg,False,0.0,1.0,False,,,,,,0.1518987341772152,0.05100956429330499,0.07637231503579953,,,bank_C,0.6979724783219202,0.11580921332813825,0.9381254762509526,0.21551724137931033,0.04604051565377532,0.07587253414264036,0.8935822751614955
2026-02-18T18:58:22.894379,8,Tuning Config 4,federated,8,0.001,512,sgd,1e-05,5,0.67,FedAvg,False,0.0,1.0,False,0.6622581758669445,0.6622581758669445,0.9606307545772039,0.5030959462401207,0.09851001644474365,0.26287262872628725,0.1030818278427205,0.1480916030534351,,,,,,,,,,
2026-02-18T18:58:22.894379,8,Tuning Config 4,federated,8,0.001,512,sgd,1e-05,5,0.67,FedAvg,False,0.0,1.0,False,,,,,,0.26287262872628725,0.1030818278427205,0.1480916030534351,,,bank_A,0.5604221746809134,0.05318123617952608,0.9667838999609223,0.12255772646536411,0.05411764705882353,0.0750816104461371,0.6744268310070037
2026-02-18T18:58:22.894379,8,Tuning Config 4,federated,8,0.001,512,sgd,1e-05,5,0.67,FedAvg,False,0.0,1.0,False,,,,,,0.26287262872628725,0.1030818278427205,0.1480916030534351,,,bank_B,0.5382233899265947,0.05330191393693168,0.967448857974639,0.15280135823429541,0.07159904534606205,0.09750812567713976,0.6693287789821625
2026-02-18T18:58:22.894379,8,Tuning Config 4,federated,8,0.001,512,sgd,1e-05,5,0.67,FedAvg,False,0.0,1.0,False,,,,,,0.26287262872628725,0.1030818278427205,0.1480916030534351,,,bank_C,0.4292697905895453,0.1455918371246906,0.9414782829565659,0.3910891089108911,0.10911602209944751,0.17062634989200864,0.6443377028812062
2026-02-18T18:58:23.985205,8,Tuning Config 4,federated,9,0.001,512,sgd,1e-05,5,0.67,FedAvg,False,0.0,1.0,False,0.6880124349679265,0.6880124349679265,0.9589021765971708,0.5238863236740126,0.06963691812338452,0.14331210191082802,0.04782146652497343,0.07171314741035857,,,,,,,,,,
2026-02-18T18:58:23.985205,8,Tuning Config 4,federated,9,0.001,512,sgd,1e-05,5,0.67,FedAvg,False,0.0,1.0,False,,,,,,0.14331210191082802,0.04782146652497343,0.07171314741035857,,,bank_A,0.5546834986474302,0.03761143489671817,0.9661000390777648,0.0724907063197026,0.03058823529411765,0.04302261445118588,0.6959665161371231
2026-02-18T18:58:23.985205,8,Tuning Config 4,federated,9,0.001,512,sgd,1e-05,5,0.67,FedAvg,False,0.0,1.0,False,,,,,,0.14331210191082802,0.04782146652497343,0.07171314741035857,,,bank_B,0.5411639534574654,0.03556931710746232,0.966393778941404,0.05394990366088632,0.022275258552108195,0.03153153153153153,0.6882989597320557
2026-02-18T18:58:23.985205,8,Tuning Config 4,federated,9,0.001,512,sgd,1e-05,5,0.67,FedAvg,False,0.0,1.0,False,,,,,,0.14331210191082802,0.04782146652497343,0.07171314741035857,,,bank_C,0.4403427462535116,0.11300361628281083,0.9392176784353569,0.28790786948176583,0.06906077348066299,0.11139992573338285,0.6854578210161878
2026-02-18T18:58:25.222397,8,Tuning Config 4,federated,10,0.001,512,sgd,1e-05,5,0.67,FedAvg,False,0.0,1.0,False,0.7027590157730239,0.7027590157730239,0.962570995167037,0.6202996807249094,0.15987571917814478,0.3598130841121495,0.1636556854410202,0.22498173849525202,,,,,,,,,,
2026-02-18T18:58:25.222397,8,Tuning Config 4,federated,10,0.001,512,sgd,1e-05,5,0.67,FedAvg,False,0.0,1.0,False,,,,,,0.3598130841121495,0.1636556854410202,0.22498173849525202,,,bank_A,0.5660246625451103,0.05933160696864756,0.9675459163735834,0.17940199335548174,0.08470588235294117,0.11507725093233884,0.7036768674850464
2026-02-18T18:58:25.222397,8,Tuning Config 4,federated,10,0.001,512,sgd,1e-05,5,0.67,FedAvg,False,0.0,1.0,False,,,,,,0.3598130841121495,0.1636556854410202,0.22498173849525202,,,bank_B,0.5553917770444649,0.05478531090022773,0.9676051659795627,0.15843270868824533,0.07398568019093078,0.10086767895878525,0.6968158292770386
2026-02-18T18:58:25.222397,8,Tuning Config 4,federated,10,0.001,512,sgd,1e-05,5,0.67,FedAvg,False,0.0,1.0,False,,,,,,0.3598130841121495,0.1636556854410202,0.22498173849525202,,,bank_C,0.6494408264390144,0.25557292077811933,0.9453136906273812,0.5125164690382081,0.179097605893186,0.26543841692255205,0.7136745189691519
2026-02-18T18:58:26.433941,8,Tuning Config 4,federated,11,0.001,512,sgd,1e-05,5,0.67,FedAvg,False,0.0,1.0,False,0.7304455105747495,0.7304455105747495,0.9621829470490705,0.645558893492997,0.13967466242170462,0.34292565947242204,0.15196599362380447,0.2106038291605302,,,,,,,,,,
2026-02-18T18:58:26.433941,8,Tuning Config 4,federated,11,0.001,512,sgd,1e-05,5,0.67,FedAvg,False,0.0,1.0,False,,,,,,0.34292565947242204,0.15196599362380447,0.2106038291605302,,,bank_A,0.5779776791590296,0.056820219878715605,0.9672332942555686,0.16047297297297297,0.07450980392156863,0.10176754151044456,0.7261408162117005
2026-02-18T18:58:26.433941,8,Tuning Config 4,federated,11,0.001,512,sgd,1e-05,5,0.67,FedAvg,False,0.0,1.0,False,,,,,,0.34292565947242204,0.15196599362380447,0.2106038291605302,,,bank_B,0.5759019660560265,0.04909490500129744,0.967448857974639,0.15280135823429541,0.07159904534606205,0.09750812567713976,0.7207780009508133
2026-02-18T18:58:26.433941,8,Tuning Config 4,federated,11,0.001,512,sgd,1e-05,5,0.67,FedAvg,False,0.0,1.0,False,,,,,,0.34292565947242204,0.15196599362380447,0.2106038291605302,,,bank_C,0.6850584899463397,0.2365548805394737,0.9443484886969774,0.48675034867503486,0.16068139963167588,0.2416060920733818,0.7532136192569485
2026-02-18T18:58:27.418763,8,Tuning Config 4,federated,12,0.001,512,sgd,1e-05,5,0.67,FedAvg,False,0.0,1.0,False,0.8297109699675015,0.8297109699675015,0.9596077186298374,0.6880627534651729,0.08933478534847901,0.19642857142857142,0.07013815090329437,0.1033672670321065,,,,,,,,,,
2026-02-18T18:58:27.418763,8,Tuning Config 4,federated,12,0.001,512,sgd,1e-05,5,0.67,FedAvg,False,0.0,1.0,False,,,,,,0.19642857142857142,0.07013815090329437,0.1033672670321065,,,bank_A,0.5915802220296995,0.04227872775035568,0.9662172723720204,0.08272058823529412,0.03529411764705882,0.04947773501924134,0.8041045624017715
2026-02-18T18:58:27.418763,8,Tuning Config 4,federated,12,0.001,512,sgd,1e-05,5,0.67,FedAvg,False,0.0,1.0,False,,,,,,0.19642857142857142,0.07013815090329437,0.1033672670321065,,,bank_B,0.5882742484566996,0.04076853327549037,0.966686856450636,0.09124087591240876,0.03977724741447892,0.055401662049861494,0.7854881447553634
2026-02-18T18:58:27.418763,8,Tuning Config 4,federated,12,0.001,512,sgd,1e-05,5,0.67,FedAvg,False,0.0,1.0,False,,,,,,0.19642857142857142,0.07013815090329437,0.1033672670321065,,,bank_C,0.7386246396640862,0.14393826422801806,0.9393446786893573,0.28225806451612906,0.06445672191528545,0.10494752623688156,0.9232243353670294
2026-02-18T18:58:28.409744,8,Tuning Config 4,federated,13,0.001,512,sgd,1e-05,5,0.67,FedAvg,False,0.0,1.0,False,0.749374912253448,0.749374912253448,0.9610188026951706,0.6879302165733466,0.1177343652259148,0.2864583333333333,0.11689691817215728,0.1660377358490566,,,,,,,,,,
2026-02-18T18:58:28.409744,8,Tuning Config 4,federated,13,0.001,512,sgd,1e-05,5,0.67,FedAvg,False,0.0,1.0,False,,,,,,0.2864583333333333,0.11689691817215728,0.1660377358490566,,,bank_A,0.5931746632326914,0.05048121779522839,0.9669011332551778,0.1369150779896014,0.06196078431372549,0.08531317494600432,0.7398440414667129
2026-02-18T18:58:28.409744,8,Tuning Config 4,federated,13,0.001,512,sgd,1e-05,5,0.67,FedAvg,False,0.0,1.0,False,,,,,,0.2864583333333333,0.11689691817215728,0.1660377358490566,,,bank_B,0.5896071415982685,0.04608587973379685,0.9671557804654071,0.1267605633802817,0.057279236276849645,0.0789041095890411,0.730675910115242
2026-02-18T18:58:28.409744,8,Tuning Config 4,federated,13,0.001,512,sgd,1e-05,5,0.67,FedAvg,False,0.0,1.0,False,,,,,,0.2864583333333333,0.11689691817215728,0.1660377358490566,,,bank_C,0.7454628221660267,0.20225060685657148,0.9425704851409703,0.43164362519201227,0.12937384898710866,0.19907899397803755,0.7913649577599067
2026-02-18T18:58:29.551511,8,Tuning Config 4,federated,14,0.001,512,sgd,1e-05,5,0.67,FedAvg,False,0.0,1.0,False,0.7639651958431516,0.7639651958431516,0.9610188026951706,0.6873851401870391,0.13319166751853048,0.2864583333333333,0.11689691817215728,0.1660377358490566,,,,,,,,,,
2026-02-18T18:58:29.551511,8,Tuning Config 4,federated,14,0.001,512,sgd,1e-05,5,0.67,FedAvg,False,0.0,1.0,False,,,,,,0.2864583333333333,0.11689691817215728,0.1660377358490566,,,bank_A,0.5825861057578025,0.059648586255288946,0.9672332942555686,0.16275167785234898,0.07607843137254902,0.1036878674505612,0.748831969499588
2026-02-18T18:58:29.551511,8,Tuning Config 4,federated,14,0.001,512,sgd,1e-05,5,0.67,FedAvg,False,0.0,1.0,False,,,,,,0.2864583333333333,0.11689691817215728,0.1660377358490566,,,bank_B,0.5779531347473139,0.05104736382455172,0.9674683964752545,0.15306122448979592,0.07159904534606205,0.0975609756097561,0.733271124958992
2026-02-18T18:58:29.551511,8,Tuning Config 4,federated,14,0.001,512,sgd,1e-05,5,0.67,FedAvg,False,0.0,1.0,False,,,,,,0.2864583333333333,0.11689691817215728,0.1660377358490566,,,bank_C,0.7597705454965646,0.21340630214456485,0.9409702819405639,0.3711864406779661,0.10082872928176796,0.15858073859522084,0.8248065121762165
2026-02-18T18:58:30.975740,8,Tuning Config 4,federated,15,0.001,512,sgd,1e-05,5,0.67,FedAvg,False,0.0,1.0,False,0.6574809317077909,0.6574809317077909,0.9603485377641373,0.5870051765389073,0.11187219285017035,0.2493150684931507,0.09670563230605739,0.13935681470137826,,,,,,,,,,
2026-02-18T18:58:30.975740,8,Tuning Config 4,federated,15,0.001,512,sgd,1e-05,5,0.67,FedAvg,False,0.0,1.0,False,,,,,,0.2493150684931507,0.09670563230605739,0.13935681470137826,,,bank_A,0.550617514453933,0.054358241390582665,0.9673700664322,0.1713810316139767,0.08078431372549019,0.10980810234541578,0.6483383029699326
2026-02-18T18:58:30.975740,8,Tuning Config 4,federated,15,0.001,512,sgd,1e-05,5,0.67,FedAvg,False,0.0,1.0,False,,,,,,0.2493150684931507,0.09670563230605739,0.13935681470137826,,,bank_B,0.5505326887640893,0.05296633224176175,0.9676833199820246,0.16298811544991512,0.07637231503579953,0.10400866738894908,0.6504701745510101
2026-02-18T18:58:30.975740,8,Tuning Config 4,federated,15,0.001,512,sgd,1e-05,5,0.67,FedAvg,False,0.0,1.0,False,,,,,,0.2493150684931507,0.09670563230605739,0.13935681470137826,,,bank_C,0.6100206864227735,0.178267889273668,0.9418084836169672,0.40229885057471265,0.11279926335174954,0.17619561308881698,0.6800153000014169
2026-02-18T18:58:32.132490,8,Tuning Config 4,federated,16,0.001,512,sgd,1e-05,5,0.67,FedAvg,False,0.0,1.0,False,0.6733057743736676,0.6733057743736676,0.9630295974882703,0.6585038275553117,0.1748619857786276,0.37411764705882355,0.1689691817215728,0.232796486090776,,,,,,,,,,
2026-02-18T18:58:32.132490,8,Tuning Config 4,federated,16,0.001,512,sgd,1e-05,5,0.67,FedAvg,False,0.0,1.0,False,,,,,,0.37411764705882355,0.1689691817215728,0.232796486090776,,,bank_A,0.5828609180973261,0.06706436261141334,0.9678389996092224,0.1983739837398374,0.09568627450980392,0.1291005291005291,0.6696622812747955
2026-02-18T18:58:32.132490,8,Tuning Config 4,federated,16,0.001,512,sgd,1e-05,5,0.67,FedAvg,False,0.0,1.0,False,,,,,,0.37411764705882355,0.1689691817215728,0.232796486090776,,,bank_B,0.5726008624597057,0.05859143962747057,0.9676637814814091,0.16385135135135134,0.07716785998408911,0.10492157923201731,0.672207030057907
2026-02-18T18:58:32.132490,8,Tuning Config 4,federated,16,0.001,512,sgd,1e-05,5,0.67,FedAvg,False,0.0,1.0,False,,,,,,0.37411764705882355,0.1689691817215728,0.232796486090776,,,bank_C,0.6824699455613418,0.2736087181466144,0.9473456946913894,0.558858501783591,0.21639042357274402,0.31198141387321604,0.6852111166173761
2026-02-18T18:58:33.492592,8,Tuning Config 4,federated,17,0.001,512,sgd,1e-05,5,0.67,FedAvg,False,0.0,1.0,False,0.6391624936035701,0.6391624936035701,0.9609482484919039,0.4971835134963892,0.08601248760981207,0.17578125,0.04782146652497343,0.07518796992481203,,,,,,,,,,
2026-02-18T18:58:33.492592,8,Tuning Config 4,federated,17,0.001,512,sgd,1e-05,5,0.67,FedAvg,False,0.0,1.0,False,,,,,,0.17578125,0.04782146652497343,0.07518796992481203,,,bank_A,0.48423131793544993,0.05204443467355039,0.967096522078937,0.15280135823429541,0.07058823529411765,0.09656652360515021,0.6345594239234924
2026-02-18T18:58:33.492592,8,Tuning Config 4,federated,17,0.001,512,sgd,1e-05,5,0.67,FedAvg,False,0.0,1.0,False,,,,,,0.17578125,0.04782146652497343,0.07518796992481203,,,bank_B,0.502761540421313,0.053367504017606746,0.9679763974912565,0.17406143344709898,0.081145584725537,0.11068909386869234,0.639017453789711
2026-02-18T18:58:33.492592,8,Tuning Config 4,federated,17,0.001,512,sgd,1e-05,5,0.67,FedAvg,False,0.0,1.0,False,,,,,,0.17578125,0.04782146652497343,0.07518796992481203,,,bank_C,0.5054268348651787,0.13784444137939533,0.9429260858521717,0.4179431072210066,0.08793738489871086,0.14530239634842146,0.6496102624125295
2026-02-18T18:58:36.449564,8,Tuning Config 4,federated,18,0.001,512,sgd,1e-05,5,0.67,FedAvg,False,0.0,1.0,False,0.6262490568416459,0.6262490568416459,0.9617596218294705,0.4828761792894549,0.09520636771953143,0.2576271186440678,0.08076514346439957,0.12297734627831715,,,,,,,,,,
2026-02-18T18:58:36.449564,8,Tuning Config 4,federated,18,0.001,512,sgd,1e-05,5,0.67,FedAvg,False,0.0,1.0,False,,,,,,0.2576271186440678,0.08076514346439957,0.12297734627831715,,,bank_A,0.4963476644840884,0.058653673889914194,0.9675654552559594,0.1828665568369028,0.08705882352941176,0.1179596174282678,0.6259536075592042
2026-02-18T18:58:36.449564,8,Tuning Config 4,federated,18,0.001,512,sgd,1e-05,5,0.67,FedAvg,False,0.0,1.0,False,,,,,,0.2576271186440678,0.08076514346439957,0.12297734627831715,,,bank_B,0.5084885270639216,0.06836770988293131,0.9680154744924875,0.19155844155844157,0.09387430389817025,0.12600106780565937,0.6297744649648667
2026-02-18T18:58:36.449564,8,Tuning Config 4,federated,18,0.001,512,sgd,1e-05,5,0.67,FedAvg,False,0.0,1.0,False,,,,,,0.2576271186440678,0.08076514346439957,0.12297734627831715,,,bank_C,0.44511347468432577,0.12508386463268087,0.9404114808229617,0.3462897526501767,0.09023941068139964,0.14317019722425128,0.6253658455687684
2026-02-18T18:58:37.398926,8,Tuning Config 4,federated,19,0.001,512,sgd,1e-05,5,0.67,FedAvg,False,0.0,1.0,False,0.7556558698415756,0.7556558698415756,0.959995766747804,0.6422037092802889,0.09710944681449912,0.22816901408450704,0.08607863974495218,0.125,,,,,,,,,,
2026-02-18T18:58:37.398926,8,Tuning Config 4,federated,19,0.001,512,sgd,1e-05,5,0.67,FedAvg,False,0.0,1.0,False,,,,,,0.22816901408450704,0.08607863974495218,0.125,,,bank_A,0.5740120503466389,0.049134306261162705,0.96684251660805,0.13368055555555555,0.0603921568627451,0.08319827120475419,0.7381144815683365
2026-02-18T18:58:37.398926,8,Tuning Config 4,federated,19,0.001,512,sgd,1e-05,5,0.67,FedAvg,False,0.0,1.0,False,,,,,,0.22816901408450704,0.08607863974495218,0.125,,,bank_B,0.5618647982164393,0.04382707675065904,0.9671362419647916,0.1265377855887522,0.057279236276849645,0.07886089813800658,0.7314219433069229
2026-02-18T18:58:37.398926,8,Tuning Config 4,federated,19,0.001,512,sgd,1e-05,5,0.67,FedAvg,False,0.0,1.0,False,,,,,,0.22816901408450704,0.08607863974495218,0.125,,,bank_C,0.69875732566267,0.1540548102890458,0.9391922783845568,0.28488372093023256,0.06767955801104972,0.109375,0.8116786766361881
2026-02-18T18:58:38.290891,8,Tuning Config 4,federated,20,0.001,512,sgd,1e-05,5,0.67,FedAvg,False,0.0,1.0,False,0.8157503030129841,0.8157503030129841,0.9602779835608707,0.6329783777189741,0.09156723793561797,0.24089635854341737,0.09139213602550478,0.1325115562403698,,,,,,,,,,
2026-02-18T18:58:38.290891,8,Tuning Config 4,federated,20,0.001,512,sgd,1e-05,5,0.67,FedAvg,False,0.0,1.0,False,,,,,,0.24089635854341737,0.09139213602550478,0.1325115562403698,,,bank_A,0.566631713982056,0.04562344120998618,0.9666862055490426,0.12147887323943662,0.05411764705882353,0.074877916440586,0.8012747639417648
2026-02-18T18:58:38.290891,8,Tuning Config 4,federated,20,0.001,512,sgd,1e-05,5,0.67,FedAvg,False,0.0,1.0,False,,,,,,0.24089635854341737,0.09139213602550478,0.1325115562403698,,,bank_B,0.555156359543993,0.04152763502115868,0.966940856958637,0.11367673179396093,0.05091487669053302,0.07032967032967033,0.7899759435653686
2026-02-18T18:58:38.290891,8,Tuning Config 4,federated,20,0.001,512,sgd,1e-05,5,0.67,FedAvg,False,0.0,1.0,False,,,,,,0.24089635854341737,0.09139213602550478,0.1325115562403698,,,bank_C,0.6787439412622136,0.14868743098881543,0.9397764795529591,0.31675874769797424,0.07918968692449356,0.12670349907918968,0.8720727090711717
2026-02-18T18:58:39.283169,8,Tuning Config 4,federated,21,0.001,512,sgd,1e-05,5,0.67,FedAvg,False,0.0,1.0,False,0.64600884275777,0.64600884275777,0.9635940311144037,0.5521174571560343,0.18371500417550823,0.40043763676148797,0.1944739638682253,0.26180257510729615,,,,,,,,,,
2026-02-18T18:58:39.283169,8,Tuning Config 4,federated,21,0.001,512,sgd,1e-05,5,0.67,FedAvg,False,0.0,1.0,False,,,,,,0.40043763676148797,0.1944739638682253,0.26180257510729615,,,bank_A,0.5612406552842557,0.09619849012885674,0.9684056271981243,0.23853211009174313,0.1223529411764706,0.16174183514774496,0.6587550699710846
2026-02-18T18:58:39.283169,8,Tuning Config 4,federated,21,0.001,512,sgd,1e-05,5,0.67,FedAvg,False,0.0,1.0,False,,,,,,0.40043763676148797,0.1944739638682253,0.26180257510729615,,,bank_B,0.5322259603889877,0.07812609773529441,0.9681327054961802,0.19935691318327975,0.09864757358790771,0.13198509845662587,0.6637291842699051
2026-02-18T18:58:39.283169,8,Tuning Config 4,federated,21,0.001,512,sgd,1e-05,5,0.67,FedAvg,False,0.0,1.0,False,,,,,,0.40043763676148797,0.1944739638682253,0.26180257510729615,,,bank_C,0.5454070903433788,0.2557857321902446,0.9470154940309881,0.5521844660194175,0.2094843462246777,0.3037383177570093,0.6115836176005277
2026-02-18T18:58:40.184728,8,Tuning Config 4,federated,22,0.001,512,sgd,1e-05,5,0.67,FedAvg,False,0.0,1.0,False,0.6231473982334137,0.6231473982334137,0.9646876212650368,0.5397615910258953,0.198482265918136,0.4372384937238494,0.22210414452709884,0.29457364341085274,,,,,,,,,,
2026-02-18T18:58:40.184728,8,Tuning Config 4,federated,22,0.001,512,sgd,1e-05,5,0.67,FedAvg,False,0.0,1.0,False,,,,,,0.4372384937238494,0.22210414452709884,0.29457364341085274,,,bank_A,0.5411738459936625,0.09325932149218963,0.9687182493161391,0.2559880239520958,0.13411764705882354,0.17601646937725168,0.6355662506818771
2026-02-18T18:58:40.184728,8,Tuning Config 4,federated,22,0.001,512,sgd,1e-05,5,0.67,FedAvg,False,0.0,1.0,False,,,,,,0.4372384937238494,0.22210414452709884,0.29457364341085274,,,bank_B,0.5266822754357507,0.07581748178851323,0.9686602450127977,0.2197092084006462,0.10819411296738266,0.14498933901918976,0.6443837368488312
2026-02-18T18:58:40.184728,8,Tuning Config 4,federated,22,0.001,512,sgd,1e-05,5,0.67,FedAvg,False,0.0,1.0,False,,,,,,0.4372384937238494,0.22210414452709884,0.29457364341085274,,,bank_C,0.5626628647038093,0.29371806305258485,0.951231902463805,0.6267605633802817,0.2868324125230203,0.39355653821857234,0.581760569826349
2026-02-18T18:58:43.348857,8,Tuning Config 4,federated,23,0.001,512,sgd,1e-05,5,0.67,FedAvg,False,0.0,1.0,False,0.6493029445409775,0.6493029445409775,0.9622535012523371,0.5365291333382398,0.1585463424886594,0.3460620525059666,0.15409139213602552,0.21323529411764705,,,,,,,,,,
2026-02-18T18:58:43.348857,8,Tuning Config 4,federated,23,0.001,512,sgd,1e-05,5,0.67,FedAvg,False,0.0,1.0,False,,,,,,0.3460620525059666,0.15409139213602552,0.21323529411764705,,,bank_A,0.5250208729920182,0.0597037768251106,0.9671746776084408,0.15384615384615385,0.07058823529411765,0.0967741935483871,0.6592082172632218
2026-02-18T18:58:43.348857,8,Tuning Config 4,federated,23,0.001,512,sgd,1e-05,5,0.67,FedAvg,False,0.0,1.0,False,,,,,,0.3460620525059666,0.15409139213602552,0.21323529411764705,,,bank_B,0.5093340684523053,0.052674949169822544,0.9670385494617143,0.12014134275618374,0.05409705648369133,0.0746023038946791,0.6664931297302246
2026-02-18T18:58:43.348857,8,Tuning Config 4,federated,23,0.001,512,sgd,1e-05,5,0.67,FedAvg,False,0.0,1.0,False,,,,,,0.3460620525059666,0.15409139213602552,0.21323529411764705,,,bank_C,0.5556786504195309,0.2658906595489868,0.947752095504191,0.5675675675675675,0.2223756906077348,0.3195501157790275,0.6170382755143302
2026-02-18T18:58:46.730064,8,Tuning Config 4,federated,24,0.001,512,sgd,1e-05,5,0.67,FedAvg,False,0.0,1.0,False,0.6954439101474625,0.6954439101474625,0.9621476699474372,0.6057430546286979,0.15278194794972497,0.34134615384615385,0.15090329436769395,0.2092851879145173,,,,,,,,,,
2026-02-18T18:58:46.730064,8,Tuning Config 4,federated,24,0.001,512,sgd,1e-05,5,0.67,FedAvg,False,0.0,1.0,False,,,,,,0.34134615384615385,0.15090329436769395,0.2092851879145173,,,bank_A,0.5736641658366584,0.06694248940077156,0.9675459163735834,0.184640522875817,0.08862745098039215,0.1197668256491786,0.7051327437162399
2026-02-18T18:58:46.730064,8,Tuning Config 4,federated,24,0.001,512,sgd,1e-05,5,0.67,FedAvg,False,0.0,1.0,False,,,,,,0.34134615384615385,0.15090329436769395,0.2092851879145173,,,bank_B,0.5515558669065603,0.05540042205280375,0.9674293194740236,0.15136054421768708,0.07080350039777247,0.09647696476964769,0.7070755100250244
2026-02-18T18:58:46.730064,8,Tuning Config 4,federated,24,0.001,512,sgd,1e-05,5,0.67,FedAvg,False,0.0,1.0,False,,,,,,0.34134615384615385,0.15090329436769395,0.2092851879145173,,,bank_C,0.6302260651451884,0.24624447419419795,0.9447802895605791,0.4986449864498645,0.1694290976058932,0.2529209621993127,0.6726918708194386
2026-02-18T18:58:47.618541,8,Tuning Config 4,federated,25,0.001,512,sgd,1e-05,5,0.67,FedAvg,False,0.0,1.0,False,0.6456957012414932,0.6456957012414932,0.9646876212650368,0.5627572070715605,0.21320410383013916,0.4385245901639344,0.22741764080765142,0.2995101469559132,,,,,,,,,,
2026-02-18T18:58:47.618541,8,Tuning Config 4,federated,25,0.001,512,sgd,1e-05,5,0.67,FedAvg,False,0.0,1.0,False,,,,,,0.4385245901639344,0.22741764080765142,0.2995101469559132,,,bank_A,0.5557247004602863,0.09849385381662636,0.9690894880812817,0.2705530642750374,0.1419607843137255,0.18621399176954734,0.6545463830232621
2026-02-18T18:58:47.618541,8,Tuning Config 4,federated,25,0.001,512,sgd,1e-05,5,0.67,FedAvg,False,0.0,1.0,False,,,,,,0.4385245901639344,0.22741764080765142,0.2995101469559132,,,bank_B,0.5294418797399413,0.08851111163741837,0.9686407065121823,0.22641509433962265,0.11455847255369929,0.15213946117274169,0.6612742471694947
2026-02-18T18:58:47.618541,8,Tuning Config 4,federated,25,0.001,512,sgd,1e-05,5,0.67,FedAvg,False,0.0,1.0,False,,,,,,0.4385245901639344,0.22741764080765142,0.2995101469559132,,,bank_C,0.5775080099951907,0.2897039955266413,0.9484378968757937,0.5804988662131519,0.23572744014732966,0.33529796987557303,0.6151134023418674
2026-02-18T18:58:48.449438,8,Tuning Config 4,federated,26,0.001,512,sgd,1e-05,5,0.67,FedAvg,False,0.0,1.0,False,0.6792537282620158,0.6792537282620158,0.9617948989311038,0.579535280211606,0.1551486744809637,0.32338308457711445,0.1381509032943677,0.193596425912137,,,,,,,,,,
2026-02-18T18:58:48.449438,8,Tuning Config 4,federated,26,0.001,512,sgd,1e-05,5,0.67,FedAvg,False,0.0,1.0,False,,,,,,0.32338308457711445,0.1381509032943677,0.193596425912137,,,bank_A,0.5647299673300841,0.07386674103654012,0.9678389996092224,0.19738988580750408,0.09490196078431372,0.1281779661016949,0.6763750332593917
2026-02-18T18:58:48.449438,8,Tuning Config 4,federated,26,0.001,512,sgd,1e-05,5,0.67,FedAvg,False,0.0,1.0,False,,,,,,0.32338308457711445,0.1381509032943677,0.193596425912137,,,bank_B,0.5585858524049634,0.06501212738132586,0.9675856274789473,0.16047297297297297,0.07557677008750995,0.10275824770146025,0.6843363785743714
2026-02-18T18:58:48.449438,8,Tuning Config 4,federated,26,0.001,512,sgd,1e-05,5,0.67,FedAvg,False,0.0,1.0,False,,,,,,0.32338308457711445,0.1381509032943677,0.193596425912137,,,bank_C,0.593670120980187,0.2181395059264995,0.9434594869189739,0.4606413994169096,0.14548802946593,0.22113365990202938,0.677287618835251
2026-02-18T18:58:49.388672,8,Tuning Config 4,federated,27,0.001,512,sgd,1e-05,5,0.67,FedAvg,False,0.0,1.0,False,0.6721556814653533,0.6721556814653533,0.9618301760327371,0.5626490409920553,0.16482605753704122,0.3233082706766917,0.13708820403825717,0.1925373134328358,,,,,,,,,,
2026-02-18T18:58:49.388672,8,Tuning Config 4,federated,27,0.001,512,sgd,1e-05,5,0.67,FedAvg,False,0.0,1.0,False,,,,,,0.3233082706766917,0.13708820403825717,0.1925373134328358,,,bank_A,0.5143672664336749,0.057701876211507366,0.9667448221961704,0.12478031634446397,0.05568627450980392,0.0770065075921909,0.6714686048030853
2026-02-18T18:58:49.388672,8,Tuning Config 4,federated,27,0.001,512,sgd,1e-05,5,0.67,FedAvg,False,0.0,1.0,False,,,,,,0.3233082706766917,0.13708820403825717,0.1925373134328358,,,bank_B,0.5214386328635596,0.054078544583742866,0.9670971649635607,0.10681399631675875,0.046141607000795545,0.06444444444444444,0.6772926068305969
2026-02-18T18:58:49.388672,8,Tuning Config 4,federated,27,0.001,512,sgd,1e-05,5,0.67,FedAvg,False,0.0,1.0,False,,,,,,0.3233082706766917,0.13708820403825717,0.1925373134328358,,,bank_C,0.61473777848212,0.27478541314007765,0.9461264922529845,0.532156368221942,0.19429097605893186,0.2846543001686341,0.6679154255173423
2026-02-18T18:58:50.462775,8,Tuning Config 4,federated,28,0.001,512,sgd,1e-05,5,0.67,FedAvg,False,0.0,1.0,False,0.7156636906521661,0.7156636906521661,0.959466610223304,0.5832155055289753,0.09613697901728328,0.18484848484848485,0.06482465462274177,0.0959874114870181,,,,,,,,,,
2026-02-18T18:58:50.462775,8,Tuning Config 4,federated,28,0.001,512,sgd,1e-05,5,0.67,FedAvg,False,0.0,1.0,False,,,,,,0.18484848484848485,0.06482465462274177,0.0959874114870181,,,bank_A,0.5782643571806039,0.04540796906976374,0.9664322000781556,0.08286252354048965,0.034509803921568626,0.048726467331118496,0.719381178021431
2026-02-18T18:58:50.462775,8,Tuning Config 4,federated,28,0.001,512,sgd,1e-05,5,0.67,FedAvg,False,0.0,1.0,False,,,,,,0.18484848484848485,0.06482465462274177,0.0959874114870181,,,bank_B,0.5663951210613402,0.04346668384463204,0.966647779449405,0.08178438661710037,0.035003977724741446,0.04902506963788301,0.7199397724866867
2026-02-18T18:58:50.462775,8,Tuning Config 4,federated,28,0.001,512,sgd,1e-05,5,0.67,FedAvg,False,0.0,1.0,False,,,,,,0.18484848484848485,0.06482465462274177,0.0959874114870181,,,bank_C,0.590816080578997,0.15809667288625537,0.9402082804165608,0.3375,0.08701657458563536,0.1383601756954612,0.7069928398380032
2026-02-18T18:58:51.469355,8,Tuning Config 4,federated,29,0.001,512,sgd,1e-05,5,0.67,FedAvg,False,0.0,1.0,False,0.7120574914983341,0.7120574914983341,0.9600310438494374,0.6295638272156325,0.1203501289076929,0.21597633136094674,0.077577045696068,0.11415168100078187,,,,,,,,,,
2026-02-18T18:58:51.469355,8,Tuning Config 4,federated,29,0.001,512,sgd,1e-05,5,0.67,FedAvg,False,0.0,1.0,False,,,,,,0.21597633136094674,0.077577045696068,0.11415168100078187,,,bank_A,0.5723992526977727,0.05223396199072735,0.9664712778429074,0.10270270270270271,0.04470588235294118,0.06229508196721312,0.7112571817636489
2026-02-18T18:58:51.469355,8,Tuning Config 4,federated,29,0.001,512,sgd,1e-05,5,0.67,FedAvg,False,0.0,1.0,False,,,,,,0.21597633136094674,0.077577045696068,0.11415168100078187,,,bank_B,0.5618091129383808,0.04801507145075071,0.9665696254469432,0.08272058823529412,0.03579952267303103,0.04997223764575236,0.709504805803299
2026-02-18T18:58:51.469355,8,Tuning Config 4,federated,29,0.001,512,sgd,1e-05,5,0.67,FedAvg,False,0.0,1.0,False,,,,,,0.21597633136094674,0.077577045696068,0.11415168100078187,,,bank_C,0.6709984581043932,0.20001563438953746,0.941503683007366,0.39279869067103107,0.11049723756906077,0.17247574559827525,0.7184565663337708
2026-02-18T18:58:52.426224,8,Tuning Config 4,federated,30,0.001,512,sgd,1e-05,5,0.67,FedAvg,False,0.0,1.0,False,0.7044171456779752,0.7044171456779752,0.9620418386425371,0.6390181901261489,0.14730201804038665,0.3365617433414044,0.14771519659936239,0.20531757754800592,,,,,,,,,,
2026-02-18T18:58:52.426224,8,Tuning Config 4,federated,30,0.001,512,sgd,1e-05,5,0.67,FedAvg,False,0.0,1.0,False,,,,,,0.3365617433414044,0.14771519659936239,0.20531757754800592,,,bank_A,0.5867431413803875,0.054720696068506075,0.9670183665494334,0.147008547008547,0.06745098039215686,0.09247311827956989,0.7036980861425399
2026-02-18T18:58:52.426224,8,Tuning Config 4,federated,30,0.001,512,sgd,1e-05,5,0.67,FedAvg,False,0.0,1.0,False,,,,,,0.3365617433414044,0.14771519659936239,0.20531757754800592,,,bank_B,0.5735517110909139,0.05072417518496926,0.9672534729684844,0.1381692573402418,0.06364359586316627,0.08714596949891068,0.7044634765386582
2026-02-18T18:58:52.426224,8,Tuning Config 4,federated,30,0.001,512,sgd,1e-05,5,0.67,FedAvg,False,0.0,1.0,False,,,,,,0.3365617433414044,0.14771519659936239,0.20531757754800592,,,bank_C,0.690892774339736,0.24756783481586106,0.944246888493777,0.4839609483960948,0.15976058931860038,0.24022152994115611,0.7064118462723571
2026-02-18T18:58:53.219891,8,Tuning Config 4,federated,31,0.001,512,sgd,1e-05,5,0.67,FedAvg,False,0.0,1.0,False,0.6916150429419109,0.6916150429419109,0.9614068508131371,0.6237827293029762,0.16060324281577515,0.3033419023136247,0.12539851222104145,0.1774436090225564,,,,,,,,,,
2026-02-18T18:58:53.219891,8,Tuning Config 4,federated,31,0.001,512,sgd,1e-05,5,0.67,FedAvg,False,0.0,1.0,False,,,,,,0.3033419023136247,0.12539851222104145,0.1774436090225564,,,bank_A,0.5808867672106414,0.05903523764402242,0.9668815943728019,0.13157894736842105,0.058823529411764705,0.08130081300813008,0.6938456475734711
2026-02-18T18:58:53.219891,8,Tuning Config 4,federated,31,0.001,512,sgd,1e-05,5,0.67,FedAvg,False,0.0,1.0,False,,,,,,0.3033419023136247,0.12539851222104145,0.1774436090225564,,,bank_B,0.5681255795204893,0.055552594113982307,0.9670385494617143,0.11191335740072202,0.049323786793953855,0.06847045831032579,0.6965664798021316
2026-02-18T18:58:53.219891,8,Tuning Config 4,federated,31,0.001,512,sgd,1e-05,5,0.67,FedAvg,False,0.0,1.0,False,,,,,,0.3033419023136247,0.12539851222104145,0.1774436090225564,,,bank_C,0.6661926466471741,0.26283884608519054,0.9449326898653797,0.5026881720430108,0.1721915285451197,0.25651577503429357,0.6845749755958458
2026-02-18T18:58:54.324179,8,Tuning Config 4,federated,32,0.001,512,sgd,1e-05,5,0.67,FedAvg,False,0.0,1.0,False,0.7000407587204661,0.7000407587204661,0.9617243447278372,0.60565100004087,0.1584752187625108,0.3208955223880597,0.13708820403825717,0.1921072226358898,,,,,,,,,,
2026-02-18T18:58:54.324179,8,Tuning Config 4,federated,32,0.001,512,sgd,1e-05,5,0.67,FedAvg,False,0.0,1.0,False,,,,,,0.3208955223880597,0.13708820403825717,0.1921072226358898,,,bank_A,0.5775707491292278,0.0635777241071069,0.96684251660805,0.13368055555555555,0.0603921568627451,0.08319827120475419,0.7097803598642349
2026-02-18T18:58:54.324179,8,Tuning Config 4,federated,32,0.001,512,sgd,1e-05,5,0.67,FedAvg,False,0.0,1.0,False,,,,,,0.3208955223880597,0.13708820403825717,0.1921072226358898,,,bank_B,0.5599112401048482,0.0572815433949891,0.9671362419647916,0.1265377855887522,0.057279236276849645,0.07886089813800658,0.7132274371385574
2026-02-18T18:58:54.324179,8,Tuning Config 4,federated,32,0.001,512,sgd,1e-05,5,0.67,FedAvg,False,0.0,1.0,False,,,,,,0.3208955223880597,0.13708820403825717,0.1921072226358898,,,bank_C,0.638658350064762,0.25876939208967664,0.9449072898145796,0.5020134228187919,0.1721915285451197,0.2564278368186493,0.6734920221489745
2026-02-18T18:58:55.566335,8,Tuning Config 4,federated,33,0.001,512,sgd,1e-05,5,0.67,FedAvg,False,0.0,1.0,False,0.6727453629885402,0.6727453629885402,0.9593960560200374,0.4836099016613488,0.09297468688592785,0.1875,0.0669500531349628,0.09866875489428348,,,,,,,,,,
2026-02-18T18:58:55.566335,8,Tuning Config 4,federated,33,0.001,512,sgd,1e-05,5,0.67,FedAvg,False,0.0,1.0,False,,,,,,0.1875,0.0669500531349628,0.09866875489428348,,,bank_A,0.505049240615994,0.045738569259431226,0.9663345056662759,0.09272727272727273,0.04,0.05589041095890411,0.6787335062026978
2026-02-18T18:58:55.566335,8,Tuning Config 4,federated,33,0.001,512,sgd,1e-05,5,0.67,FedAvg,False,0.0,1.0,False,,,,,,0.1875,0.0669500531349628,0.09866875489428348,,,bank_B,0.5065119028656254,0.04602776261052215,0.9667845489537132,0.09057301293900184,0.03898170246618934,0.054505005561735265,0.6868546259403229
2026-02-18T18:58:55.566335,8,Tuning Config 4,federated,33,0.001,512,sgd,1e-05,5,0.67,FedAvg,False,0.0,1.0,False,,,,,,0.1875,0.0669500531349628,0.09866875489428348,,,bank_C,0.4847713982820716,0.15033749805344931,0.940741681483363,0.36048526863084923,0.09576427255985268,0.1513277555474718,0.6482837951028502
2026-02-18T18:58:56.469073,8,Tuning Config 4,federated,34,0.001,512,sgd,1e-05,5,0.67,FedAvg,False,0.0,1.0,False,0.6785893067717552,0.6785893067717552,0.9600663209510707,0.45652603822568694,0.09517320861357526,0.23098591549295774,0.0871413390010627,0.12654320987654322,,,,,,,,,,
2026-02-18T18:58:56.469073,8,Tuning Config 4,federated,34,0.001,512,sgd,1e-05,5,0.67,FedAvg,False,0.0,1.0,False,,,,,,0.23098591549295774,0.0871413390010627,0.12654320987654322,,,bank_A,0.48870110464785055,0.04328242940903945,0.9664126611957796,0.09636363636363636,0.04156862745098039,0.05808219178082192,0.6776750093698501
2026-02-18T18:58:56.469073,8,Tuning Config 4,federated,34,0.001,512,sgd,1e-05,5,0.67,FedAvg,False,0.0,1.0,False,,,,,,0.23098591549295774,0.0871413390010627,0.12654320987654322,,,bank_B,0.49492100705881215,0.041740880183072496,0.9668431644555597,0.09558823529411764,0.04136833731105807,0.05774569683509161,0.6849391680955886
2026-02-18T18:58:56.469073,8,Tuning Config 4,federated,34,0.001,512,sgd,1e-05,5,0.67,FedAvg,False,0.0,1.0,False,,,,,,0.23098591549295774,0.0871413390010627,0.12654320987654322,,,bank_C,0.45153004201200153,0.15102193145647003,0.9415544831089662,0.39303482587064675,0.10911602209944751,0.17081081081081081,0.670198278767722
2026-02-18T18:58:57.362337,8,Tuning Config 4,federated,35,0.001,512,sgd,1e-05,5,0.67,FedAvg,False,0.0,1.0,False,0.6951798998883792,0.6951798998883792,0.964264296045437,0.6350975526585978,0.23241943009627272,0.4240506329113924,0.21360255047821466,0.2840989399293286,,,,,,,,,,
2026-02-18T18:58:57.362337,8,Tuning Config 4,federated,35,0.001,512,sgd,1e-05,5,0.67,FedAvg,False,0.0,1.0,False,,,,,,0.4240506329113924,0.21360255047821466,0.2840989399293286,,,bank_A,0.5825312721622061,0.09194083627349063,0.9680930050801094,0.2203125,0.11058823529411765,0.1472584856396867,0.6967320251464844
2026-02-18T18:58:57.362337,8,Tuning Config 4,federated,35,0.001,512,sgd,1e-05,5,0.67,FedAvg,False,0.0,1.0,False,,,,,,0.4240506329113924,0.21360255047821466,0.2840989399293286,,,bank_B,0.5619309688036874,0.07938509093334492,0.9678787049881792,0.18226600985221675,0.0883054892601432,0.1189710610932476,0.6999588495492935
2026-02-18T18:58:57.362337,8,Tuning Config 4,federated,35,0.001,512,sgd,1e-05,5,0.67,FedAvg,False,0.0,1.0,False,,,,,,0.4240506329113924,0.21360255047821466,0.2840989399293286,,,bank_C,0.6768710869027297,0.350238134350548,0.9498856997713996,0.6057385759829969,0.26243093922651933,0.3662062319306136,0.6883174939589067
2026-02-18T18:58:58.203889,8,Tuning Config 4,federated,36,0.001,512,sgd,1e-05,5,0.67,FedAvg,False,0.0,1.0,False,0.6624753475189209,0.6624753475189209,0.9629237661833704,0.5112054552153655,0.13746921678979954,0.36519607843137253,0.15834218916046758,0.22090437361008153,,,,,,,,,,
2026-02-18T18:58:58.203889,8,Tuning Config 4,federated,36,0.001,512,sgd,1e-05,5,0.67,FedAvg,False,0.0,1.0,False,,,,,,0.36519607843137253,0.15834218916046758,0.22090437361008153,,,bank_A,0.4991387165025313,0.05168282919862235,0.9674677608440797,0.1683673469387755,0.07764705882352942,0.10628019323671498,0.6678139305114746
2026-02-18T18:58:58.203889,8,Tuning Config 4,federated,36,0.001,512,sgd,1e-05,5,0.67,FedAvg,False,0.0,1.0,False,,,,,,0.36519607843137253,0.15834218916046758,0.22090437361008153,,,bank_B,0.4998231839046106,0.050724777249373985,0.967448857974639,0.15280135823429541,0.07159904534606205,0.09750812567713976,0.6742140483856202
2026-02-18T18:58:58.203889,8,Tuning Config 4,federated,36,0.001,512,sgd,1e-05,5,0.67,FedAvg,False,0.0,1.0,False,,,,,,0.36519607843137253,0.15834218916046758,0.22090437361008153,,,bank_C,0.5398101439541543,0.22824878168022383,0.9442976885953772,0.4853963838664812,0.16068139963167588,0.24143894846074024,0.640987897848154
2026-02-18T18:58:59.179252,8,Tuning Config 4,federated,37,0.001,512,sgd,1e-05,5,0.67,FedAvg,False,0.0,1.0,False,0.6814073377421924,0.6814073377421924,0.9615126821180372,0.5921162806875446,0.15589676775163125,0.31155778894472363,0.13177470775770456,0.18521284540702015,,,,,,,,,,
2026-02-18T18:58:59.179252,8,Tuning Config 4,federated,37,0.001,512,sgd,1e-05,5,0.67,FedAvg,False,0.0,1.0,False,,,,,,0.31155778894472363,0.13177470775770456,0.18521284540702015,,,bank_A,0.5535814282430737,0.06401663261028091,0.9671551387260648,0.15,0.06823529411764706,0.09380053908355795,0.6887952649593353
2026-02-18T18:58:59.179252,8,Tuning Config 4,federated,37,0.001,512,sgd,1e-05,5,0.67,FedAvg,False,0.0,1.0,False,,,,,,0.31155778894472363,0.13177470775770456,0.18521284540702015,,,bank_B,0.5322438794318199,0.05699516823684522,0.9670385494617143,0.12147887323943662,0.05489260143198091,0.07561643835616438,0.6943417346477508
2026-02-18T18:58:59.179252,8,Tuning Config 4,federated,37,0.001,512,sgd,1e-05,5,0.67,FedAvg,False,0.0,1.0,False,,,,,,0.31155778894472363,0.13177470775770456,0.18521284540702015,,,bank_C,0.6428257420323098,0.28217933480420365,0.9459232918465837,0.5275288092189501,0.18968692449355432,0.2790382661699966,0.6560609518707573
2026-02-18T18:59:00.049691,8,Tuning Config 4,federated,38,0.001,512,sgd,1e-05,5,0.67,FedAvg,False,0.0,1.0,False,0.664451139313834,0.664451139313834,0.9653578861960701,0.5627624418522501,0.2392560935766407,0.4575569358178054,0.23485653560042508,0.3103932584269663,,,,,,,,,,
2026-02-18T18:59:00.049691,8,Tuning Config 4,federated,38,0.001,512,sgd,1e-05,5,0.67,FedAvg,False,0.0,1.0,False,,,,,,0.4575569358178054,0.23485653560042508,0.3103932584269663,,,bank_A,0.5148067995858799,0.08003344510004433,0.9679171551387261,0.20733652312599682,0.10196078431372549,0.1366982124079916,0.6705256110429764
2026-02-18T18:59:00.049691,8,Tuning Config 4,federated,38,0.001,512,sgd,1e-05,5,0.67,FedAvg,False,0.0,1.0,False,,,,,,0.4575569358178054,0.23485653560042508,0.3103932584269663,,,bank_B,0.49167757266303336,0.0696456954065135,0.9681131669955647,0.18487394957983194,0.08750994431185362,0.11879049676025918,0.6786535638570785
2026-02-18T18:59:00.049691,8,Tuning Config 4,federated,38,0.001,512,sgd,1e-05,5,0.67,FedAvg,False,0.0,1.0,False,,,,,,0.4575569358178054,0.23485653560042508,0.3103932584269663,,,bank_C,0.613805135615422,0.36771852232027147,0.9528829057658116,0.6543330087633885,0.30939226519337015,0.4201312910284464,0.6395630255922095
2026-02-18T18:59:01.145566,8,Tuning Config 4,federated,39,0.001,512,sgd,1e-05,5,0.67,FedAvg,False,0.0,1.0,False,0.6736818626523018,0.6736818626523018,0.9622887783539704,0.5205369171081397,0.13703451273098977,0.3476190476190476,0.155154091392136,0.2145481263776635,,,,,,,,,,
2026-02-18T18:59:01.145566,8,Tuning Config 4,federated,39,0.001,512,sgd,1e-05,5,0.67,FedAvg,False,0.0,1.0,False,,,,,,0.3476190476190476,0.155154091392136,0.2145481263776635,,,bank_A,0.5074042013158334,0.049924875206470605,0.9672919109026964,0.16470588235294117,0.07686274509803921,0.10481283422459893,0.6773573225736618
2026-02-18T18:59:01.145566,8,Tuning Config 4,federated,39,0.001,512,sgd,1e-05,5,0.67,FedAvg,False,0.0,1.0,False,,,,,,0.3476190476190476,0.155154091392136,0.2145481263776635,,,bank_B,0.5072596344853086,0.04960906122463514,0.9674293194740236,0.15136054421768708,0.07080350039777247,0.09647696476964769,0.686200036406517
2026-02-18T18:59:01.145566,8,Tuning Config 4,federated,39,0.001,512,sgd,1e-05,5,0.67,FedAvg,False,0.0,1.0,False,,,,,,0.3476190476190476,0.155154091392136,0.2145481263776635,,,bank_C,0.5534642857885486,0.23444390937118856,0.9450850901701804,0.5066489361702128,0.17541436464088397,0.2606019151846785,0.6538242720938349
2026-02-18T18:59:02.145093,8,Tuning Config 4,federated,40,0.001,512,sgd,1e-05,5,0.67,FedAvg,False,0.0,1.0,False,0.6857815512589046,0.6857815512589046,0.9615479592196705,0.5947141860152563,0.16331379692933648,0.31139240506329113,0.13071200850159406,0.18413173652694612,,,,,,,,,,
2026-02-18T18:59:02.145093,8,Tuning Config 4,federated,40,0.001,512,sgd,1e-05,5,0.67,FedAvg,False,0.0,1.0,False,,,,,,0.31139240506329113,0.13071200850159406,0.18413173652694612,,,bank_A,0.5482934045274256,0.05959678265408309,0.9667838999609223,0.12784588441331,0.05725490196078432,0.0790899241603467,0.6903837436437607
2026-02-18T18:59:02.145093,8,Tuning Config 4,federated,40,0.001,512,sgd,1e-05,5,0.67,FedAvg,False,0.0,1.0,False,,,,,,0.31139240506329113,0.13071200850159406,0.18413173652694612,,,bank_B,0.5383397003700199,0.053812581329106164,0.9669994724604833,0.11565836298932385,0.05171042163882259,0.07146783947223749,0.69698646068573
2026-02-18T18:59:02.145093,8,Tuning Config 4,federated,40,0.001,512,sgd,1e-05,5,0.67,FedAvg,False,0.0,1.0,False,,,,,,0.31139240506329113,0.13071200850159406,0.18413173652694612,,,bank_C,0.6616053723061013,0.2894530197264139,0.9464312928625858,0.539227895392279,0.19935543278084714,0.2910924369747899,0.6666389796640966
2026-02-18T18:59:03.424362,8,Tuning Config 4,federated,41,0.001,512,sgd,1e-05,5,0.67,FedAvg,False,0.0,1.0,False,0.6627629910196576,0.6627629910196576,0.9650756693830035,0.6044435106285049,0.2495258022211056,0.45090180360721444,0.23910733262486716,0.3125,,,,,,,,,,
2026-02-18T18:59:03.424362,8,Tuning Config 4,federated,41,0.001,512,sgd,1e-05,5,0.67,FedAvg,False,0.0,1.0,False,,,,,,0.45090180360721444,0.23910733262486716,0.3125,,,bank_A,0.5574065076586692,0.10138877129008404,0.9690504103165299,0.26194144838212635,0.13333333333333333,0.17671517671517672,0.6661973077058793
2026-02-18T18:59:03.424362,8,Tuning Config 4,federated,41,0.001,512,sgd,1e-05,5,0.67,FedAvg,False,0.0,1.0,False,,,,,,0.45090180360721444,0.23910733262486716,0.3125,,,bank_B,0.5377733661928263,0.08559248876362774,0.9686407065121823,0.21935483870967742,0.10819411296738266,0.1449120937666489,0.6731016522645951
2026-02-18T18:59:03.424362,8,Tuning Config 4,federated,41,0.001,512,sgd,1e-05,5,0.67,FedAvg,False,0.0,1.0,False,,,,,,0.45090180360721444,0.23910733262486716,0.3125,,,bank_C,0.6466766070018813,0.3504536591210362,0.9500127000254001,0.6080508474576272,0.26427255985267034,0.3684210526315789,0.6461282287325177
2026-02-18T18:59:04.438700,8,Tuning Config 4,federated,42,0.001,512,sgd,1e-05,5,0.67,FedAvg,False,0.0,1.0,False,0.6609331529055323,0.6609331529055323,0.9651109464846368,0.5925709116963845,0.24993073764849758,0.45,0.22954303931987247,0.3040112596762843,,,,,,,,,,
2026-02-18T18:59:04.438700,8,Tuning Config 4,federated,42,0.001,512,sgd,1e-05,5,0.67,FedAvg,False,0.0,1.0,False,,,,,,0.45,0.22954303931987247,0.3040112596762843,,,bank_A,0.5542829257943033,0.11020269219778568,0.9691481047284095,0.2610062893081761,0.13019607843137254,0.17373103087388803,0.6655599510669709
2026-02-18T18:59:04.438700,8,Tuning Config 4,federated,42,0.001,512,sgd,1e-05,5,0.67,FedAvg,False,0.0,1.0,False,,,,,,0.45,0.22954303931987247,0.3040112596762843,,,bank_B,0.5413402835316842,0.09169351794290251,0.9686797835134132,0.21915584415584416,0.10739856801909307,0.14415376401494928,0.6701476168632508
2026-02-18T18:59:04.438700,8,Tuning Config 4,federated,42,0.001,512,sgd,1e-05,5,0.67,FedAvg,False,0.0,1.0,False,,,,,,0.45,0.22954303931987247,0.3040112596762843,,,bank_C,0.6457469903479038,0.3553160205904021,0.9504699009398019,0.6151452282157677,0.27302025782688766,0.3781887755102041,0.6437035373279026
2026-02-18T18:59:05.496392,8,Tuning Config 4,federated,43,0.001,512,sgd,1e-05,5,0.67,FedAvg,False,0.0,1.0,False,0.6884398918066706,0.6884398918066706,0.9631707058948037,0.6392289772952439,0.19998330940826267,0.3837471783295711,0.1806588735387885,0.24566473988439305,,,,,,,,,,
2026-02-18T18:59:05.496392,8,Tuning Config 4,federated,43,0.001,512,sgd,1e-05,5,0.67,FedAvg,False,0.0,1.0,False,,,,,,0.3837471783295711,0.1806588735387885,0.24566473988439305,,,bank_A,0.5683223929387405,0.08079098825100468,0.9678194607268464,0.20287539936102236,0.0996078431372549,0.13361388742766964,0.6883075368404389
2026-02-18T18:59:05.496392,8,Tuning Config 4,federated,43,0.001,512,sgd,1e-05,5,0.67,FedAvg,False,0.0,1.0,False,,,,,,0.3837471783295711,0.1806588735387885,0.24566473988439305,,,bank_B,0.5535553181647561,0.06806246645461664,0.9676833199820246,0.16750418760469013,0.07955449482895784,0.10787486515641856,0.6921522098779679
2026-02-18T18:59:05.496392,8,Tuning Config 4,federated,43,0.001,512,sgd,1e-05,5,0.67,FedAvg,False,0.0,1.0,False,,,,,,0.3837471783295711,0.1806588735387885,0.24566473988439305,,,bank_C,0.7064049055786974,0.31456815170409375,0.9470916941833883,0.5535499398315282,0.21178637200736647,0.30636030636030637,0.6848289873692897
2026-02-18T18:59:09.174703,8,Tuning Config 4,federated,44,0.001,512,sgd,1e-05,5,0.67,FedAvg,False,0.0,1.0,False,0.6476099586912564,0.6476099586912564,0.9652167777895369,0.5562616391471016,0.23315545352148725,0.4528301886792453,0.22954303931987247,0.304654442877292,,,,,,,,,,
2026-02-18T18:59:09.174703,8,Tuning Config 4,federated,44,0.001,512,sgd,1e-05,5,0.67,FedAvg,False,0.0,1.0,False,,,,,,0.4528301886792453,0.22954303931987247,0.304654442877292,,,bank_A,0.5347530975520155,0.12369318888901587,0.9689527159046503,0.25920245398773006,0.13254901960784313,0.17540217955371043,0.6535302865505218
2026-02-18T18:59:09.174703,8,Tuning Config 4,federated,44,0.001,512,sgd,1e-05,5,0.67,FedAvg,False,0.0,1.0,False,,,,,,0.4528301886792453,0.22954303931987247,0.304654442877292,,,bank_B,0.5131000234118788,0.09923291445450941,0.9685820910103359,0.2137030995106036,0.10421638822593476,0.14010695187165775,0.661524019241333
2026-02-18T18:59:09.174703,8,Tuning Config 4,federated,44,0.001,512,sgd,1e-05,5,0.67,FedAvg,False,0.0,1.0,False,,,,,,0.4528301886792453,0.22954303931987247,0.304654442877292,,,bank_C,0.595579469360964,0.32299888481138184,0.9489712979425959,0.5916760404949382,0.2421731123388582,0.3436785364260046,0.6230162351162403
2026-02-18T18:59:10.078961,8,Tuning Config 4,federated,45,0.001,512,sgd,1e-05,5,0.67,FedAvg,False,0.0,1.0,False,0.681304045021534,0.681304045021534,0.964264296045437,0.6543070844885072,0.254952644270634,0.423728813559322,0.21253985122210414,0.28308563340410475,,,,,,,,,,
2026-02-18T18:59:10.078961,8,Tuning Config 4,federated,45,0.001,512,sgd,1e-05,5,0.67,FedAvg,False,0.0,1.0,False,,,,,,0.423728813559322,0.21253985122210414,0.28308563340410475,,,bank_A,0.5684982486331873,0.11205335663151991,0.9685423993747557,0.2473604826546003,0.12862745098039216,0.1692466460268318,0.6785936576128005
2026-02-18T18:59:10.078961,8,Tuning Config 4,federated,45,0.001,512,sgd,1e-05,5,0.67,FedAvg,False,0.0,1.0,False,,,,,,0.423728813559322,0.21253985122210414,0.28308563340410475,,,bank_B,0.560825796499462,0.09215522120310805,0.968210859498642,0.2054140127388535,0.1026252983293556,0.13687002652519895,0.6827074581384659
2026-02-18T18:59:10.078961,8,Tuning Config 4,federated,45,0.001,512,sgd,1e-05,5,0.67,FedAvg,False,0.0,1.0,False,,,,,,0.423728813559322,0.21253985122210414,0.28308563340410475,,,bank_C,0.7474305226117129,0.37885679357370083,0.9495554991109982,0.6002155172413793,0.25644567219152853,0.35935483870967744,0.684605344549402
2026-02-18T18:59:11.046267,8,Tuning Config 4,federated,46,0.001,512,sgd,1e-05,5,0.67,FedAvg,False,0.0,1.0,False,0.6641534439155033,0.6641534439155033,0.9624651638621371,0.5101728074780277,0.15135739179255303,0.35108958837772397,0.15409139213602552,0.21418020679468242,,,,,,,,,,
2026-02-18T18:59:11.046267,8,Tuning Config 4,federated,46,0.001,512,sgd,1e-05,5,0.67,FedAvg,False,0.0,1.0,False,,,,,,0.35108958837772397,0.15409139213602552,0.21418020679468242,,,bank_A,0.4884442008443495,0.0712543565875213,0.9677022274325908,0.185,0.08705882352941176,0.1184,0.6623597800731659
2026-02-18T18:59:11.046267,8,Tuning Config 4,federated,46,0.001,512,sgd,1e-05,5,0.67,FedAvg,False,0.0,1.0,False,,,,,,0.35108958837772397,0.15409139213602552,0.21418020679468242,,,bank_B,0.4928277935524846,0.06419467489744421,0.9678591664875638,0.17006802721088435,0.07955449482895784,0.10840108401084012,0.6703781765699387
2026-02-18T18:59:11.046267,8,Tuning Config 4,federated,46,0.001,512,sgd,1e-05,5,0.67,FedAvg,False,0.0,1.0,False,,,,,,0.35108958837772397,0.15409139213602552,0.21418020679468242,,,bank_C,0.5246795321180557,0.22003336516956662,0.9426720853441707,0.4349157733537519,0.13075506445672191,0.20106194690265486,0.6587237289973668
2026-02-18T18:59:11.971716,8,Tuning Config 4,federated,47,0.001,512,sgd,1e-05,5,0.67,FedAvg,False,0.0,1.0,False,0.6631008695278849,0.6631008695278849,0.9627473806752037,0.5358073927977018,0.17258797953799598,0.3672055427251732,0.1689691817215728,0.2314410480349345,,,,,,,,,,
2026-02-18T18:59:11.971716,8,Tuning Config 4,federated,47,0.001,512,sgd,1e-05,5,0.67,FedAvg,False,0.0,1.0,False,,,,,,0.3672055427251732,0.1689691817215728,0.2314410480349345,,,bank_A,0.5149814922863245,0.08645206827937074,0.9679757717858538,0.2120253164556962,0.10509803921568628,0.140534871525957,0.6651820909976959
2026-02-18T18:59:11.971716,8,Tuning Config 4,federated,47,0.001,512,sgd,1e-05,5,0.67,FedAvg,False,0.0,1.0,False,,,,,,0.3672055427251732,0.1689691817215728,0.2314410480349345,,,bank_B,0.5021457117603164,0.07218848646141869,0.9678787049881792,0.17803660565723795,0.08512330946698489,0.11517761033369214,0.6729694992303848
2026-02-18T18:59:11.971716,8,Tuning Config 4,federated,47,0.001,512,sgd,1e-05,5,0.67,FedAvg,False,0.0,1.0,False,,,,,,0.3672055427251732,0.1689691817215728,0.2314410480349345,,,bank_C,0.5770265018010732,0.25633204486738154,0.9443230886461773,0.48614958448753465,0.16160220994475138,0.2425708362128542,0.6479837081649087
2026-02-18T18:59:12.911285,8,Tuning Config 4,federated,48,0.001,512,sgd,1e-05,5,0.67,FedAvg,False,0.0,1.0,False,0.6730835341981479,0.6730835341981479,0.9637704166225702,0.5966963648054295,0.2157859808244734,0.40611353711790393,0.19766206163655686,0.26590421729807007,,,,,,,,,,
2026-02-18T18:59:12.911285,8,Tuning Config 4,federated,48,0.001,512,sgd,1e-05,5,0.67,FedAvg,False,0.0,1.0,False,,,,,,0.40611353711790393,0.19766206163655686,0.26590421729807007,,,bank_A,0.5639203270527727,0.10555613396530514,0.968210238374365,0.22755417956656346,0.11529411764705882,0.15304528891202498,0.6747163891792297
2026-02-18T18:59:12.911285,8,Tuning Config 4,federated,48,0.001,512,sgd,1e-05,5,0.67,FedAvg,False,0.0,1.0,False,,,,,,0.40611353711790393,0.19766206163655686,0.26590421729807007,,,bank_B,0.5597398499179372,0.08424133926843655,0.9680154744924875,0.1895424836601307,0.09228321400159109,0.12413055109684323,0.6820093536376953
2026-02-18T18:59:12.911285,8,Tuning Config 4,federated,48,0.001,512,sgd,1e-05,5,0.67,FedAvg,False,0.0,1.0,False,,,,,,0.40611353711790393,0.19766206163655686,0.26590421729807007,,,bank_C,0.6470924420479646,0.31375610541117477,0.9470662941325882,0.5532687651331719,0.2104051565377532,0.304869913275517,0.6614554253491488
2026-02-18T18:59:14.014742,8,Tuning Config 4,federated,49,0.001,512,sgd,1e-05,5,0.67,FedAvg,False,0.0,1.0,False,0.700091860124043,0.700091860124043,0.9629590432850037,0.6335786713475171,0.18970656774164152,0.37528604118993136,0.1742826780021254,0.23802612481857766,,,,,,,,,,
2026-02-18T18:59:14.014742,8,Tuning Config 4,federated,49,0.001,512,sgd,1e-05,5,0.67,FedAvg,False,0.0,1.0,False,,,,,,0.37528604118993136,0.1742826780021254,0.23802612481857766,,,bank_A,0.5705230133331762,0.08375978766595066,0.9677608440797186,0.19806763285024154,0.09647058823529411,0.12974683544303797,0.7000453174114227
2026-02-18T18:59:14.014742,8,Tuning Config 4,federated,49,0.001,512,sgd,1e-05,5,0.67,FedAvg,False,0.0,1.0,False,,,,,,0.37528604118993136,0.1742826780021254,0.23802612481857766,,,bank_B,0.555439120287021,0.06866488562472231,0.9675660889783319,0.16020236087689713,0.07557677008750995,0.10270270270270271,0.7047445183992386
2026-02-18T18:59:14.014742,8,Tuning Config 4,federated,49,0.001,512,sgd,1e-05,5,0.67,FedAvg,False,0.0,1.0,False,,,,,,0.37528604118993136,0.1742826780021254,0.23802612481857766,,,bank_C,0.7116545058710755,0.3114122477305761,0.9465836931673863,0.5429638854296388,0.2007366482504604,0.293109243697479,0.6951631121821218
2026-02-18T18:59:14.973194,8,Tuning Config 4,federated,50,0.001,512,sgd,1e-05,5,0.67,FedAvg,False,0.0,1.0,False,0.6707610754030091,0.6707610754030091,0.9645112357568703,0.592813689191915,0.2350958964536055,0.43186582809224316,0.21891604675876727,0.29055007052186177,,,,,,,,,,
2026-02-18T18:59:14.973194,8,Tuning Config 4,federated,50,0.001,512,sgd,1e-05,5,0.67,FedAvg,False,0.0,1.0,False,,,,,,0.43186582809224316,0.21891604675876727,0.29055007052186177,,,bank_A,0.5375320560044476,0.10889349741686064,0.9686010160218835,0.2305194805194805,0.11137254901960784,0.1501850872554204,0.671391429901123
2026-02-18T18:59:14.973194,8,Tuning Config 4,federated,50,0.001,512,sgd,1e-05,5,0.67,FedAvg,False,0.0,1.0,False,,,,,,0.43186582809224316,0.21891604675876727,0.29055007052186177,,,bank_B,0.525604328284641,0.08590896172891056,0.968249936499873,0.19230769230769232,0.09148766905330151,0.12398921832884097,0.6777300536632538
2026-02-18T18:59:14.973194,8,Tuning Config 4,federated,50,0.001,512,sgd,1e-05,5,0.67,FedAvg,False,0.0,1.0,False,,,,,,0.43186582809224316,0.21891604675876727,0.29055007052186177,,,bank_C,0.670819069907816,0.3342358079289161,0.9470408940817882,0.5524728588661038,0.21086556169429096,0.3052315894701766,0.6608643678875713
2026-02-18T19:47:02.990160,9,Tuning Config 5,federated,0,0.0005,512,adam,1e-05,5,1.0,FedProx,False,0.0,1.0,False,0.7229940550667899,0.7229940550667899,0.9586199597841042,0.5093384028242068,0.05205946824709336,0.1305732484076433,0.04357066950053135,0.0653386454183267,,,,,,,,,,
2026-02-18T19:47:02.990160,9,Tuning Config 5,federated,0,0.0005,512,adam,1e-05,5,1.0,FedProx,False,0.0,1.0,False,,,,,,0.1305732484076433,0.04357066950053135,0.0653386454183267,,,bank_A,0.5334545676000086,0.037500511191448385,0.9663931223134037,0.09174311926605505,0.0392156862745098,0.054945054945054944,0.7135647988319397
2026-02-18T19:47:02.990160,9,Tuning Config 5,federated,0,0.0005,512,adam,1e-05,5,1.0,FedProx,False,0.0,1.0,False,,,,,,0.1305732484076433,0.04357066950053135,0.0653386454183267,,,bank_B,0.5190875731748694,0.03342024990192317,0.9665110099450969,0.07763401109057301,0.03341288782816229,0.04671857619577308,0.7156425714492798
2026-02-18T19:47:02.990160,9,Tuning Config 5,federated,0,0.0005,512,adam,1e-05,5,1.0,FedProx,False,0.0,1.0,False,,,,,,0.1305732484076433,0.04357066950053135,0.0653386454183267,,,bank_C,0.4984306333129259,0.0801184511911841,0.9371602743205486,0.1552511415525114,0.03130755064456722,0.05210727969348659,0.7418081868778575
2026-02-18T19:47:04.539267,9,Tuning Config 5,federated,1,0.0005,512,adam,1e-05,5,1.0,FedProx,False,0.0,1.0,False,0.7047806531190872,0.7047806531190872,0.9574910925318376,0.2999279034982527,0.023769932106705506,0.031914893617021274,0.009564293304994687,0.014717906786590351,,,,,,,,,,
2026-02-18T19:47:04.539267,9,Tuning Config 5,federated,1,0.0005,512,adam,1e-05,5,1.0,FedProx,False,0.0,1.0,False,,,,,,0.031914893617021274,0.009564293304994687,0.014717906786590351,,,bank_A,0.38835150707913657,0.021398484395839894,0.9658069558421258,0.0297029702970297,0.011764705882352941,0.016853932584269662,0.6677565759420395
2026-02-18T19:47:04.539267,9,Tuning Config 5,federated,1,0.0005,512,adam,1e-05,5,1.0,FedProx,False,0.0,1.0,False,,,,,,0.031914893617021274,0.009564293304994687,0.014717906786590351,,,bank_B,0.39677272062923075,0.020187895458637632,0.965885777925402,0.011976047904191617,0.00477326968973747,0.006825938566552901,0.6732985377311707
2026-02-18T19:47:04.539267,9,Tuning Config 5,federated,1,0.0005,512,adam,1e-05,5,1.0,FedProx,False,0.0,1.0,False,,,,,,0.031914893617021274,0.009564293304994687,0.014717906786590351,,,bank_C,0.2329587958797365,0.0346724256852351,0.9358648717297434,0.04627249357326478,0.008287292817679558,0.014057008980866849,0.7561480286833527
2026-02-18T19:47:05.642582,9,Tuning Config 5,federated,2,0.0005,512,adam,1e-05,5,1.0,FedProx,False,0.0,1.0,False,0.6911352457744735,0.6911352457744735,0.9575263696334709,0.30042964753329765,0.023697090660144478,0.03859649122807018,0.011689691817215728,0.01794453507340946,,,,,,,,,,
2026-02-18T19:47:05.642582,9,Tuning Config 5,federated,2,0.0005,512,adam,1e-05,5,1.0,FedProx,False,0.0,1.0,False,,,,,,0.03859649122807018,0.011689691817215728,0.01794453507340946,,,bank_A,0.39670330490677375,0.02088694764402129,0.9656311059007425,0.023622047244094488,0.009411764705882352,0.01346045989904655,0.6723194289207458
2026-02-18T19:47:05.642582,9,Tuning Config 5,federated,2,0.0005,512,adam,1e-05,5,1.0,FedProx,False,0.0,1.0,False,,,,,,0.03859649122807018,0.011689691817215728,0.01794453507340946,,,bank_B,0.39896069232871195,0.020422366418556402,0.9658271624235556,0.01383399209486166,0.005568814638027049,0.007941009642654566,0.6781028932332993
2026-02-18T19:47:05.642582,9,Tuning Config 5,federated,2,0.0005,512,adam,1e-05,5,1.0,FedProx,False,0.0,1.0,False,,,,,,0.03859649122807018,0.011689691817215728,0.01794453507340946,,,bank_C,0.25596841554779726,0.04034078561332943,0.9368808737617476,0.12826603325415678,0.024861878453038673,0.04165059776320864,0.7020415741127807
2026-02-18T19:47:06.776113,9,Tuning Config 5,federated,3,0.0005,512,adam,1e-05,5,1.0,FedProx,False,0.0,1.0,False,0.8708137763398034,0.8708137763398034,0.959678272833104,0.5889806276664906,0.08879847792349868,0.2063953488372093,0.07545164718384698,0.11050583657587548,,,,,,,,,,
2026-02-18T19:47:06.776113,9,Tuning Config 5,federated,3,0.0005,512,adam,1e-05,5,1.0,FedProx,False,0.0,1.0,False,,,,,,0.2063953488372093,0.07545164718384698,0.11050583657587548,,,bank_A,0.5543323766136052,0.03976059675630904,0.9663931223134037,0.08097928436911488,0.03372549019607843,0.047619047619047616,0.8406293952465057
2026-02-18T19:47:06.776113,9,Tuning Config 5,federated,3,0.0005,512,adam,1e-05,5,1.0,FedProx,False,0.0,1.0,False,,,,,,0.2063953488372093,0.07545164718384698,0.11050583657587548,,,bank_B,0.5393121729595414,0.036218591691667704,0.9667650104530978,0.09636363636363636,0.042163882259347654,0.05866076369673492,0.8164383089542389
2026-02-18T19:47:06.776113,9,Tuning Config 5,federated,3,0.0005,512,adam,1e-05,5,1.0,FedProx,False,0.0,1.0,False,,,,,,0.2063953488372093,0.07545164718384698,0.11050583657587548,,,bank_C,0.6368881579605312,0.13763471054321458,0.9389636779273558,0.273972602739726,0.06445672191528545,0.10436079016026836,0.9693922059876579
2026-02-18T19:47:07.922988,9,Tuning Config 5,federated,4,0.0005,512,adam,1e-05,5,1.0,FedProx,False,0.0,1.0,False,0.6813028869884354,0.6813028869884354,0.9575263696334709,0.3398194721898592,0.025643161947646084,0.0353356890459364,0.010626992561105207,0.016339869281045753,,,,,,,,,,
2026-02-18T19:47:07.922988,9,Tuning Config 5,federated,4,0.0005,512,adam,1e-05,5,1.0,FedProx,False,0.0,1.0,False,,,,,,0.0353356890459364,0.010626992561105207,0.016339869281045753,,,bank_A,0.45024489274720003,0.023878428155501397,0.9655724892536147,0.01972386587771203,0.00784313725490196,0.01122334455667789,0.6731664222478867
2026-02-18T19:47:07.922988,9,Tuning Config 5,federated,4,0.0005,512,adam,1e-05,5,1.0,FedProx,False,0.0,1.0,False,,,,,,0.0353356890459364,0.010626992561105207,0.016339869281045753,,,bank_B,0.45753435436660855,0.02374738815332146,0.965885777925402,0.01775147928994083,0.007159904534606206,0.01020408163265306,0.6786409264802933
2026-02-18T19:47:07.922988,9,Tuning Config 5,federated,4,0.0005,512,adam,1e-05,5,1.0,FedProx,False,0.0,1.0,False,,,,,,0.0353356890459364,0.010626992561105207,0.016339869281045753,,,bank_C,0.26638920689908185,0.04810798362340933,0.9385572771145543,0.16164383561643836,0.02716390423572744,0.046511627906976744,0.672033840185636
2026-02-18T19:47:08.991946,9,Tuning Config 5,federated,5,0.0005,512,adam,1e-05,5,1.0,FedProx,False,0.0,1.0,False,0.8784407462392535,0.8784407462392535,0.9589021765971708,0.5227085174069641,0.05450572448056673,0.15432098765432098,0.053134962805526036,0.07905138339920949,,,,,,,,,,
2026-02-18T19:47:08.991946,9,Tuning Config 5,federated,5,0.0005,512,adam,1e-05,5,1.0,FedProx,False,0.0,1.0,False,,,,,,0.15432098765432098,0.053134962805526036,0.07905138339920949,,,bank_A,0.5643639935485265,0.03690472796308557,0.9661781946072685,0.07303370786516854,0.03058823529411765,0.04311774461028192,0.8794276094436646
2026-02-18T19:47:08.991946,9,Tuning Config 5,federated,5,0.0005,512,adam,1e-05,5,1.0,FedProx,False,0.0,1.0,False,,,,,,0.15432098765432098,0.053134962805526036,0.07905138339920949,,,bank_B,0.5379047512601016,0.03417661730534706,0.9665696254469432,0.0749063670411985,0.031821797931583136,0.0446677833612507,0.8597160750627517
2026-02-18T19:47:08.991946,9,Tuning Config 5,federated,5,0.0005,512,adam,1e-05,5,1.0,FedProx,False,0.0,1.0,False,,,,,,0.15432098765432098,0.053134962805526036,0.07905138339920949,,,bank_C,0.4829347470808992,0.08029903553161802,0.9381254762509526,0.22268907563025211,0.04880294659300184,0.08006042296072508,0.8975437871821514
2026-02-18T19:47:09.055347,9,Tuning Config 5,federated,6,0.0005,512,adam,1e-05,5,1.0,FedProx,False,0.0,1.0,False,0.7042083378349032,0.7042083378349032,0.9581613574628709,0.40275755062827834,0.04116568087740892,0.08191126279863481,0.025504782146652496,0.03889789303079417,,,,,,,,,,
2026-02-18T19:47:09.055347,9,Tuning Config 5,federated,6,0.0005,512,adam,1e-05,5,1.0,FedProx,False,0.0,1.0,False,,,,,,0.08191126279863481,0.025504782146652496,0.03889789303079417,,,bank_A,0.472779866059238,0.024650848365799678,0.9657092614302462,0.021912350597609563,0.008627450980392156,0.012380416432189083,0.7111355406045914
2026-02-18T19:47:09.055347,9,Tuning Config 5,federated,6,0.0005,512,adam,1e-05,5,1.0,FedProx,False,0.0,1.0,False,,,,,,0.08191126279863481,0.025504782146652496,0.03889789303079417,,,bank_B,0.4773437805257149,0.025438524929951394,0.9659834704284793,0.023622047244094488,0.00954653937947494,0.013597733711048159,0.7088824844360352
2026-02-18T19:47:09.055347,9,Tuning Config 5,federated,6,0.0005,512,adam,1e-05,5,1.0,FedProx,False,0.0,1.0,False,,,,,,0.08191126279863481,0.025504782146652496,0.03889789303079417,,,bank_C,0.3537505840776208,0.08530498010428988,0.9386334772669546,0.2540322580645161,0.058011049723756904,0.0944527736131934,0.6835914919902752
2026-02-18T19:47:09.133448,9,Tuning Config 5,federated,7,0.0005,512,adam,1e-05,5,1.0,FedProx,False,0.0,1.0,False,0.9619760981627873,0.9619760981627873,0.9601721522559706,0.595546147771422,0.09355863726301472,0.23142857142857143,0.08607863974495218,0.1254841208365608,,,,,,,,,,
2026-02-18T19:47:09.133448,9,Tuning Config 5,federated,7,0.0005,512,adam,1e-05,5,1.0,FedProx,False,0.0,1.0,False,,,,,,0.23142857142857143,0.08607863974495218,0.1254841208365608,,,bank_A,0.5722067536161844,0.04470109148619359,0.9665885111371629,0.09944751381215469,0.042352941176470586,0.0594059405940594,0.9275049901008606
2026-02-18T19:47:09.133448,9,Tuning Config 5,federated,7,0.0005,512,adam,1e-05,5,1.0,FedProx,False,0.0,1.0,False,,,,,,0.23142857142857143,0.08607863974495218,0.1254841208365608,,,bank_B,0.5493642380969591,0.039213013055446555,0.9669017799574061,0.11051693404634581,0.049323786793953855,0.06820682068206821,0.8909585183858871
2026-02-18T19:47:09.133448,9,Tuning Config 5,federated,7,0.0005,512,adam,1e-05,5,1.0,FedProx,False,0.0,1.0,False,,,,,,0.23142857142857143,0.08607863974495218,0.1254841208365608,,,bank_C,0.6018984057441058,0.13778369282772623,0.9393446786893573,0.29389312977099236,0.070902394106814,0.1142433234421365,1.0872443519629442
2026-02-18T19:47:09.191609,9,Tuning Config 5,federated,8,0.0005,512,adam,1e-05,5,1.0,FedProx,False,0.0,1.0,False,0.9958611939634595,0.9958611939634595,0.9593960560200374,0.5711365205211546,0.07186295910552615,0.1893491124260355,0.06801275239107332,0.10007818608287725,,,,,,,,,,
2026-02-18T19:47:09.191609,9,Tuning Config 5,federated,8,0.0005,512,adam,1e-05,5,1.0,FedProx,False,0.0,1.0,False,,,,,,0.1893491124260355,0.06801275239107332,0.10007818608287725,,,bank_A,0.5626489624404014,0.04062053072658626,0.9663735834310277,0.09454545454545454,0.0407843137254902,0.05698630136986301,0.9723824316263199
2026-02-18T19:47:09.191609,9,Tuning Config 5,federated,8,0.0005,512,adam,1e-05,5,1.0,FedProx,False,0.0,1.0,False,,,,,,0.1893491124260355,0.06801275239107332,0.10007818608287725,,,bank_B,0.5445021858841986,0.036428254834338716,0.9667063949512514,0.09289617486338798,0.0405727923627685,0.05647840531561462,0.9403039413690567
2026-02-18T19:47:09.191609,9,Tuning Config 5,federated,8,0.0005,512,adam,1e-05,5,1.0,FedProx,False,0.0,1.0,False,,,,,,0.1893491124260355,0.06801275239107332,0.10007818608287725,,,bank_C,0.5932850369586595,0.11204227230051028,0.9384048768097536,0.23809523809523808,0.05294659300184162,0.08662900188323917,1.091391297903928
2026-02-18T19:47:09.273012,9,Tuning Config 5,federated,9,0.0005,512,adam,1e-05,5,1.0,FedProx,False,0.0,1.0,False,1.026287847331592,1.026287847331592,0.960207429357604,0.5919619515975892,0.08583132759297252,0.2409972299168975,0.0924548352816153,0.1336405529953917,,,,,,,,,,
2026-02-18T19:47:09.273012,9,Tuning Config 5,federated,9,0.0005,512,adam,1e-05,5,1.0,FedProx,False,0.0,1.0,False,,,,,,0.2409972299168975,0.0924548352816153,0.1336405529953917,,,bank_A,0.5655382088713654,0.04366446738081878,0.9667057444314185,0.12035398230088495,0.05333333333333334,0.07391304347826087,1.0212490332126618
2026-02-18T19:47:09.273012,9,Tuning Config 5,federated,9,0.0005,512,adam,1e-05,5,1.0,FedProx,False,0.0,1.0,False,,,,,,0.2409972299168975,0.0924548352816153,0.1336405529953917,,,bank_B,0.5602671589853969,0.039380100172302965,0.9668236259549442,0.10126582278481013,0.04455051710421639,0.061878453038674036,0.9888112205266952
2026-02-18T19:47:09.273012,9,Tuning Config 5,federated,9,0.0005,512,adam,1e-05,5,1.0,FedProx,False,0.0,1.0,False,,,,,,0.2409972299168975,0.0924548352816153,0.1336405529953917,,,bank_C,0.6230479380809893,0.14280885724428496,0.939751079502159,0.3148148148148148,0.07826887661141804,0.12536873156342182,1.0827865352878323
2026-02-18T19:47:09.333989,9,Tuning Config 5,federated,10,0.0005,512,adam,1e-05,5,1.0,FedProx,False,0.0,1.0,False,0.7044166358453887,0.7044166358453887,0.9600310438494374,0.47629982124968884,0.07770267529021842,0.22727272727272727,0.08501594048884166,0.12374323279195669,,,,,,,,,,
2026-02-18T19:47:09.333989,9,Tuning Config 5,federated,10,0.0005,512,adam,1e-05,5,1.0,FedProx,False,0.0,1.0,False,,,,,,0.22727272727272727,0.08501594048884166,0.12374323279195669,,,bank_A,0.5493937618730489,0.041922735293267246,0.9666862055490426,0.11879432624113476,0.05254901960784314,0.07286568787384448,0.7128873789310455
2026-02-18T19:47:09.333989,9,Tuning Config 5,federated,10,0.0005,512,adam,1e-05,5,1.0,FedProx,False,0.0,1.0,False,,,,,,0.22727272727272727,0.08501594048884166,0.12374323279195669,,,bank_B,0.5399519122686212,0.03901995367160437,0.9669603954592525,0.08269230769230769,0.03420843277645187,0.04839617332583005,0.7098217457532883
2026-02-18T19:47:09.333989,9,Tuning Config 5,federated,10,0.0005,512,adam,1e-05,5,1.0,FedProx,False,0.0,1.0,False,,,,,,0.22727272727272727,0.08501594048884166,0.12374323279195669,,,bank_C,0.440152076286404,0.1287368681292534,0.9413766827533655,0.3862876254180602,0.106353591160221,0.16678700361010831,0.6852325084921601
2026-02-18T19:47:09.410441,9,Tuning Config 5,federated,11,0.0005,512,adam,1e-05,5,1.0,FedProx,False,0.0,1.0,False,0.8652841842600277,0.8652841842600277,0.9593255018167708,0.630875682644484,0.07467095980134167,0.18452380952380953,0.06588735387885228,0.0971025841816758,,,,,,,,,,
2026-02-18T19:47:09.410441,9,Tuning Config 5,federated,11,0.0005,512,adam,1e-05,5,1.0,FedProx,False,0.0,1.0,False,,,,,,0.18452380952380953,0.06588735387885228,0.0971025841816758,,,bank_A,0.5789988900479538,0.03993533610581771,0.9662563501367721,0.08608058608058608,0.03686274509803922,0.05161998901702362,0.8680221289396286
2026-02-18T19:47:09.410441,9,Tuning Config 5,federated,11,0.0005,512,adam,1e-05,5,1.0,FedProx,False,0.0,1.0,False,,,,,,0.18452380952380953,0.06588735387885228,0.0971025841816758,,,bank_B,0.563596284490851,0.03741916653125782,0.9666673179500205,0.08348794063079777,0.03579952267303103,0.05011135857461024,0.8439078372716904
2026-02-18T19:47:09.410441,9,Tuning Config 5,federated,11,0.0005,512,adam,1e-05,5,1.0,FedProx,False,0.0,1.0,False,,,,,,0.18452380952380953,0.06588735387885228,0.0971025841816758,,,bank_C,0.6385151588379224,0.12130917653749336,0.9390906781813564,0.2810077519379845,0.06675874769797421,0.10788690476190477,0.8945591449737549
2026-02-18T19:47:09.469535,9,Tuning Config 5,federated,12,0.0005,512,adam,1e-05,5,1.0,FedProx,False,0.0,1.0,False,0.901896561895098,0.901896561895098,0.9598193812396374,0.6021229711250273,0.08369124211896739,0.21714285714285714,0.08076514346439957,0.11773818745158791,,,,,,,,,,
2026-02-18T19:47:09.469535,9,Tuning Config 5,federated,12,0.0005,512,adam,1e-05,5,1.0,FedProx,False,0.0,1.0,False,,,,,,0.21714285714285714,0.08076514346439957,0.11773818745158791,,,bank_A,0.5690467967569756,0.04185275007022123,0.9664322000781556,0.0965391621129326,0.04156862745098039,0.0581140350877193,0.9064308673143386
2026-02-18T19:47:09.469535,9,Tuning Config 5,federated,12,0.0005,512,adam,1e-05,5,1.0,FedProx,False,0.0,1.0,False,,,,,,0.21714285714285714,0.08076514346439957,0.11773818745158791,,,bank_B,0.5566693195455023,0.03857278691818106,0.9668236259549442,0.10270270270270271,0.045346062052505964,0.06291390728476821,0.8784247636795044
2026-02-18T19:47:09.469535,9,Tuning Config 5,federated,12,0.0005,512,adam,1e-05,5,1.0,FedProx,False,0.0,1.0,False,,,,,,0.21714285714285714,0.08076514346439957,0.11773818745158791,,,bank_C,0.6237688326972964,0.1393489352795005,0.9396240792481585,0.308411214953271,0.07596685082872928,0.12190616919098633,0.9290153082315024
2026-02-18T19:47:09.524849,9,Tuning Config 5,federated,13,0.0005,512,adam,1e-05,5,1.0,FedProx,False,0.0,1.0,False,0.8037965233836856,0.8037965233836856,0.9595018873249374,0.6506471584873671,0.08219096626571175,0.19469026548672566,0.07013815090329437,0.103125,,,,,,,,,,
2026-02-18T19:47:09.524849,9,Tuning Config 5,federated,13,0.0005,512,adam,1e-05,5,1.0,FedProx,False,0.0,1.0,False,,,,,,0.19469026548672566,0.07013815090329437,0.103125,,,bank_A,0.5531062194640404,0.03662328968626032,0.9662368112543962,0.08287292817679558,0.03529411764705882,0.04950495049504951,0.7888174557685852
2026-02-18T19:47:09.524849,9,Tuning Config 5,federated,13,0.0005,512,adam,1e-05,5,1.0,FedProx,False,0.0,1.0,False,,,,,,0.19469026548672566,0.07013815090329437,0.103125,,,bank_B,0.5421564883635058,0.03543885451621681,0.9667259334518669,0.08395522388059702,0.03579952267303103,0.0501952035694367,0.7792909920215607
2026-02-18T19:47:09.524849,9,Tuning Config 5,federated,13,0.0005,512,adam,1e-05,5,1.0,FedProx,False,0.0,1.0,False,,,,,,0.19469026548672566,0.07013815090329437,0.103125,,,bank_C,0.7133501132806106,0.14323363778238252,0.9392176784353569,0.2829076620825147,0.06629834254143646,0.10742260350615442,0.8539114826685422
2026-02-18T19:47:09.603242,9,Tuning Config 5,federated,14,0.0005,512,adam,1e-05,5,1.0,FedProx,False,0.0,1.0,False,0.7780598008206913,0.7780598008206913,0.9627473806752037,0.6229954182872837,0.16591987323209426,0.3665893271461717,0.16790648246546228,0.2303206997084548,,,,,,,,,,
2026-02-18T19:47:09.603242,9,Tuning Config 5,federated,14,0.0005,512,adam,1e-05,5,1.0,FedProx,False,0.0,1.0,False,,,,,,0.3665893271461717,0.16790648246546228,0.2303206997084548,,,bank_A,0.563120147888832,0.057225782094837446,0.9674091441969519,0.17412935323383086,0.08235294117647059,0.11182108626198083,0.7614139169454575
2026-02-18T19:47:09.603242,9,Tuning Config 5,federated,14,0.0005,512,adam,1e-05,5,1.0,FedProx,False,0.0,1.0,False,,,,,,0.3665893271461717,0.16790648246546228,0.2303206997084548,,,bank_B,0.5532930579540567,0.05214237542363944,0.9678005509857174,0.17362270450751252,0.08273667462211615,0.11206896551724138,0.7534601956605911
2026-02-18T19:47:09.603242,9,Tuning Config 5,federated,14,0.0005,512,adam,1e-05,5,1.0,FedProx,False,0.0,1.0,False,,,,,,0.3665893271461717,0.16790648246546228,0.2303206997084548,,,bank_C,0.6782524632752687,0.26359675799698234,0.945745491490983,0.5231362467866324,0.18738489871086556,0.2759322033898305,0.8285464187721153
2026-02-18T19:47:09.659099,9,Tuning Config 5,federated,15,0.0005,512,adam,1e-05,5,1.0,FedProx,False,0.0,1.0,False,0.7858304658106395,0.7858304658106395,0.959995766747804,0.5772234265664576,0.08539326997484237,0.22507122507122507,0.08395324123273114,0.12229102167182662,,,,,,,,,,
2026-02-18T19:47:09.659099,9,Tuning Config 5,federated,15,0.0005,512,adam,1e-05,5,1.0,FedProx,False,0.0,1.0,False,,,,,,0.22507122507122507,0.08395324123273114,0.12229102167182662,,,bank_A,0.5543535069573365,0.040365351387748535,0.9663735834310277,0.09454545454545454,0.0407843137254902,0.05698630136986301,0.7916497480869293
2026-02-18T19:47:09.659099,9,Tuning Config 5,federated,15,0.0005,512,adam,1e-05,5,1.0,FedProx,False,0.0,1.0,False,,,,,,0.22507122507122507,0.08395324123273114,0.12229102167182662,,,bank_B,0.5464132609649405,0.037966264039077824,0.9668431644555597,0.10288808664259928,0.045346062052505964,0.06294864715626726,0.7819950687885284
2026-02-18T19:47:09.659099,9,Tuning Config 5,federated,15,0.0005,512,adam,1e-05,5,1.0,FedProx,False,0.0,1.0,False,,,,,,0.22507122507122507,0.08395324123273114,0.12229102167182662,,,bank_C,0.6125284451618569,0.15288551276340073,0.9409702819405639,0.3711864406779661,0.10082872928176796,0.15858073859522084,0.7866211765772336
2026-02-18T19:47:09.740278,9,Tuning Config 5,federated,16,0.0005,512,adam,1e-05,5,1.0,FedProx,False,0.0,1.0,False,0.6838683432766369,0.6838683432766369,0.9575969238367376,0.3207154308848803,0.02714123946019773,0.04529616724738676,0.01381509032943677,0.021172638436482084,,,,,,,,,,
2026-02-18T19:47:09.740278,9,Tuning Config 5,federated,16,0.0005,512,adam,1e-05,5,1.0,FedProx,False,0.0,1.0,False,,,,,,0.04529616724738676,0.01381509032943677,0.021172638436482084,,,bank_A,0.41395977848107485,0.021779761611243065,0.9655724892536147,0.023483365949119372,0.009411764705882352,0.013437849944008958,0.6830826687812805
2026-02-18T19:47:09.740278,9,Tuning Config 5,federated,16,0.0005,512,adam,1e-05,5,1.0,FedProx,False,0.0,1.0,False,,,,,,0.04529616724738676,0.01381509032943677,0.021172638436482084,,,bank_B,0.43784482405300607,0.02354997728367765,0.9659443934272484,0.023529411764705882,0.00954653937947494,0.013582342954159592,0.6873227286338807
2026-02-18T19:47:09.740278,9,Tuning Config 5,federated,16,0.0005,512,adam,1e-05,5,1.0,FedProx,False,0.0,1.0,False,,,,,,0.04529616724738676,0.01381509032943677,0.021172638436482084,,,bank_C,0.2651822245438451,0.04811200843764177,0.9368300736601474,0.1276595744680851,0.024861878453038673,0.04161849710982659,0.6736435866975164
2026-02-18T19:47:09.804448,9,Tuning Config 5,federated,17,0.0005,512,adam,1e-05,5,1.0,FedProx,False,0.0,1.0,False,0.6813682328377452,0.6813682328377452,0.9575616467351042,0.34321798875382986,0.026843714577437516,0.03873239436619718,0.011689691817215728,0.017959183673469388,,,,,,,,,,
2026-02-18T19:47:09.804448,9,Tuning Config 5,federated,17,0.0005,512,adam,1e-05,5,1.0,FedProx,False,0.0,1.0,False,,,,,,0.03873239436619718,0.011689691817215728,0.017959183673469388,,,bank_A,0.43865527246867086,0.02344341693685277,0.9655724892536147,0.023483365949119372,0.009411764705882352,0.013437849944008958,0.6830369400978088
2026-02-18T19:47:09.804448,9,Tuning Config 5,federated,17,0.0005,512,adam,1e-05,5,1.0,FedProx,False,0.0,1.0,False,,,,,,0.03873239436619718,0.011689691817215728,0.017959183673469388,,,bank_B,0.4581711934837851,0.025015824440438966,0.9659053164260175,0.021568627450980392,0.008750994431185362,0.01245048104131296,0.6887522196769714
2026-02-18T19:47:09.804448,9,Tuning Config 5,federated,17,0.0005,512,adam,1e-05,5,1.0,FedProx,False,0.0,1.0,False,,,,,,0.03873239436619718,0.011689691817215728,0.017959183673469388,,,bank_C,0.274492265866687,0.040458556655743265,0.9361696723393447,0.07481296758104738,0.013812154696132596,0.023319082782743878,0.6675981499932029
2026-02-18T19:47:09.886539,9,Tuning Config 5,federated,18,0.0005,512,adam,1e-05,5,1.0,FedProx,False,0.0,1.0,False,0.7638720380408424,0.7638720380408424,0.9617948989311038,0.6370448522989179,0.123517339532,0.32338308457711445,0.1381509032943677,0.193596425912137,,,,,,,,,,
2026-02-18T19:47:09.886539,9,Tuning Config 5,federated,18,0.0005,512,adam,1e-05,5,1.0,FedProx,False,0.0,1.0,False,,,,,,0.32338308457711445,0.1381509032943677,0.193596425912137,,,bank_A,0.5741616286630874,0.05757915775543749,0.9677999218444705,0.1987075928917609,0.09647058823529411,0.12988384371700107,0.7561688661575318
2026-02-18T19:47:09.886539,9,Tuning Config 5,federated,18,0.0005,512,adam,1e-05,5,1.0,FedProx,False,0.0,1.0,False,,,,,,0.32338308457711445,0.1381509032943677,0.193596425912137,,,bank_B,0.5656890518138087,0.051664904223789214,0.9676247044801782,0.1632996632996633,0.07716785998408911,0.10480821177741761,0.7524007099866867
2026-02-18T19:47:09.886539,9,Tuning Config 5,federated,18,0.0005,512,adam,1e-05,5,1.0,FedProx,False,0.0,1.0,False,,,,,,0.32338308457711445,0.1381509032943677,0.193596425912137,,,bank_C,0.6524925113302888,0.19667364778634533,0.9431546863093726,0.4505988023952096,0.13858195211786373,0.2119718309859155,0.7898816690816508
2026-02-18T19:47:09.948423,9,Tuning Config 5,federated,19,0.0005,512,adam,1e-05,5,1.0,FedProx,False,0.0,1.0,False,0.830165625682899,0.830165625682899,0.9605602003739373,0.5929017886121107,0.10140751190358252,0.25753424657534246,0.09989373007438895,0.1439509954058193,,,,,,,,,,
2026-02-18T19:47:09.948423,9,Tuning Config 5,federated,19,0.0005,512,adam,1e-05,5,1.0,FedProx,False,0.0,1.0,False,,,,,,0.25753424657534246,0.09989373007438895,0.1439509954058193,,,bank_A,0.5629129620789303,0.04876862218314045,0.9670183665494334,0.147008547008547,0.06745098039215686,0.09247311827956989,0.8234141802787781
2026-02-18T19:47:09.948423,9,Tuning Config 5,federated,19,0.0005,512,adam,1e-05,5,1.0,FedProx,False,0.0,1.0,False,,,,,,0.25753424657534246,0.09989373007438895,0.1439509954058193,,,bank_B,0.5502666917676683,0.04404151806270415,0.9672534729684844,0.1356521739130435,0.06205250596658711,0.0851528384279476,0.8090657699108124
2026-02-18T19:47:09.948423,9,Tuning Config 5,federated,19,0.0005,512,adam,1e-05,5,1.0,FedProx,False,0.0,1.0,False,,,,,,0.25753424657534246,0.09989373007438895,0.1439509954058193,,,bank_C,0.6149528871282314,0.16621069999160096,0.9403860807721616,0.345679012345679,0.09023941068139964,0.14311792625045638,0.8670871652565993
2026-02-18T19:47:10.032639,9,Tuning Config 5,federated,20,0.0005,512,adam,1e-05,5,1.0,FedProx,False,0.0,1.0,False,0.7056823457990374,0.7056823457990374,0.9579144177514376,0.413732636717155,0.03331594039946095,0.07142857142857142,0.022316684378320937,0.0340080971659919,,,,,,,,,,
2026-02-18T19:47:10.032639,9,Tuning Config 5,federated,20,0.0005,512,adam,1e-05,5,1.0,FedProx,False,0.0,1.0,False,,,,,,0.07142857142857142,0.022316684378320937,0.0340080971659919,,,bank_A,0.4838941282554501,0.02725671295311058,0.9658851113716296,0.04798464491362764,0.0196078431372549,0.02783964365256125,0.7082031643390656
2026-02-18T19:47:10.032639,9,Tuning Config 5,federated,20,0.0005,512,adam,1e-05,5,1.0,FedProx,False,0.0,1.0,False,,,,,,0.07142857142857142,0.022316684378320937,0.0340080971659919,,,bank_B,0.480335671079229,0.027168764358006296,0.9660616244309411,0.03667953667953668,0.015115354017501989,0.02140845070422535,0.708405932188034
2026-02-18T19:47:10.032639,9,Tuning Config 5,federated,20,0.0005,512,adam,1e-05,5,1.0,FedProx,False,0.0,1.0,False,,,,,,0.07142857142857142,0.022316684378320937,0.0340080971659919,,,bank_C,0.3575133175638565,0.0497837979953359,0.936753873507747,0.12142857142857143,0.023480662983425413,0.03935185185185185,0.7001664197290098
2026-02-18T19:47:10.095318,9,Tuning Config 5,federated,21,0.0005,512,adam,1e-05,5,1.0,FedProx,False,0.0,1.0,False,0.6949289164372853,0.6949289164372853,0.9576322009383709,0.3468218056612098,0.026939068683952117,0.04225352112676056,0.012752391073326248,0.019591836734693877,,,,,,,,,,
2026-02-18T19:47:10.095318,9,Tuning Config 5,federated,21,0.0005,512,adam,1e-05,5,1.0,FedProx,False,0.0,1.0,False,,,,,,0.04225352112676056,0.012752391073326248,0.019591836734693877,,,bank_A,0.4283492203814699,0.022696516044148116,0.9656311059007425,0.016,0.006274509803921568,0.009014084507042254,0.6926907366514206
2026-02-18T19:47:10.095318,9,Tuning Config 5,federated,21,0.0005,512,adam,1e-05,5,1.0,FedProx,False,0.0,1.0,False,,,,,,0.04225352112676056,0.012752391073326248,0.019591836734693877,,,bank_B,0.43926917681781635,0.023228386322143944,0.9659639319278639,0.021696252465483234,0.008750994431185362,0.012471655328798186,0.6945875346660614
2026-02-18T19:47:10.095318,9,Tuning Config 5,federated,21,0.0005,512,adam,1e-05,5,1.0,FedProx,False,0.0,1.0,False,,,,,,0.04225352112676056,0.012752391073326248,0.019591836734693877,,,bank_C,0.2770431094584483,0.04237146659958065,0.9367030734061468,0.10591133004926108,0.01979742173112339,0.03335919317300233,0.6949783385574043
2026-02-18T19:47:10.180078,9,Tuning Config 5,federated,22,0.0005,512,adam,1e-05,5,1.0,FedProx,False,0.0,1.0,False,0.7133878586547715,0.7133878586547715,0.9609835255935373,0.6304775872670901,0.11533635341048529,0.2776280323450135,0.10945802337938364,0.15701219512195122,,,,,,,,,,
2026-02-18T19:47:10.180078,9,Tuning Config 5,federated,22,0.0005,512,adam,1e-05,5,1.0,FedProx,False,0.0,1.0,False,,,,,,0.2776280323450135,0.10945802337938364,0.15701219512195122,,,bank_A,0.5353359068504668,0.04781210063750786,0.9669206721375537,0.13074204946996468,0.05803921568627451,0.08039109179793591,0.705818275809288
2026-02-18T19:47:10.180078,9,Tuning Config 5,federated,22,0.0005,512,adam,1e-05,5,1.0,FedProx,False,0.0,1.0,False,,,,,,0.2776280323450135,0.10945802337938364,0.15701219512195122,,,bank_B,0.5309462108737819,0.05899185678878295,0.9677223969832555,0.16694772344013492,0.07875894988066826,0.10702702702702703,0.7011399304866791
2026-02-18T19:47:10.180078,9,Tuning Config 5,federated,22,0.0005,512,adam,1e-05,5,1.0,FedProx,False,0.0,1.0,False,,,,,,0.2776280323450135,0.10945802337938364,0.15701219512195122,,,bank_C,0.6524928826447333,0.14532723810257542,0.9401066802133604,0.3327338129496403,0.08517495395948435,0.13563049853372433,0.7391344711378023
2026-02-18T19:47:10.238063,9,Tuning Config 5,federated,23,0.0005,512,adam,1e-05,5,1.0,FedProx,False,0.0,1.0,False,0.7027065924235752,0.7027065924235752,0.9576322009383709,0.37956555275445236,0.03255506401802759,0.04225352112676056,0.012752391073326248,0.019591836734693877,,,,,,,,,,
2026-02-18T19:47:10.238063,9,Tuning Config 5,federated,23,0.0005,512,adam,1e-05,5,1.0,FedProx,False,0.0,1.0,False,,,,,,0.04225352112676056,0.012752391073326248,0.019591836734693877,,,bank_A,0.4335071380721409,0.024342394940341624,0.9656506447831184,0.029239766081871343,0.011764705882352941,0.016778523489932886,0.6998853528499603
2026-02-18T19:47:10.238063,9,Tuning Config 5,federated,23,0.0005,512,adam,1e-05,5,1.0,FedProx,False,0.0,1.0,False,,,,,,0.04225352112676056,0.012752391073326248,0.019591836734693877,,,bank_B,0.4639359144913793,0.02679706316287319,0.9662179324358648,0.04961832061068702,0.020684168655529037,0.029197080291970802,0.6995783686637879
2026-02-18T19:47:10.238063,9,Tuning Config 5,federated,23,0.0005,512,adam,1e-05,5,1.0,FedProx,False,0.0,1.0,False,,,,,,0.04225352112676056,0.012752391073326248,0.019591836734693877,,,bank_C,0.30787413371102446,0.0428000366974629,0.9365252730505461,0.07969151670951156,0.01427255985267035,0.02420929324482624,0.7093502306318903
2026-02-18T19:47:10.324734,9,Tuning Config 5,federated,24,0.0005,512,adam,1e-05,5,1.0,FedProx,False,0.0,1.0,False,0.7173378520778247,0.7173378520778247,0.9619712844392705,0.6382727379678953,0.15816480106712338,0.3283208020050125,0.1392136025504782,0.19552238805970149,,,,,,,,,,
2026-02-18T19:47:10.324734,9,Tuning Config 5,federated,24,0.0005,512,adam,1e-05,5,1.0,FedProx,False,0.0,1.0,False,,,,,,0.3283208020050125,0.1392136025504782,0.19552238805970149,,,bank_A,0.5590038799208693,0.04776384827117233,0.9666080500195389,0.11387900355871886,0.05019607843137255,0.06967882416984214,0.7170807456970215
2026-02-18T19:47:10.324734,9,Tuning Config 5,federated,24,0.0005,512,adam,1e-05,5,1.0,FedProx,False,0.0,1.0,False,,,,,,0.3283208020050125,0.1392136025504782,0.19552238805970149,,,bank_B,0.5498551354144218,0.0521936741217065,0.9668627029561752,0.09724770642201835,0.042163882259347654,0.058823529411764705,0.7147396868467331
2026-02-18T19:47:10.324734,9,Tuning Config 5,federated,24,0.0005,512,adam,1e-05,5,1.0,FedProx,False,0.0,1.0,False,,,,,,0.3283208020050125,0.1392136025504782,0.19552238805970149,,,bank_C,0.6578949075164638,0.24557600177023486,0.9454406908813817,0.5158311345646438,0.18001841620626152,0.2668941979522184,0.7236098755489696
2026-02-18T19:47:10.388418,9,Tuning Config 5,federated,25,0.0005,512,adam,1e-05,5,1.0,FedProx,False,0.0,1.0,False,0.7525950744748116,0.7525950744748116,0.9588316223939041,0.6345366168256088,0.06669094424931178,0.14240506329113925,0.04782146652497343,0.07159904534606205,,,,,,,,,,
2026-02-18T19:47:10.388418,9,Tuning Config 5,federated,25,0.0005,512,adam,1e-05,5,1.0,FedProx,False,0.0,1.0,False,,,,,,0.14240506329113925,0.04782146652497343,0.07159904534606205,,,bank_A,0.5658038665621543,0.03577132552082649,0.9661586557248926,0.058027079303675046,0.023529411764705882,0.033482142857142856,0.7401847726106644
2026-02-18T19:47:10.388418,9,Tuning Config 5,federated,25,0.0005,512,adam,1e-05,5,1.0,FedProx,False,0.0,1.0,False,,,,,,0.14240506329113925,0.04782146652497343,0.07159904534606205,,,bank_B,0.567912399480464,0.03605169746495375,0.9665500869463277,0.06666666666666667,0.02784407319013524,0.03928170594837262,0.7313950306177139
2026-02-18T19:47:10.388418,9,Tuning Config 5,federated,25,0.0005,512,adam,1e-05,5,1.0,FedProx,False,0.0,1.0,False,,,,,,0.14240506329113925,0.04782146652497343,0.07159904534606205,,,bank_C,0.6441216356312152,0.09874657821984327,0.9375666751333502,0.18640350877192982,0.03913443830570902,0.06468797564687975,0.7955870891546274
2026-02-18T19:47:10.463079,9,Tuning Config 5,federated,26,0.0005,512,adam,1e-05,5,1.0,FedProx,False,0.0,1.0,False,0.7093465817826135,0.7093465817826135,0.9594313331216707,0.5971416895374881,0.08232618351635776,0.18618618618618618,0.06588735387885228,0.09733124018838304,,,,,,,,,,
2026-02-18T19:47:10.463079,9,Tuning Config 5,federated,26,0.0005,512,adam,1e-05,5,1.0,FedProx,False,0.0,1.0,False,,,,,,0.18618618618618618,0.06588735387885228,0.09733124018838304,,,bank_A,0.5604856364347162,0.042451444499698524,0.9662758890191481,0.07850467289719626,0.03294117647058824,0.04640883977900553,0.7100650793313981
2026-02-18T19:47:10.463079,9,Tuning Config 5,federated,26,0.0005,512,adam,1e-05,5,1.0,FedProx,False,0.0,1.0,False,,,,,,0.18618618618618618,0.06588735387885228,0.09733124018838304,,,bank_B,0.5457668607755547,0.0462560805258102,0.9671167034641761,0.11964285714285715,0.053301511535401754,0.07374793615850303,0.703776228427887
2026-02-18T19:47:10.463079,9,Tuning Config 5,federated,26,0.0005,512,adam,1e-05,5,1.0,FedProx,False,0.0,1.0,False,,,,,,0.18618618618618618,0.06588735387885228,0.09733124018838304,,,bank_C,0.6013131894257172,0.12398895458716976,0.9387096774193548,0.24843423799582465,0.05478821362799263,0.08977744247453791,0.7160729316921978
2026-02-18T19:47:10.517704,9,Tuning Config 5,federated,27,0.0005,512,adam,1e-05,5,1.0,FedProx,False,0.0,1.0,False,0.738920295877116,0.738920295877116,0.9590785621053374,0.5470300258489593,0.0619216083512298,0.1651376146788991,0.057385759829968117,0.08517350157728706,,,,,,,,,,
2026-02-18T19:47:10.517704,9,Tuning Config 5,federated,27,0.0005,512,adam,1e-05,5,1.0,FedProx,False,0.0,1.0,False,,,,,,0.1651376146788991,0.057385759829968117,0.08517350157728706,,,bank_A,0.5523068889713987,0.03812061280453833,0.9665103556076592,0.08030592734225621,0.03294117647058824,0.04671857619577308,0.7364355546236038
2026-02-18T19:47:10.517704,9,Tuning Config 5,federated,27,0.0005,512,adam,1e-05,5,1.0,FedProx,False,0.0,1.0,False,,,,,,0.1651376146788991,0.057385759829968117,0.08517350157728706,,,bank_B,0.5469221968386377,0.036644537189034425,0.9666282409487896,0.08623853211009175,0.03739061256961018,0.05216426193118757,0.729568258523941
2026-02-18T19:47:10.517704,9,Tuning Config 5,federated,27,0.0005,512,adam,1e-05,5,1.0,FedProx,False,0.0,1.0,False,,,,,,0.1651376146788991,0.057385759829968117,0.08517350157728706,,,bank_C,0.527982937259642,0.09290859074196825,0.9384556769113538,0.24335378323108384,0.05478821362799263,0.08944006012777152,0.753732531875759
2026-02-18T19:47:10.594611,9,Tuning Config 5,federated,28,0.0005,512,adam,1e-05,5,1.0,FedProx,False,0.0,1.0,False,0.7154071841921125,0.7154071841921125,0.9594313331216707,0.5861763168750018,0.08294933047453468,0.17846153846153845,0.061636556854410204,0.09162717219589257,,,,,,,,,,
2026-02-18T19:47:10.594611,9,Tuning Config 5,federated,28,0.0005,512,adam,1e-05,5,1.0,FedProx,False,0.0,1.0,False,,,,,,0.17846153846153845,0.061636556854410204,0.09162717219589257,,,bank_A,0.5746643799689999,0.04606532280442401,0.9664322000781556,0.09057301293900184,0.038431372549019606,0.053964757709251104,0.7131071412563323
2026-02-18T19:47:10.594611,9,Tuning Config 5,federated,28,0.0005,512,adam,1e-05,5,1.0,FedProx,False,0.0,1.0,False,,,,,,0.17846153846153845,0.061636556854410204,0.09162717219589257,,,bank_B,0.5644488612348686,0.05256616802686498,0.9675660889783319,0.15789473684210525,0.07398568019093078,0.10075839653304441,0.7074546015262604
2026-02-18T19:47:10.594611,9,Tuning Config 5,federated,28,0.0005,512,adam,1e-05,5,1.0,FedProx,False,0.0,1.0,False,,,,,,0.17846153846153845,0.061636556854410204,0.09162717219589257,,,bank_C,0.5896009045516913,0.11491975527848278,0.9378206756413513,0.2025862068965517,0.0432780847145488,0.07132018209408195,0.7273704734715548
2026-02-18T19:47:10.653344,9,Tuning Config 5,federated,29,0.0005,512,adam,1e-05,5,1.0,FedProx,False,0.0,1.0,False,0.7318863262023244,0.7318863262023244,0.9596077186298374,0.6235973405142633,0.08422269533289851,0.20348837209302326,0.07438894792773645,0.10894941634241245,,,,,,,,,,
2026-02-18T19:47:10.653344,9,Tuning Config 5,federated,29,0.0005,512,adam,1e-05,5,1.0,FedProx,False,0.0,1.0,False,,,,,,0.20348837209302326,0.07438894792773645,0.10894941634241245,,,bank_A,0.5770605955236517,0.03918886111921263,0.9661977334896444,0.08103130755064457,0.034509803921568626,0.0484048404840484,0.7298109340667724
2026-02-18T19:47:10.653344,9,Tuning Config 5,federated,29,0.0005,512,adam,1e-05,5,1.0,FedProx,False,0.0,1.0,False,,,,,,0.20348837209302326,0.07438894792773645,0.10894941634241245,,,bank_B,0.5625940689991985,0.038434527636589076,0.9666673179500205,0.08193668528864059,0.035003977724741446,0.04905239687848383,0.7243958097696305
2026-02-18T19:47:10.653344,9,Tuning Config 5,federated,29,0.0005,512,adam,1e-05,5,1.0,FedProx,False,0.0,1.0,False,,,,,,0.20348837209302326,0.07438894792773645,0.10894941634241245,,,bank_C,0.6133266165025804,0.12515555171284637,0.9393192786385572,0.29174664107485604,0.06998158379373849,0.11288525807649462,0.7457620640853783
2026-02-18T19:47:10.704481,9,Tuning Config 5,federated,30,0.0005,512,adam,1e-05,5,1.0,FedProx,False,0.0,1.0,False,0.6962670811585018,0.6962670811585018,0.9577380322432709,0.44342675568534023,0.04349828759733267,0.058419243986254296,0.018065887353878853,0.027597402597402596,,,,,,,,,,
2026-02-18T19:47:10.704481,9,Tuning Config 5,federated,30,0.0005,512,adam,1e-05,5,1.0,FedProx,False,0.0,1.0,False,,,,,,0.058419243986254296,0.018065887353878853,0.027597402597402596,,,bank_A,0.45584455170706695,0.02702373954341424,0.9660023446658851,0.06378986866791744,0.02666666666666667,0.03761061946902655,0.6933175241947174
2026-02-18T19:47:10.704481,9,Tuning Config 5,federated,30,0.0005,512,adam,1e-05,5,1.0,FedProx,False,0.0,1.0,False,,,,,,0.058419243986254296,0.018065887353878853,0.027597402597402596,,,bank_B,0.4723271974833728,0.030959298451230136,0.9665891639475587,0.08287292817679558,0.03579952267303103,0.05,0.6925234651565552
2026-02-18T19:47:10.704481,9,Tuning Config 5,federated,30,0.0005,512,adam,1e-05,5,1.0,FedProx,False,0.0,1.0,False,,,,,,0.058419243986254296,0.018065887353878853,0.027597402597402596,,,bank_C,0.39137746098549625,0.05864346525645916,0.9369316738633477,0.08086253369272237,0.013812154696132596,0.023594180102241447,0.7039027036010445
2026-02-18T19:47:10.776673,9,Tuning Config 5,federated,31,0.0005,512,adam,1e-05,5,1.0,FedProx,False,0.0,1.0,False,0.7019394827740533,0.7019394827740533,0.9578085864465375,0.5358480495943898,0.049488550166251075,0.05574912891986063,0.01700318809776833,0.026058631921824105,,,,,,,,,,
2026-02-18T19:47:10.776673,9,Tuning Config 5,federated,31,0.0005,512,adam,1e-05,5,1.0,FedProx,False,0.0,1.0,False,,,,,,0.05574912891986063,0.01700318809776833,0.026058631921824105,,,bank_A,0.4767559303853794,0.02757532106968421,0.9656506447831184,0.019880715705765408,0.00784313725490196,0.01124859392575928,0.6970694673061371
2026-02-18T19:47:10.776673,9,Tuning Config 5,federated,31,0.0005,512,adam,1e-05,5,1.0,FedProx,False,0.0,1.0,False,,,,,,0.05574912891986063,0.01700318809776833,0.026058631921824105,,,bank_B,0.49187619597061993,0.033472685271385964,0.9666282409487896,0.08623853211009175,0.03739061256961018,0.05216426193118757,0.6941013365983963
2026-02-18T19:47:10.776673,9,Tuning Config 5,federated,31,0.0005,512,adam,1e-05,5,1.0,FedProx,False,0.0,1.0,False,,,,,,0.05574912891986063,0.01700318809776833,0.026058631921824105,,,bank_C,0.5438711728991549,0.06883104233692725,0.9361950723901448,0.075,0.013812154696132596,0.02332814930015552,0.7193885979714332
2026-02-18T19:47:10.830088,9,Tuning Config 5,federated,32,0.0005,512,adam,1e-05,5,1.0,FedProx,False,0.0,1.0,False,0.7151255181857518,0.7151255181857518,0.9586199597841042,0.5593048304307185,0.05165265513037458,0.07352941176470588,0.021253985122210415,0.03297609233305853,,,,,,,,,,
2026-02-18T19:47:10.830088,9,Tuning Config 5,federated,32,0.0005,512,adam,1e-05,5,1.0,FedProx,False,0.0,1.0,False,,,,,,0.07352941176470588,0.021253985122210415,0.03297609233305853,,,bank_A,0.5250385300698778,0.03209375866931146,0.9658264947245018,0.04247104247104247,0.017254901960784313,0.024539877300613498,0.709608616232872
2026-02-18T19:47:10.830088,9,Tuning Config 5,federated,32,0.0005,512,adam,1e-05,5,1.0,FedProx,False,0.0,1.0,False,,,,,,0.07352941176470588,0.021253985122210415,0.03297609233305853,,,bank_B,0.544406646870148,0.03301871320183877,0.9665110099450969,0.04572564612326044,0.018297533810660304,0.026136363636363635,0.7087935817241668
2026-02-18T19:47:10.830088,9,Tuning Config 5,federated,32,0.0005,512,adam,1e-05,5,1.0,FedProx,False,0.0,1.0,False,,,,,,0.07352941176470588,0.021253985122210415,0.03297609233305853,,,bank_C,0.5160889125308922,0.0701299758480259,0.9370332740665481,0.14219114219114218,0.028084714548802948,0.04690503652441369,0.7318755643708366
2026-02-18T19:47:10.908607,9,Tuning Config 5,federated,33,0.0005,512,adam,1e-05,5,1.0,FedProx,False,0.0,1.0,False,0.7124912887811661,0.7124912887811661,0.9595018873249374,0.6990477662492828,0.11185296464117268,0.19648093841642228,0.07120085015940489,0.10452418096723869,,,,,,,,,,
2026-02-18T19:47:10.908607,9,Tuning Config 5,federated,33,0.0005,512,adam,1e-05,5,1.0,FedProx,False,0.0,1.0,False,,,,,,0.19648093841642228,0.07120085015940489,0.10452418096723869,,,bank_A,0.597166027216417,0.05466055139617787,0.9669206721375537,0.12274368231046931,0.05333333333333334,0.07435757244395845,0.7056695389747619
2026-02-18T19:47:10.908607,9,Tuning Config 5,federated,33,0.0005,512,adam,1e-05,5,1.0,FedProx,False,0.0,1.0,False,,,,,,0.19648093841642228,0.07120085015940489,0.10452418096723869,,,bank_B,0.5983909145720111,0.05637206140631257,0.9674293194740236,0.15017064846416384,0.07000795544948289,0.09549647314161692,0.7032008630037307
2026-02-18T19:47:10.908607,9,Tuning Config 5,federated,33,0.0005,512,adam,1e-05,5,1.0,FedProx,False,0.0,1.0,False,,,,,,0.19648093841642228,0.07120085015940489,0.10452418096723869,,,bank_C,0.7368412040113446,0.14295040913309914,0.938506477012954,0.24329896907216494,0.05432780847145488,0.08882197967632668,0.7338706665224843
2026-02-18T19:47:10.964371,9,Tuning Config 5,federated,34,0.0005,512,adam,1e-05,5,1.0,FedProx,False,0.0,1.0,False,0.6963771294270243,0.6963771294270243,0.9575616467351042,0.44694710692283846,0.03779142448160898,0.03214285714285714,0.009564293304994687,0.014742014742014743,,,,,,,,,,
2026-02-18T19:47:10.964371,9,Tuning Config 5,federated,34,0.0005,512,adam,1e-05,5,1.0,FedProx,False,0.0,1.0,False,,,,,,0.03214285714285714,0.009564293304994687,0.014742014742014743,,,bank_A,0.5308818126990302,0.03348326467038004,0.9661195779601407,0.028747433264887063,0.010980392156862745,0.015891032917139614,0.6942776453495025
2026-02-18T19:47:10.964371,9,Tuning Config 5,federated,34,0.0005,512,adam,1e-05,5,1.0,FedProx,False,0.0,1.0,False,,,,,,0.03214285714285714,0.009564293304994687,0.014742014742014743,,,bank_B,0.5292987664240896,0.033471358963163486,0.9660811629315567,0.038535645472061654,0.015910898965791568,0.02252252252252252,0.6923922747373581
2026-02-18T19:47:10.964371,9,Tuning Config 5,federated,34,0.0005,512,adam,1e-05,5,1.0,FedProx,False,0.0,1.0,False,,,,,,0.03214285714285714,0.009564293304994687,0.014742014742014743,,,bank_C,0.3577294287589671,0.046965272162859804,0.9360680721361443,0.05194805194805195,0.009208103130755065,0.01564333202972233,0.7042488509958441
2026-02-18T19:47:11.047298,9,Tuning Config 5,federated,35,0.0005,512,adam,1e-05,5,1.0,FedProx,False,0.0,1.0,False,0.6979657411575317,0.6979657411575317,0.9583730200726708,0.44376244084407,0.03967074380426699,0.045627376425855515,0.012752391073326248,0.019933554817275746,,,,,,,,,,
2026-02-18T19:47:11.047298,9,Tuning Config 5,federated,35,0.0005,512,adam,1e-05,5,1.0,FedProx,False,0.0,1.0,False,,,,,,0.045627376425855515,0.012752391073326248,0.019933554817275746,,,bank_A,0.5151725611996126,0.031682426916600344,0.9658264947245018,0.04247104247104247,0.017254901960784313,0.024539877300613498,0.6971795922517776
2026-02-18T19:47:11.047298,9,Tuning Config 5,federated,35,0.0005,512,adam,1e-05,5,1.0,FedProx,False,0.0,1.0,False,,,,,,0.045627376425855515,0.012752391073326248,0.019933554817275746,,,bank_B,0.5300325548134676,0.03475254117800656,0.9664914714444813,0.06628787878787878,0.02784407319013524,0.0392156862745098,0.6943655079603195
2026-02-18T19:47:11.047298,9,Tuning Config 5,federated,35,0.0005,512,adam,1e-05,5,1.0,FedProx,False,0.0,1.0,False,,,,,,0.045627376425855515,0.012752391073326248,0.019933554817275746,,,bank_C,0.36495718199863614,0.04967383545631893,0.9360426720853442,0.06313131313131314,0.01151012891344383,0.019470404984423675,0.7032080199811366
2026-02-18T19:47:11.106189,9,Tuning Config 5,federated,36,0.0005,512,adam,1e-05,5,1.0,FedProx,False,0.0,1.0,False,0.7233709384288106,0.7233709384288106,0.9581613574628709,0.5011985515090399,0.044733759259991575,0.09302325581395349,0.02975557917109458,0.04508856682769726,,,,,,,,,,
2026-02-18T19:47:11.106189,9,Tuning Config 5,federated,36,0.0005,512,adam,1e-05,5,1.0,FedProx,False,0.0,1.0,False,,,,,,0.09302325581395349,0.02975557917109458,0.04508856682769726,,,bank_A,0.5591211772956854,0.03545832621099096,0.966041422430637,0.06566604127579738,0.027450980392156862,0.03871681415929203,0.7213520681858063
2026-02-18T19:47:11.106189,9,Tuning Config 5,federated,36,0.0005,512,adam,1e-05,5,1.0,FedProx,False,0.0,1.0,False,,,,,,0.09302325581395349,0.02975557917109458,0.04508856682769726,,,bank_B,0.5629699625531046,0.03494765906094232,0.9662765479377112,0.04990403071017274,0.020684168655529037,0.02924634420697413,0.7175557410717011
2026-02-18T19:47:11.106189,9,Tuning Config 5,federated,36,0.0005,512,adam,1e-05,5,1.0,FedProx,False,0.0,1.0,False,,,,,,0.09302325581395349,0.02975557917109458,0.04508856682769726,,,bank_C,0.41458813504795455,0.055128316007911786,0.9365252730505461,0.09828009828009827,0.01841620626151013,0.031019775106630478,0.7338951369384666
2026-02-18T19:47:11.190590,9,Tuning Config 5,federated,37,0.0005,512,adam,1e-05,5,1.0,FedProx,False,0.0,1.0,False,0.7038731500506401,0.7038731500506401,0.9577380322432709,0.46034081679485156,0.04051691525556198,0.05536332179930796,0.01700318809776833,0.026016260162601626,,,,,,,,,,
2026-02-18T19:47:11.190590,9,Tuning Config 5,federated,37,0.0005,512,adam,1e-05,5,1.0,FedProx,False,0.0,1.0,False,,,,,,0.05536332179930796,0.01700318809776833,0.026016260162601626,,,bank_A,0.4991732527095599,0.030463327302969065,0.9661781946072685,0.07303370786516854,0.03058823529411765,0.04311774461028192,0.6999095660448075
2026-02-18T19:47:11.190590,9,Tuning Config 5,federated,37,0.0005,512,adam,1e-05,5,1.0,FedProx,False,0.0,1.0,False,,,,,,0.05536332179930796,0.01700318809776833,0.026016260162601626,,,bank_B,0.5269541365564598,0.03322567009864686,0.9665305484457123,0.06981132075471698,0.0294351630867144,0.04141018466703973,0.6987587666511536
2026-02-18T19:47:11.190590,9,Tuning Config 5,federated,37,0.0005,512,adam,1e-05,5,1.0,FedProx,False,0.0,1.0,False,,,,,,0.05536332179930796,0.01700318809776833,0.026016260162601626,,,bank_C,0.3755995552445096,0.049236202942378016,0.936499872999746,0.07948717948717948,0.01427255985267035,0.02419984387197502,0.714446045361556
2026-02-18T19:47:11.251553,9,Tuning Config 5,federated,38,0.0005,512,adam,1e-05,5,1.0,FedProx,False,0.0,1.0,False,0.7276452566896167,0.7276452566896167,0.9585141284792041,0.6121158378638744,0.05665133365393994,0.07272727272727272,0.021253985122210415,0.03289473684210526,,,,,,,,,,
2026-02-18T19:47:11.251553,9,Tuning Config 5,federated,38,0.0005,512,adam,1e-05,5,1.0,FedProx,False,0.0,1.0,False,,,,,,0.07272727272727272,0.021253985122210415,0.03289473684210526,,,bank_A,0.564378562405826,0.034751309041522,0.9658655724892536,0.04789272030651341,0.0196078431372549,0.027824151363383415,0.7169997447729111
2026-02-18T19:47:11.251553,9,Tuning Config 5,federated,38,0.0005,512,adam,1e-05,5,1.0,FedProx,False,0.0,1.0,False,,,,,,0.07272727272727272,0.021253985122210415,0.03289473684210526,,,bank_B,0.5722158301142796,0.034388988193529486,0.9661007014321721,0.03861003861003861,0.015910898965791568,0.022535211267605635,0.7147747141122818
2026-02-18T19:47:11.251553,9,Tuning Config 5,federated,38,0.0005,512,adam,1e-05,5,1.0,FedProx,False,0.0,1.0,False,,,,,,0.07272727272727272,0.021253985122210415,0.03289473684210526,,,bank_C,0.6136953131799695,0.08141412849269428,0.9360934721869444,0.06565656565656566,0.011970534069981584,0.020249221183800622,0.7572489318909583
2026-02-18T19:47:11.330611,9,Tuning Config 5,federated,39,0.0005,512,adam,1e-05,5,1.0,FedProx,False,0.0,1.0,False,0.7199543757098061,0.7199543757098061,0.9577733093449042,0.5930765139586783,0.055842495424038074,0.05862068965517241,0.018065887353878853,0.02761982128350934,,,,,,,,,,
2026-02-18T19:47:11.330611,9,Tuning Config 5,federated,39,0.0005,512,adam,1e-05,5,1.0,FedProx,False,0.0,1.0,False,,,,,,0.05862068965517241,0.018065887353878853,0.02761982128350934,,,bank_A,0.5425097253408928,0.034306247530407945,0.9659828057835091,0.051923076923076926,0.021176470588235293,0.030083565459610027,0.7108622634410858
2026-02-18T19:47:11.330611,9,Tuning Config 5,federated,39,0.0005,512,adam,1e-05,5,1.0,FedProx,False,0.0,1.0,False,,,,,,0.05862068965517241,0.018065887353878853,0.02761982128350934,,,bank_B,0.5534583370223137,0.03500897764848725,0.9660225474297103,0.03294573643410853,0.013524264120922832,0.019176536943034405,0.7085326606035233
2026-02-18T19:47:11.330611,9,Tuning Config 5,federated,39,0.0005,512,adam,1e-05,5,1.0,FedProx,False,0.0,1.0,False,,,,,,0.05862068965517241,0.018065887353878853,0.02761982128350934,,,bank_C,0.5891168280993344,0.0777162780669274,0.9358902717805435,0.03926701570680628,0.006906077348066298,0.011746280344557557,0.7459439023748621
2026-02-18T19:47:11.389749,9,Tuning Config 5,federated,40,0.0005,512,adam,1e-05,5,1.0,FedProx,False,0.0,1.0,False,0.7070996537804604,0.7070996537804604,0.9601368751543373,0.6189037392077241,0.0968315577359154,0.23529411764705882,0.08926673751328375,0.12942989214175654,,,,,,,,,,
2026-02-18T19:47:11.389749,9,Tuning Config 5,federated,40,0.0005,512,adam,1e-05,5,1.0,FedProx,False,0.0,1.0,False,,,,,,0.23529411764705882,0.08926673751328375,0.12942989214175654,,,bank_A,0.5384178409566411,0.039286126838528876,0.9663149667838999,0.060665362035225046,0.02431372549019608,0.03471444568868981,0.7044624298810959
2026-02-18T19:47:11.389749,9,Tuning Config 5,federated,40,0.0005,512,adam,1e-05,5,1.0,FedProx,False,0.0,1.0,False,,,,,,0.23529411764705882,0.08926673751328375,0.12942989214175654,,,bank_B,0.5497132331677164,0.045840684484153016,0.9673902424727926,0.14726027397260275,0.06841686555290374,0.09342748506246605,0.7014220255613327
2026-02-18T19:47:11.389749,9,Tuning Config 5,federated,40,0.0005,512,adam,1e-05,5,1.0,FedProx,False,0.0,1.0,False,,,,,,0.23529411764705882,0.08926673751328375,0.12942989214175654,,,bank_C,0.6615419208561579,0.1440515465657931,0.9386334772669546,0.25,0.056169429097605895,0.09172932330827067,0.7187931073176397
2026-02-18T19:47:11.468134,9,Tuning Config 5,federated,41,0.0005,512,adam,1e-05,5,1.0,FedProx,False,0.0,1.0,False,0.7113240861466953,0.7113240861466953,0.9625004409637704,0.7078690890698321,0.1746857790435137,0.3568075117370892,0.16153028692879914,0.22238478419897587,,,,,,,,,,
2026-02-18T19:47:11.468134,9,Tuning Config 5,federated,41,0.0005,512,adam,1e-05,5,1.0,FedProx,False,0.0,1.0,False,,,,,,0.3568075117370892,0.16153028692879914,0.22238478419897587,,,bank_A,0.6156315116368158,0.0640763175325561,0.9677413051973427,0.19480519480519481,0.09411764705882353,0.12691697514542571,0.7105956900119782
2026-02-18T19:47:11.468134,9,Tuning Config 5,federated,41,0.0005,512,adam,1e-05,5,1.0,FedProx,False,0.0,1.0,False,,,,,,0.3568075117370892,0.16153028692879914,0.22238478419897587,,,bank_B,0.6090663217796699,0.06749531658740825,0.9677223969832555,0.1713810316139767,0.08194112967382657,0.1108719052744887,0.7061487668752671
2026-02-18T19:47:11.468134,9,Tuning Config 5,federated,41,0.0005,512,adam,1e-05,5,1.0,FedProx,False,0.0,1.0,False,,,,,,0.3568075117370892,0.16153028692879914,0.22238478419897587,,,bank_C,0.7673917868413489,0.26635608469878813,0.9440690881381762,0.4788135593220339,0.15607734806629833,0.23541666666666666,0.7202663715783651
2026-02-18T19:47:11.523505,9,Tuning Config 5,federated,42,0.0005,512,adam,1e-05,5,1.0,FedProx,False,0.0,1.0,False,0.6987052762082645,0.6987052762082645,0.9598546583412707,0.6269521369654387,0.11293830431777174,0.2177650429799427,0.08076514346439957,0.11782945736434108,,,,,,,,,,
2026-02-18T19:47:11.523505,9,Tuning Config 5,federated,42,0.0005,512,adam,1e-05,5,1.0,FedProx,False,0.0,1.0,False,,,,,,0.2177650429799427,0.08076514346439957,0.11782945736434108,,,bank_A,0.534725555025136,0.041614348839337664,0.9666471277842907,0.11837455830388692,0.05254901960784314,0.07278652906029331,0.6964830100536347
2026-02-18T19:47:11.523505,9,Tuning Config 5,federated,42,0.0005,512,adam,1e-05,5,1.0,FedProx,False,0.0,1.0,False,,,,,,0.2177650429799427,0.08076514346439957,0.11782945736434108,,,bank_B,0.5467233982447273,0.05577258624375678,0.9678787049881792,0.18330605564648117,0.08910103420843278,0.11991434689507495,0.6938952529430389
2026-02-18T19:47:11.523505,9,Tuning Config 5,federated,42,0.0005,512,adam,1e-05,5,1.0,FedProx,False,0.0,1.0,False,,,,,,0.2177650429799427,0.08076514346439957,0.11782945736434108,,,bank_C,0.6680324787754188,0.17496282699623672,0.940513081026162,0.3503521126760563,0.0916206261510129,0.14525547445255474,0.7091006474061445
2026-02-18T19:47:11.607217,9,Tuning Config 5,federated,43,0.0005,512,adam,1e-05,5,1.0,FedProx,False,0.0,1.0,False,0.7020252368279866,0.7020252368279866,0.9585494055808375,0.5407104434960486,0.06236927257438506,0.125,0.04144527098831031,0.06225059856344772,,,,,,,,,,
2026-02-18T19:47:11.607217,9,Tuning Config 5,federated,43,0.0005,512,adam,1e-05,5,1.0,FedProx,False,0.0,1.0,False,,,,,,0.125,0.04144527098831031,0.06225059856344772,,,bank_A,0.5306021440737402,0.041713743637334835,0.9666471277842907,0.11565836298932385,0.050980392156862744,0.07076755579749591,0.6966317617893218
2026-02-18T19:47:11.607217,9,Tuning Config 5,federated,43,0.0005,512,adam,1e-05,5,1.0,FedProx,False,0.0,1.0,False,,,,,,0.125,0.04144527098831031,0.06225059856344772,,,bank_B,0.5373649331231682,0.05489094244568568,0.9681717824974112,0.19407894736842105,0.09387430389817025,0.12654155495978553,0.6952002310752868
2026-02-18T19:47:11.607217,9,Tuning Config 5,federated,43,0.0005,512,adam,1e-05,5,1.0,FedProx,False,0.0,1.0,False,,,,,,0.125,0.04144527098831031,0.06225059856344772,,,bank_C,0.5052195918967108,0.07770100484595935,0.9373634747269495,0.15813953488372093,0.03130755064456722,0.05226748654880861,0.7191111786024911
2026-02-18T19:47:11.669379,9,Tuning Config 5,federated,44,0.0005,512,adam,1e-05,5,1.0,FedProx,False,0.0,1.0,False,0.7000715902873448,0.7000715902873448,0.9582319116661375,0.48181733826059336,0.05205278520118723,0.08813559322033898,0.02763018065887354,0.042071197411003236,,,,,,,,,,
2026-02-18T19:47:11.669379,9,Tuning Config 5,federated,44,0.0005,512,adam,1e-05,5,1.0,FedProx,False,0.0,1.0,False,,,,,,0.08813559322033898,0.02763018065887354,0.042071197411003236,,,bank_A,0.5215541764646947,0.0343458417500374,0.9664126611957796,0.05776892430278884,0.022745098039215685,0.032639279684862126,0.7002876621484756
2026-02-18T19:47:11.669379,9,Tuning Config 5,federated,44,0.0005,512,adam,1e-05,5,1.0,FedProx,False,0.0,1.0,False,,,,,,0.08813559322033898,0.02763018065887354,0.042071197411003236,,,bank_B,0.5469718347385241,0.042987979506641856,0.9669994724604833,0.11151079136690648,0.049323786793953855,0.06839492553778267,0.6968655556440353
2026-02-18T19:47:11.669379,9,Tuning Config 5,federated,44,0.0005,512,adam,1e-05,5,1.0,FedProx,False,0.0,1.0,False,,,,,,0.08813559322033898,0.02763018065887354,0.042071197411003236,,,bank_C,0.4307058058825516,0.07055555358589545,0.9366268732537465,0.11270983213429256,0.0216390423572744,0.03630745461568173,0.7044523637016098
2026-02-18T19:47:11.748129,9,Tuning Config 5,federated,45,0.0005,512,adam,1e-05,5,1.0,FedProx,False,0.0,1.0,False,0.7082027260746274,0.7082027260746274,0.9608776942886372,0.633944640681939,0.12517538459826177,0.27419354838709675,0.10839532412327312,0.15536938309215537,,,,,,,,,,
2026-02-18T19:47:11.748129,9,Tuning Config 5,federated,45,0.0005,512,adam,1e-05,5,1.0,FedProx,False,0.0,1.0,False,,,,,,0.27419354838709675,0.10839532412327312,0.15536938309215537,,,bank_A,0.608157955016492,0.06293623839437429,0.9670183665494334,0.14335060449050085,0.06509803921568627,0.0895361380798274,0.713008776307106
2026-02-18T19:47:11.748129,9,Tuning Config 5,federated,45,0.0005,512,adam,1e-05,5,1.0,FedProx,False,0.0,1.0,False,,,,,,0.27419354838709675,0.10839532412327312,0.15536938309215537,,,bank_B,0.5936255407344064,0.06102067870430701,0.9673511654715617,0.140625,0.06443914081145585,0.088379705400982,0.7086817526817322
2026-02-18T19:47:11.748129,9,Tuning Config 5,federated,45,0.0005,512,adam,1e-05,5,1.0,FedProx,False,0.0,1.0,False,,,,,,0.27419354838709675,0.10839532412327312,0.15536938309215537,,,bank_C,0.6005661666496852,0.18246720281209033,0.9417830835661671,0.4032258064516129,0.1151012891344383,0.17908309455587393,0.7040180014325427
2026-02-18T19:47:11.808558,9,Tuning Config 5,federated,46,0.0005,512,adam,1e-05,5,1.0,FedProx,False,0.0,1.0,False,0.6961815346564565,0.6961815346564565,0.9617596218294705,0.6307271699775169,0.17115309071528817,0.3142857142857143,0.12858660998937302,0.18250377073906485,,,,,,,,,,
2026-02-18T19:47:11.808558,9,Tuning Config 5,federated,46,0.0005,512,adam,1e-05,5,1.0,FedProx,False,0.0,1.0,False,,,,,,0.3142857142857143,0.12858660998937302,0.18250377073906485,,,bank_A,0.5952571925874848,0.07430738326985259,0.9674872997264556,0.16407599309153714,0.07450980392156863,0.10248112189859762,0.6992079323530197
2026-02-18T19:47:11.808558,9,Tuning Config 5,federated,46,0.0005,512,adam,1e-05,5,1.0,FedProx,False,0.0,1.0,False,,,,,,0.3142857142857143,0.12858660998937302,0.18250377073906485,,,bank_B,0.5878076521977686,0.09671690724505301,0.9688165530177214,0.23802163833075735,0.12251392203659507,0.16176470588235295,0.6946089911460877
2026-02-18T19:47:11.808558,9,Tuning Config 5,federated,46,0.0005,512,adam,1e-05,5,1.0,FedProx,False,0.0,1.0,False,,,,,,0.3142857142857143,0.12858660998937302,0.18250377073906485,,,bank_C,0.6527861220384826,0.2498019774865457,0.9437642875285751,0.4694767441860465,0.1487108655616943,0.22587412587412586,0.6961674899249882
2026-02-18T19:47:11.880320,9,Tuning Config 5,federated,47,0.0005,512,adam,1e-05,5,1.0,FedProx,False,0.0,1.0,False,0.6984970931495939,0.6984970931495939,0.9585141284792041,0.5663102078300998,0.06633273795451317,0.1016949152542373,0.031880977683315624,0.04854368932038835,,,,,,,,,,
2026-02-18T19:47:11.880320,9,Tuning Config 5,federated,47,0.0005,512,adam,1e-05,5,1.0,FedProx,False,0.0,1.0,False,,,,,,0.1016949152542373,0.031880977683315624,0.04854368932038835,,,bank_A,0.5472181301335282,0.038766709504645176,0.9661781946072685,0.06818181818181818,0.02823529411764706,0.03993344425956739,0.6973105579614639
2026-02-18T19:47:11.880320,9,Tuning Config 5,federated,47,0.0005,512,adam,1e-05,5,1.0,FedProx,False,0.0,1.0,False,,,,,,0.1016949152542373,0.031880977683315624,0.04854368932038835,,,bank_B,0.5564027010793877,0.048080704250822975,0.9671362419647916,0.12389380530973451,0.05568814638027048,0.07683863885839737,0.6945390832424164
2026-02-18T19:47:11.880320,9,Tuning Config 5,federated,47,0.0005,512,adam,1e-05,5,1.0,FedProx,False,0.0,1.0,False,,,,,,0.1016949152542373,0.031880977683315624,0.04854368932038835,,,bank_C,0.5432150726533644,0.08803354918282078,0.9369570739141478,0.1378504672897196,0.02716390423572744,0.045384615384615384,0.7060722491957925
2026-02-18T19:47:11.966584,9,Tuning Config 5,federated,48,0.0005,512,adam,1e-05,5,1.0,FedProx,False,0.0,1.0,False,0.7015172849808421,0.7015172849808421,0.9607013087804706,0.69317725052722,0.13593993226013662,0.26430517711171664,0.1030818278427205,0.14831804281345565,,,,,,,,,,
2026-02-18T19:47:11.966584,9,Tuning Config 5,federated,48,0.0005,512,adam,1e-05,5,1.0,FedProx,False,0.0,1.0,False,,,,,,0.26430517711171664,0.1030818278427205,0.14831804281345565,,,bank_A,0.616619176435227,0.05797220129221446,0.9664712778429074,0.09392265193370165,0.04,0.056105610561056105,0.7025244724750519
2026-02-18T19:47:11.966584,9,Tuning Config 5,federated,48,0.0005,512,adam,1e-05,5,1.0,FedProx,False,0.0,1.0,False,,,,,,0.26430517711171664,0.1030818278427205,0.14831804281345565,,,bank_B,0.6059472291279722,0.0647432912658275,0.9676442429807937,0.16013628620102216,0.07478122513922036,0.1019522776572668,0.6968895000219345
2026-02-18T19:47:11.966584,9,Tuning Config 5,federated,48,0.0005,512,adam,1e-05,5,1.0,FedProx,False,0.0,1.0,False,,,,,,0.26430517711171664,0.1030818278427205,0.14831804281345565,,,bank_C,0.7193385302998033,0.19318972787967598,0.9400558801117602,0.3284671532846715,0.08287292817679558,0.1323529411764706,0.7074015063124818
2026-02-18T19:47:12.036733,9,Tuning Config 5,federated,49,0.0005,512,adam,1e-05,5,1.0,FedProx,False,0.0,1.0,False,0.6932651879531997,0.6932651879531997,0.9593607789184041,0.5664162218330993,0.08723601754993623,0.16507936507936508,0.05526036131774708,0.08280254777070063,,,,,,,,,,
2026-02-18T19:47:12.036733,9,Tuning Config 5,federated,49,0.0005,512,adam,1e-05,5,1.0,FedProx,False,0.0,1.0,False,,,,,,0.16507936507936508,0.05526036131774708,0.08280254777070063,,,bank_A,0.5580638664442834,0.04196814980181489,0.9661586557248926,0.06805293005671077,0.02823529411764706,0.03991130820399113,0.6953314036130905
2026-02-18T19:47:12.036733,9,Tuning Config 5,federated,49,0.0005,512,adam,1e-05,5,1.0,FedProx,False,0.0,1.0,False,,,,,,0.16507936507936508,0.05526036131774708,0.08280254777070063,,,bank_B,0.5481285252868369,0.04940311386839686,0.967448857974639,0.15280135823429541,0.07159904534606205,0.09750812567713976,0.6932764595746994
2026-02-18T19:47:12.036733,9,Tuning Config 5,federated,49,0.0005,512,adam,1e-05,5,1.0,FedProx,False,0.0,1.0,False,,,,,,0.16507936507936508,0.05526036131774708,0.08280254777070063,,,bank_C,0.5393826558230967,0.12465502855060481,0.9389128778257556,0.2702169625246548,0.0630755064456722,0.1022769690182904,0.6921990931808174
2026-02-18T19:47:12.124206,9,Tuning Config 5,federated,50,0.0005,512,adam,1e-05,5,1.0,FedProx,False,0.0,1.0,False,0.6977064588240215,0.6977064588240215,0.9596429957314707,0.5853688422596167,0.09869858469362514,0.20408163265306123,0.07438894792773645,0.10903426791277258,,,,,,,,,,
2026-02-18T19:47:12.124206,9,Tuning Config 5,federated,50,0.0005,512,adam,1e-05,5,1.0,FedProx,False,0.0,1.0,False,,,,,,0.20408163265306123,0.07438894792773645,0.10903426791277258,,,bank_A,0.588769383397082,0.04759717782833499,0.9663149667838999,0.09107468123861566,0.0392156862745098,0.05482456140350877,0.6987800216674804
2026-02-18T19:47:12.124206,9,Tuning Config 5,federated,50,0.0005,512,adam,1e-05,5,1.0,FedProx,False,0.0,1.0,False,,,,,,0.20408163265306123,0.07438894792773645,0.10903426791277258,,,bank_B,0.5796111760520382,0.048102022740316254,0.966686856450636,0.08671586715867159,0.03739061256961018,0.05225125069483046,0.6973877841234207
2026-02-18T19:47:12.124206,9,Tuning Config 5,federated,50,0.0005,512,adam,1e-05,5,1.0,FedProx,False,0.0,1.0,False,,,,,,0.20408163265306123,0.07438894792773645,0.10903426791277258,,,bank_C,0.5115057535915761,0.141453222457703,0.9405892811785623,0.35376532399299476,0.09300184162062615,0.14728399562522784,0.6982693463176876
